source_id,name_en,brand,category,market_country,barcode,barcode_gtin14,gtin_recovered_missing_leading_zero,serving_g,energy_kcal_100g,trade_channels,publication_date,modified_date,discontinued_date,discontinuation_status,source_url
USDA-FDC-2219929,"Campbell's Slow Kettle Style Bold Beef Chili with Pinto Beans and Jalapenos, 15.5 Ounce Microwavable Bowl",CAMPBELL SOUP COMPANY,Prepared Soups,United States,051000231840,00051000231840,0,440,102,GROCERY,2022-02-10,2021-11-29,,UNKNOWN,https://fdc.nal.usda.gov/fdc-app.html#/food-details/2219929/nutrients
USDA-FDC-2219933,"Campbell'sSlow Kettle Style White Chicken Chili with Beans, Roasted Poblano Peppers & White Meat Chicken, 15.5 oz. Tub",CAMPBELL SOUP COMPANY,Prepared Soups,United States,051000232694,00051000232694,0,440,45,GROCERY,2022-02-10,2021-11-30,,UNKNOWN,https://fdc.nal.usda.gov/fdc-app.html#/food-details/2219933/nutrients
USDA-FDC-2235231,PLM M4 STRAW BAN GRKYOG KALE 4PK 16OZ,CAMPBELL SOUP COMPANY,Yogurt/Yogurt Substitutes,United States,846675007667,00846675007667,0,113,62,GROCERY,2022-04-01,2021-09-11,,UNKNOWN,https://fdc.nal.usda.gov/fdc-app.html#/food-details/2235231/nutrients
USDA-FDC-2235273,PLM M4 SWPOT BAN GRKYOG 3.75OZ,CAMPBELL SOUP COMPANY,Yogurt/Yogurt Substitutes,United States,846675012548,00846675012548,0,106,75,GROCERY,2022-04-01,2021-09-11,,UNKNOWN,https://fdc.nal.usda.gov/fdc-app.html#/food-details/2235273/nutrients
USDA-FDC-2235943,"Plum Organics Mighty Morning Banana, Blueberry, Oat, Quinoa 3.17oz (Pack of 4)",CAMPBELL SOUP COMPANY,Fruit Prepared/Processed,United States,846675001436,00846675001436,0,90,78,GROCERY,2022-04-01,2021-11-09,,UNKNOWN,https://fdc.nal.usda.gov/fdc-app.html#/food-details/2235943/nutrients
USDA-FDC-2235974,"Plum Organics Mighty 4 Blends Banana, Peach, Pumpkin, Carrot, Greek Yogurt & Oat, 4oz",CAMPBELL SOUP COMPANY,Yogurt/Yogurt Substitutes,United States,846675005335,00846675005335,0,113,62,GROCERY,2022-04-01,2021-11-08,,UNKNOWN,https://fdc.nal.usda.gov/fdc-app.html#/food-details/2235974/nutrients
USDA-FDC-2236023,"Plum Organics Mighty 4 Blends Banana, Kiwi, Spinach, Greek Yogurt & Barley, 4oz",CAMPBELL SOUP COMPANY,Yogurt/Yogurt Substitutes,United States,846675005342,00846675005342,0,113,62,GROCERY,2022-04-01,2021-11-08,,UNKNOWN,https://fdc.nal.usda.gov/fdc-app.html#/food-details/2236023/nutrients
USDA-FDC-2236072,"Plum Organics Mighty Veggie Sweet Potato, Apple, Banana & Carrot, 3.75 oz",CAMPBELL SOUP COMPANY,Yogurt/Yogurt Substitutes,United States,846675012531,00846675012531,0,106,57,GROCERY,2022-04-01,2021-11-08,,UNKNOWN,https://fdc.nal.usda.gov/fdc-app.html#/food-details/2236072/nutrients
USDA-FDC-2236109,PEPPERIDGE FARM CRACKERS HUMMUS,Pepperidge Farm Inc.,Biscuits/Cookies,United States,014100051923,00014100051923,0,28,500,GROCERY,2022-04-01,2021-11-08,,UNKNOWN,https://fdc.nal.usda.gov/fdc-app.html#/food-details/2236109/nutrients
USDA-FDC-2236112,PEPPERIDGE FARM CRACKERS TRADITIONAL,Pepperidge Farm Inc.,Biscuits/Cookies,United States,014100050254,00014100050254,0,30,467,GROCERY,2022-04-01,2021-11-08,,UNKNOWN,https://fdc.nal.usda.gov/fdc-app.html#/food-details/2236112/nutrients
USDA-FDC-2236155,"Pepperidge Farm Frozen Tangy Key Lime Layer Cake, 19.6 oz. Box",CAMPBELL SOUP COMPANY,Sweet Bakery Products,United States,051000178756,00051000178756,0,69,348,GROCERY,2022-04-01,2021-11-30,,UNKNOWN,https://fdc.nal.usda.gov/fdc-app.html#/food-details/2236155/nutrients
USDA-FDC-2237764,Kellogg's Frosted Flakes Cereal Pumpkin Spice 24oz,Kellogg Company US,Processed Cereal Products,United States,038000184840,00038000184840,0,29,370,DRUG|GROCERY|ONLINE,2022-04-01,2019-05-07,,UNKNOWN,https://fdc.nal.usda.gov/fdc-app.html#/food-details/2237764/nutrients
USDA-FDC-2237807,Kellogg's Eggo Pancakes Buttermilk 32.7oz,Kellogg Company US,Sweet Bakery Products,United States,038000156823,00038000156823,0,116,241,GROCERY|ONLINE,2022-04-01,2019-04-09,,UNKNOWN,https://fdc.nal.usda.gov/fdc-app.html#/food-details/2237807/nutrients
USDA-FDC-2238130,Kellogg's Eggo Pancakes Buttermilk 16.4oz,Kellogg Company US,Sweet Bakery Products,United States,038000673009,00038000673009,0,116,241,FOOD_SERVICE|GROCERY|ONLINE,2022-04-01,2019-03-29,,UNKNOWN,https://fdc.nal.usda.gov/fdc-app.html#/food-details/2238130/nutrients
USDA-FDC-2336702,"Campbell's Tomato and Stars Soup with Snack Factory Mini Pretzel Crisps, 7.35 Ounce Microwaveable Cup",CAMPBELL SOUP COMPANY,Prepared Soups,United States,051000279132,00051000279132,0,208,77,GROCERY,2022-09-15,2022-03-27,,UNKNOWN,https://fdc.nal.usda.gov/fdc-app.html#/food-details/2336702/nutrients
USDA-FDC-2458958,Kellogg's Special K Cereal Berries & Peaches 10.5oz,Kellogg Company US,Processed Cereal Products,United States,038000172496,00038000172496,0,42,524,GROCERY|MASS_MERCHANDISING|ONLINE,2023-02-16,2023-01-31,,UNKNOWN,https://fdc.nal.usda.gov/fdc-app.html#/food-details/2458958/nutrients
USDA-FDC-2459121,Pixy Stix Bulk Individually Wrapped,Ferrara Candy Company,Confectionery Products,United States,10079200115811,10079200115811,0,16,375,GROCERY,2023-02-16,2020-01-17,,UNKNOWN,https://fdc.nal.usda.gov/fdc-app.html#/food-details/2459121/nutrients
USDA-FDC-2459565,Kellogg's Eggo Waffles Homestyle 19.7oz,Kellogg Company US,Sweet Bakery Products,United States,038000165900,00038000165900,0,70,256,GROCERY|ONLINE,2023-02-16,2019-04-09,,UNKNOWN,https://fdc.nal.usda.gov/fdc-app.html#/food-details/2459565/nutrients
USDA-FDC-2459582,Kellogg's Froot Loops Cereal Marshmallow 18.7oz,Kellogg Company US,Processed Cereal Products,United States,038000198953,00038000198953,0,39,538,DRUG|GROCERY|ONLINE,2023-02-16,2023-01-16,,UNKNOWN,https://fdc.nal.usda.gov/fdc-app.html#/food-details/2459582/nutrients
USDA-FDC-2459608,Kellogg's Frosted Flakes Cereal Chocolate 24.7oz,Kellogg Company US,Processed Cereal Products,United States,038000179969,00038000179969,0,39,538,DRUG|GROCERY|ONLINE,2023-02-16,2023-01-31,,UNKNOWN,https://fdc.nal.usda.gov/fdc-app.html#/food-details/2459608/nutrients
USDA-FDC-2460022,Kellogg's Special K Cereal Pumpkin Spice 17.7oz,Kellogg Company US,Processed Cereal Products,United States,038000202445,00038000202445,0,41,512,GROCERY|ONLINE,2023-02-16,2023-01-04,,UNKNOWN,https://fdc.nal.usda.gov/fdc-app.html#/food-details/2460022/nutrients
USDA-FDC-2491390,CAMPBELL'S PASTA SPAGHETTIOS W/MB,CAMPBELL SOUP COMPANY,Dough Based Products / Meals,United States,051000025630,00051000025630,0,206,83,GROCERY,2023-03-16,2019-04-01,,UNKNOWN,https://fdc.nal.usda.gov/fdc-app.html#/food-details/2491390/nutrients
USDA-FDC-2491393,"Campbell's Chunky Soup, Savory Chicken with White and Wild Rice Soup, 16.1 Oz Can",CAMPBELL SOUP COMPANY,Prepared Soups,United States,051000277282,00051000277282,0,245,45,GROCERY,2023-03-16,2022-12-31,,UNKNOWN,https://fdc.nal.usda.gov/fdc-app.html#/food-details/2491393/nutrients
USDA-FDC-2491394,"Swanson Beef Flavored Broth Concentrate, 8 Ounce Carton",CAMPBELL SOUP COMPANY,Herbs/Spices/Extracts,United States,051000280947,00051000280947,0,78,6,GROCERY,2023-03-16,2022-12-31,,UNKNOWN,https://fdc.nal.usda.gov/fdc-app.html#/food-details/2491394/nutrients
USDA-FDC-2491395,Swanson 100% Natural Chicken Broth Concentrate,CAMPBELL SOUP COMPANY,Herbs/Spices/Extracts,United States,051000280954,00051000280954,0,78,13,GROCERY,2023-03-16,2022-12-31,,UNKNOWN,https://fdc.nal.usda.gov/fdc-app.html#/food-details/2491395/nutrients
USDA-FDC-2491396,"Swanson Beef Flavored Broth Concentrate, 8 Ounce Carton, Pack of 4",CAMPBELL SOUP COMPANY,Herbs/Spices/Extracts,United States,051000281814,00051000281814,0,78,6,GROCERY,2023-03-16,2022-12-31,,UNKNOWN,https://fdc.nal.usda.gov/fdc-app.html#/food-details/2491396/nutrients
USDA-FDC-2491397,"Swanson 100% Natural Chicken Broth Concentrate, 8 OZ Carton (Pack of 4)",CAMPBELL SOUP COMPANY,Herbs/Spices/Extracts,United States,051000281838,00051000281838,0,78,13,GROCERY,2023-03-16,2022-12-31,,UNKNOWN,https://fdc.nal.usda.gov/fdc-app.html#/food-details/2491397/nutrients
USDA-FDC-2491922,"Campbell's Frozen Traditional Broccoli & Cheese Casserole, 5.5 Pound Trays, 4-Pack",CAMPBELL SOUP COMPANY,Vegetable Based Products / Meals,United States,051000053800,00051000053800,0,118,102,GROCERY,2023-03-16,2023-02-25,,UNKNOWN,https://fdc.nal.usda.gov/fdc-app.html#/food-details/2491922/nutrients
USDA-FDC-2492577,"LATE JULY Snacks Grain Free Tortilla Chips, Sea Salt & Lime Chips, 7.5 oz. Bag",Snyder's-Lance INC.,Snacks,United States,815099021719,00815099021719,0,28,500,GROCERY,2023-03-16,2023-02-12,,UNKNOWN,https://fdc.nal.usda.gov/fdc-app.html#/food-details/2492577/nutrients
USDA-FDC-2492786,"Campbell's Frozen Entrees Savory Salisbury Steak with Gravy, 4.3 Pound Trays, 4-Pack",CAMPBELL SOUP COMPANY,Vegetable Based Products / Meals,United States,10051000081510,10051000081510,0,163,153,CHILD_NUTRITION_FOOD_PROGRAMS|GROCERY,2023-03-16,2023-02-26,,UNKNOWN,https://fdc.nal.usda.gov/fdc-app.html#/food-details/2492786/nutrients
USDA-FDC-2492808,"SpaghettiOs Super Mario Bros Canned Pasta with Meatballs, 15.6 OZ Can (Pack of 12)",CAMPBELL SOUP COMPANY,Dough Based Products / Meals,United States,10051000233155,10051000233155,0,252,91,CHILD_NUTRITION_FOOD_PROGRAMS|GROCERY,2023-03-16,2023-02-12,,UNKNOWN,https://fdc.nal.usda.gov/fdc-app.html#/food-details/2492808/nutrients
USDA-FDC-2516919,"Pepperidge Farm Goldfish Cheddar Crackers, 4 oz. Carton",Pepperidge Farm Inc.,Biscuits/Cookies,United States,014100094777,00014100094777,0,30,467,GROCERY,2023-04-27,2022-08-27,,UNKNOWN,https://fdc.nal.usda.gov/fdc-app.html#/food-details/2516919/nutrients
USDA-FDC-2516920,"Pepperidge Farm Goldfish Mix Cheesy Pizza + Parmesan Crackers, 6.6 oz. Bag",Pepperidge Farm Inc.,Biscuits/Cookies,United States,014100094845,00014100094845,0,30,467,GROCERY,2023-04-27,2022-08-27,,UNKNOWN,https://fdc.nal.usda.gov/fdc-app.html#/food-details/2516920/nutrients
USDA-FDC-2517535,Kashi Chewy Bars Salted Caramel Pecan 1.23oz,Kellogg Company US,Processed Cereal Products,United States,018627100478,00018627100478,0,35,422,GROCERY|ONLINE,2023-04-27,2019-03-21,,UNKNOWN,https://fdc.nal.usda.gov/fdc-app.html#/food-details/2517535/nutrients
USDA-FDC-2517536,Kashi Chewy Bars Double Chocolate Almond Butter 1.23oz,Kellogg Company US,Processed Cereal Products,United States,018627100577,00018627100577,0,35,409,GROCERY|ONLINE,2023-04-27,2019-03-21,,UNKNOWN,https://fdc.nal.usda.gov/fdc-app.html#/food-details/2517536/nutrients
USDA-FDC-2517538,Kashi Organic Cereal Promise Sprouted Grain 9.5oz,Kellogg Company US,Processed Cereal Products,United States,018627102724,00018627102724,0,60,344,GROCERY|ONLINE,2023-04-27,2019-04-09,,UNKNOWN,https://fdc.nal.usda.gov/fdc-app.html#/food-details/2517538/nutrients
USDA-FDC-2517541,Kashi Entre's Black Bean Mango 10oz,Kellogg Company US,Vegetable Based Products / Meals,United States,018627106081,00018627106081,0,283,109,GROCERY|ONLINE,2023-04-27,2019-04-09,,UNKNOWN,https://fdc.nal.usda.gov/fdc-app.html#/food-details/2517541/nutrients
USDA-FDC-2517542,Kashi Chewy Bars Toasted Coconut 1.23oz,Kellogg Company US,Processed Cereal Products,United States,018627107071,00018627107071,0,35,434,GROCERY|ONLINE,2023-04-27,2019-01-03,,UNKNOWN,https://fdc.nal.usda.gov/fdc-app.html#/food-details/2517542/nutrients
USDA-FDC-2517543,Kashi Chewy Bars Almond Snickerdoodle 1.23oz,Kellogg Company US,Processed Cereal Products,United States,018627107132,00018627107132,0,35,417,GROCERY|ONLINE,2023-04-27,2019-03-21,,UNKNOWN,https://fdc.nal.usda.gov/fdc-app.html#/food-details/2517543/nutrients
USDA-FDC-2517545,Kashi Entre's Pesto Chickpea Quinoa 9oz,Kellogg Company US,Vegetable Based Products / Meals,United States,018627107729,00018627107729,0,255,124,GROCERY|ONLINE,2023-04-27,2019-04-09,,UNKNOWN,https://fdc.nal.usda.gov/fdc-app.html#/food-details/2517545/nutrients
USDA-FDC-2517552,Kashi Pita Crackers 7 Grain Sea Salt 7.9oz,Kellogg Company US,Biscuits/Cookies,United States,018627491187,00018627491187,0,31,391,GROCERY|ONLINE,2023-04-27,2019-04-09,,UNKNOWN,https://fdc.nal.usda.gov/fdc-app.html#/food-details/2517552/nutrients
USDA-FDC-2517554,Kashi Whole Health Ready To Eat Cereal 7 Whole Grain Flakes 12.6oz,Kellogg Company US,Processed Cereal Products,United States,018627702610,00018627702610,0,62,339,FOOD_SERVICE|GROCERY|ONLINE,2023-04-27,2019-04-09,,UNKNOWN,https://fdc.nal.usda.gov/fdc-app.html#/food-details/2517554/nutrients
USDA-FDC-2517568,Kashi Pita Crackers Garlic Pesto 7.9oz,Kellogg Company US,Biscuits/Cookies,United States,018627757191,00018627757191,0,31,391,GROCERY|ONLINE,2023-04-27,2019-04-09,,UNKNOWN,https://fdc.nal.usda.gov/fdc-app.html#/food-details/2517568/nutrients
USDA-FDC-2517569,Kashi Go Cereal Original 21oz,Kellogg Company US,Processed Cereal Products,United States,018627766087,00018627766087,0,58,348,GROCERY|ONLINE,2023-04-27,2019-04-09,,UNKNOWN,https://fdc.nal.usda.gov/fdc-app.html#/food-details/2517569/nutrients
USDA-FDC-2517800,Kellogg's Cheez It Crackers Grooves Hot & Spicy 9oz,Kellogg Company US,Biscuits/Cookies,United States,024100108800,00024100108800,0,29,467,FOOD_SERVICE|GROCERY|ONLINE,2023-04-27,2019-04-30,,UNKNOWN,https://fdc.nal.usda.gov/fdc-app.html#/food-details/2517800/nutrients
USDA-FDC-2517804,Kellogg's Cheez It Caddies Crackers Grooves White Cheddar 1oz,Kellogg Company US,Biscuits/Cookies,United States,024100109678,00024100109678,0,28,469,DRUG|FOOD_SERVICE|GROCERY|ONLINE,2023-04-27,2019-03-21,,UNKNOWN,https://fdc.nal.usda.gov/fdc-app.html#/food-details/2517804/nutrients
USDA-FDC-2517810,Kellogg's Cheez It Crackers Duoz Bacon & Cheddar 12.4oz,Kellogg Company US,Biscuits/Cookies,United States,024100110629,00024100110629,0,30,497,FOOD_SERVICE|GROCERY|ONLINE,2023-04-27,2019-04-30,,UNKNOWN,https://fdc.nal.usda.gov/fdc-app.html#/food-details/2517810/nutrients
USDA-FDC-2517853,Kellogg's Cheez It Crackers Cheddar Jack 1.02oz,Kellogg Company US,Biscuits/Cookies,United States,024100939985,00024100939985,0,29,502,GROCERY|ONLINE,2023-04-27,2019-04-30,,UNKNOWN,https://fdc.nal.usda.gov/fdc-app.html#/food-details/2517853/nutrients
USDA-FDC-2518331,Morningstar Farms Meal Solutions Griller Burger Recipe 12oz,Kellogg Company US,Vegetable Based Products / Meals,United States,028989101426,00028989101426,0,58,108,FOOD_SERVICE|GROCERY|ONLINE,2023-04-27,2019-04-17,,UNKNOWN,https://fdc.nal.usda.gov/fdc-app.html#/food-details/2518331/nutrients
USDA-FDC-2518337,Morningstar Farms Meal Solutions Signature Protein Blend Spicy Red Bean 32oz,Kellogg Company US,Vegetable Based Products / Meals,United States,028989102614,00028989102614,0,79,127,FOOD_SERVICE|GROCERY|ONLINE,2023-04-27,2019-03-29,,UNKNOWN,https://fdc.nal.usda.gov/fdc-app.html#/food-details/2518337/nutrients
USDA-FDC-2518383,Keebler Grahams Crackers Honey 32oz,Kellogg Company US,Biscuits/Cookies,United States,030100057109,00030100057109,0,31,446,GROCERY|ONLINE,2023-04-27,2019-04-09,,UNKNOWN,https://fdc.nal.usda.gov/fdc-app.html#/food-details/2518383/nutrients
USDA-FDC-2518387,Kellogg's Town House Crackers Tuscan Cheese 9oz,Kellogg Company US,Biscuits/Cookies,United States,030100107781,00030100107781,0,15,505,FOOD_SERVICE|GROCERY|ONLINE,2023-04-27,2019-04-30,,UNKNOWN,https://fdc.nal.usda.gov/fdc-app.html#/food-details/2518387/nutrients
USDA-FDC-2518394,Keebler Town House Crackers Mediterranean Herb With Hummus 2.75oz,Kellogg Company US,Biscuits/Cookies,United States,030100113775,00030100113775,0,78,301,CONVENIENCE|GROCERY|ONLINE|VENDING,2023-04-27,2019-04-30,,UNKNOWN,https://fdc.nal.usda.gov/fdc-app.html#/food-details/2518394/nutrients
USDA-FDC-2518398,Keebler Club Crackers Original 13.7oz,Kellogg Company US,Biscuits/Cookies,United States,030100120575,00030100120575,0,14,490,GROCERY|ONLINE,2023-04-27,2019-04-30,,UNKNOWN,https://fdc.nal.usda.gov/fdc-app.html#/food-details/2518398/nutrients
USDA-FDC-2518405,Keebler Processor Crackers Wheat .59oz 408ct,Kellogg Company US,Biscuits/Cookies,United States,030100221456,00030100221456,0,16,427,GROCERY|ONLINE,2023-04-27,2019-03-29,,UNKNOWN,https://fdc.nal.usda.gov/fdc-app.html#/food-details/2518405/nutrients
USDA-FDC-2518844,Kellogg's Special K Cereal Bars Pretzel Cashew 1.79oz,Kellogg Company US,Processed Cereal Products,United States,038000007354,00038000007354,0,51,433,CONVENIENCE|FOOD_SERVICE|GROCERY|ONLINE,2023-04-27,2019-03-29,,UNKNOWN,https://fdc.nal.usda.gov/fdc-app.html#/food-details/2518844/nutrients
USDA-FDC-2518845,Kellogg's Special K Cereal Bars Cherry Nut 1.79oz,Kellogg Company US,Processed Cereal Products,United States,038000007408,00038000007408,0,51,409,CONVENIENCE|FOOD_SERVICE|GROCERY|ONLINE,2023-04-27,2019-03-29,,UNKNOWN,https://fdc.nal.usda.gov/fdc-app.html#/food-details/2518845/nutrients
USDA-FDC-2518853,Kellogg's All Bran Cereal Original 18.3oz,Kellogg Company US,Processed Cereal Products,United States,038000014116,00038000014116,0,41,301,CONVENIENCE|DRUG|FOOD_SERVICE|GROCERY|MASS_MERCHANDISING|MILITARY|ONLINE|VENDING,2023-04-27,2019-05-07,,UNKNOWN,https://fdc.nal.usda.gov/fdc-app.html#/food-details/2518853/nutrients
USDA-FDC-2518855,Kellogg's Special K Cereal 12oz,Kellogg Company US,Processed Cereal Products,United States,038000016110,00038000016110,0,39,380,GROCERY|ONLINE,2023-04-27,2019-04-09,,UNKNOWN,https://fdc.nal.usda.gov/fdc-app.html#/food-details/2518855/nutrients
USDA-FDC-2518856,Kellogg's Special K Cereal 18oz,Kellogg Company US,Processed Cereal Products,United States,038000016219,00038000016219,0,39,380,DRUG|GROCERY|ONLINE,2023-04-27,2019-04-09,,UNKNOWN,https://fdc.nal.usda.gov/fdc-app.html#/food-details/2518856/nutrients
USDA-FDC-2518862,Kellogg's Cracklin Oat Bran Cereal 17oz,Kellogg Company US,Processed Cereal Products,United States,038000045301,00038000045301,0,56,418,FOOD_SERVICE|GROCERY|ONLINE,2023-04-27,2019-04-16,,UNKNOWN,https://fdc.nal.usda.gov/fdc-app.html#/food-details/2518862/nutrients
USDA-FDC-2518868,Kellogg's Special K Cereal Chocolate Almond 12.7oz,Kellogg Company US,Processed Cereal Products,United States,038000102653,00038000102653,0,42,377,DRUG|FOOD_SERVICE|GROCERY|ONLINE,2023-04-27,2019-03-29,,UNKNOWN,https://fdc.nal.usda.gov/fdc-app.html#/food-details/2518868/nutrients
USDA-FDC-2518876,Kellogg's Raisin Bran Cereal Cranberry 13.5oz,Kellogg Company US,Processed Cereal Products,United States,038000122804,00038000122804,0,59,347,GROCERY|ONLINE,2023-04-27,2019-03-19,,UNKNOWN,https://fdc.nal.usda.gov/fdc-app.html#/food-details/2518876/nutrients
USDA-FDC-2518881,Kellogg's Mini-Wheats Cereal Pumpkin Spice 15.5oz,Kellogg Company US,Processed Cereal Products,United States,038000137242,00038000137242,0,55,349,GROCERY|ONLINE,2023-04-27,2019-04-09,,UNKNOWN,https://fdc.nal.usda.gov/fdc-app.html#/food-details/2518881/nutrients
USDA-FDC-2518885,Kellogg's Nutri-Grain Cereal Bars Pumpkin Spice 1.3oz,Kellogg Company US,Processed Cereal Products,United States,038000138485,00038000138485,0,37,371,GROCERY|ONLINE,2023-04-27,2019-04-16,,UNKNOWN,https://fdc.nal.usda.gov/fdc-app.html#/food-details/2518885/nutrients
USDA-FDC-2518891,Pringles Crisps Loaded Baked Potato 5.5oz,Kellogg Company US,Snacks,United States,038000138898,00038000138898,0,28,525,CONVENIENCE|FOOD_SERVICE|GROCERY|ONLINE,2023-04-27,2019-04-09,,UNKNOWN,https://fdc.nal.usda.gov/fdc-app.html#/food-details/2518891/nutrients
USDA-FDC-2518895,Kellogg's Special K Breakfast Handheld Sausage And Pepper 7oz,Kellogg Company US,Sweet Bakery Products,United States,038000140969,00038000140969,0,200,183,GROCERY|ONLINE,2023-04-27,2019-04-09,,UNKNOWN,https://fdc.nal.usda.gov/fdc-app.html#/food-details/2518895/nutrients
USDA-FDC-2518896,Kellogg's Special K Breakfast Handheld Ham & Cheese 7oz,Kellogg Company US,Sweet Bakery Products,United States,038000140983,00038000140983,0,200,154,GROCERY|ONLINE,2023-04-27,2019-04-09,,UNKNOWN,https://fdc.nal.usda.gov/fdc-app.html#/food-details/2518896/nutrients
USDA-FDC-2518898,Kellogg's Special K Cereal Protein Plus 19oz,Kellogg Company US,Processed Cereal Products,United States,038000143670,00038000143670,0,59,360,GROCERY|ONLINE,2023-04-27,2019-04-09,,UNKNOWN,https://fdc.nal.usda.gov/fdc-app.html#/food-details/2518898/nutrients
USDA-FDC-2518924,Kellogg's Pop-Tarts Frosted Wild Berry 14.1oz,Kellogg Company US,Sweet Bakery Products,United States,038000173776,00038000173776,0,50,392,GROCERY|ONLINE,2023-04-27,2019-04-04,,UNKNOWN,https://fdc.nal.usda.gov/fdc-app.html#/food-details/2518924/nutrients
USDA-FDC-2518927,Kellogg's Pop-Tarts Strawberry Milkshake 14.1oz,Kellogg Company US,Sweet Bakery Products,United States,038000176517,00038000176517,0,50,399,CONVENIENCE|FOOD_SERVICE|GROCERY|ONLINE,2023-04-27,2019-04-10,,UNKNOWN,https://fdc.nal.usda.gov/fdc-app.html#/food-details/2518927/nutrients
USDA-FDC-2518929,Kellogg's Pop-Tarts Vanilla Milkshake 28.2oz,Kellogg Company US,Sweet Bakery Products,United States,038000178269,00038000178269,0,50,398,GROCERY|ONLINE,2023-04-27,2019-03-29,,UNKNOWN,https://fdc.nal.usda.gov/fdc-app.html#/food-details/2518929/nutrients
USDA-FDC-2518930,Kellogg's Mini-Wheats Cereal Pumpkin Spice 21oz,Kellogg Company US,Processed Cereal Products,United States,038000178894,00038000178894,0,55,349,GROCERY|ONLINE,2023-04-27,2019-03-29,,UNKNOWN,https://fdc.nal.usda.gov/fdc-app.html#/food-details/2518930/nutrients
USDA-FDC-2518933,Kellogg's Special K Cereal Raspberry Almond 12.6oz,Kellogg Company US,Processed Cereal Products,United States,038000182020,00038000182020,0,54,378,CONVENIENCE|DRUG|GROCERY|ONLINE,2023-04-27,2019-04-15,,UNKNOWN,https://fdc.nal.usda.gov/fdc-app.html#/food-details/2518933/nutrients
USDA-FDC-2518934,Kellogg's Cocoa Krispies Cereal 40.6oz,Kellogg Company US,Processed Cereal Products,United States,038000183379,00038000183379,0,31,391,GROCERY|ONLINE,2023-04-27,2019-04-10,,UNKNOWN,https://fdc.nal.usda.gov/fdc-app.html#/food-details/2518934/nutrients
USDA-FDC-2518943,Kellogg's Pop-Tarts Strawberry Cheesecake 14.1oz,Kellogg Company US,Sweet Bakery Products,United States,038000187551,00038000187551,0,50,383,DRUG|GROCERY|MILITARY|ONLINE,2023-04-27,2019-04-10,,UNKNOWN,https://fdc.nal.usda.gov/fdc-app.html#/food-details/2518943/nutrients
USDA-FDC-2518944,Kellogg's Pop-Tarts Sugar Cookie Brownie Batter 14.1oz,Kellogg Company US,Sweet Bakery Products,United States,038000187575,00038000187575,0,50,396,DRUG|GROCERY|MILITARY|ONLINE,2023-04-27,2019-04-10,,UNKNOWN,https://fdc.nal.usda.gov/fdc-app.html#/food-details/2518944/nutrients
USDA-FDC-2518945,Kellogg's Krave Cereal Chocolate 34.4oz,Kellogg Company US,Processed Cereal Products,United States,038000188183,00038000188183,0,41,416,GROCERY|ONLINE,2023-04-27,2019-04-30,,UNKNOWN,https://fdc.nal.usda.gov/fdc-app.html#/food-details/2518945/nutrients
USDA-FDC-2518946,Kellogg's Happy Inside Blueberry 1.94oz,Kellogg Company US,Processed Cereal Products,United States,038000188336,00038000188336,0,55,381,GROCERY|ONLINE,2023-04-27,2019-02-15,,UNKNOWN,https://fdc.nal.usda.gov/fdc-app.html#/food-details/2518946/nutrients
USDA-FDC-2518947,Kellogg's Happy Inside Coconut 1.94oz,Kellogg Company US,Processed Cereal Products,United States,038000188350,00038000188350,0,55,421,GROCERY|ONLINE,2023-04-27,2018-12-12,,UNKNOWN,https://fdc.nal.usda.gov/fdc-app.html#/food-details/2518947/nutrients
USDA-FDC-2518948,Kellogg's Happy Inside Cereal Strawberry 1.94oz,Kellogg Company US,Processed Cereal Products,United States,038000188374,00038000188374,0,55,389,GROCERY|ONLINE,2023-04-27,2018-12-12,,UNKNOWN,https://fdc.nal.usda.gov/fdc-app.html#/food-details/2518948/nutrients
USDA-FDC-2518950,Kellogg's Frosted Flakes Cereal Honey Nut 24.5oz,Kellogg Company US,Processed Cereal Products,United States,038000194375,00038000194375,0,38,526,DRUG|GROCERY|ONLINE,2023-04-27,2022-12-20,,UNKNOWN,https://fdc.nal.usda.gov/fdc-app.html#/food-details/2518950/nutrients
USDA-FDC-2518956,Kellogg's Apple Jacks Cereal 14.7oz,Kellogg Company US,Processed Cereal Products,United States,038000198519,00038000198519,0,39,538,CONVENIENCE|FOOD_SERVICE|GROCERY|ONLINE,2023-04-27,2023-04-07,,UNKNOWN,https://fdc.nal.usda.gov/fdc-app.html#/food-details/2518956/nutrients
USDA-FDC-2518957,Kellogg's Frosted Flakes Cereal 19.2oz,Kellogg Company US,Processed Cereal Products,United States,038000199066,00038000199066,0,37,541,CONVENIENCE|FOOD_SERVICE|GROCERY|ONLINE,2023-04-27,2023-04-04,,UNKNOWN,https://fdc.nal.usda.gov/fdc-app.html#/food-details/2518957/nutrients
USDA-FDC-2518958,Kellogg's Frosted Flakes Cereal Honey Nut 13.7oz,Kellogg Company US,Processed Cereal Products,United States,038000201707,00038000201707,0,38,526,GROCERY|ONLINE,2023-04-27,2023-04-06,,UNKNOWN,https://fdc.nal.usda.gov/fdc-app.html#/food-details/2518958/nutrients
USDA-FDC-2518959,Kellogg's Pop-Tarts Pop-Tart Cereal Strawberry 17oz,Kellogg Company US,Processed Cereal Products,United States,038000201790,00038000201790,0,41,358,GROCERY|ONLINE,2023-04-27,2019-04-10,,UNKNOWN,https://fdc.nal.usda.gov/fdc-app.html#/food-details/2518959/nutrients
USDA-FDC-2518960,Kellogg's Pop-Tarts Pop-Tart Cereal Brown Sugar Cinnamon 11.2oz,Kellogg Company US,Processed Cereal Products,United States,038000201813,00038000201813,0,41,362,GROCERY|ONLINE,2023-04-27,2019-04-11,,UNKNOWN,https://fdc.nal.usda.gov/fdc-app.html#/food-details/2518960/nutrients
USDA-FDC-2518961,Kellogg's Pop-Tarts Pop-Tart Cereal Brown Sugar Cinnamon 17oz,Kellogg Company US,Processed Cereal Products,United States,038000201837,00038000201837,0,41,362,GROCERY|ONLINE,2023-04-27,2019-04-10,,UNKNOWN,https://fdc.nal.usda.gov/fdc-app.html#/food-details/2518961/nutrients
USDA-FDC-2518965,Kellogg's Pop-Tarts Frosted Sparkle-Licious Cherry 14.6oz,Kellogg Company US,Sweet Bakery Products,United States,038000204098,00038000204098,0,52,390,DRUG|GROCERY|MILITARY|ONLINE,2023-04-27,2019-03-29,,UNKNOWN,https://fdc.nal.usda.gov/fdc-app.html#/food-details/2518965/nutrients
USDA-FDC-2518966,Kellogg's Pop-Tarts Chocolate Chip Cookie Dough 14.1oz,Kellogg Company US,Sweet Bakery Products,United States,038000204944,00038000204944,0,50,388,CONVENIENCE|GROCERY|ONLINE,2023-04-27,2019-05-02,,UNKNOWN,https://fdc.nal.usda.gov/fdc-app.html#/food-details/2518966/nutrients
USDA-FDC-2518982,Kellogg's Mini-Wheats Cereal Bite Size Frosted 24oz,Kellogg Company US,Processed Cereal Products,United States,038000318344,00038000318344,0,60,353,GROCERY|ONLINE,2023-04-27,2019-04-16,,UNKNOWN,https://fdc.nal.usda.gov/fdc-app.html#/food-details/2518982/nutrients
USDA-FDC-2518985,Kellogg's Pop-Tarts Frosted Smores 29.3oz,Kellogg Company US,Sweet Bakery Products,United States,038000327513,00038000327513,0,52,387,GROCERY|ONLINE,2023-04-27,2019-04-08,,UNKNOWN,https://fdc.nal.usda.gov/fdc-app.html#/food-details/2518985/nutrients
USDA-FDC-2518994,Kellogg's Corn Pops Cereal 12.5oz,Kellogg Company US,Processed Cereal Products,United States,038000391095,00038000391095,0,40,384,CONVENIENCE|FOOD_SERVICE|GROCERY|ONLINE,2023-04-27,2019-03-29,,UNKNOWN,https://fdc.nal.usda.gov/fdc-app.html#/food-details/2518994/nutrients
USDA-FDC-2519000,Kellogg's Pop-Tarts Cookies & Creme 21.1oz,Kellogg Company US,Sweet Bakery Products,United States,038000436727,00038000436727,0,50,382,DRUG|FOOD_SERVICE|GROCERY|MILITARY|ONLINE,2023-04-27,2019-04-22,,UNKNOWN,https://fdc.nal.usda.gov/fdc-app.html#/food-details/2519000/nutrients
USDA-FDC-2519007,Kellogg's Pop-Tarts Pumpkin Pie 21.1oz,Kellogg Company US,Sweet Bakery Products,United States,038000516993,00038000516993,0,50,395,DRUG|GROCERY|MILITARY|ONLINE,2023-04-27,2019-05-01,,UNKNOWN,https://fdc.nal.usda.gov/fdc-app.html#/food-details/2519007/nutrients
USDA-FDC-2519010,Kellogg's Pop-Tarts Chocolate Fudge 29.3oz,Kellogg Company US,Sweet Bakery Products,United States,038000553752,00038000553752,0,52,383,GROCERY|ONLINE,2023-04-27,2019-05-01,,UNKNOWN,https://fdc.nal.usda.gov/fdc-app.html#/food-details/2519010/nutrients
USDA-FDC-2519011,Kellogg's Special K Cereal Vanilla Almond 12.4oz,Kellogg Company US,Processed Cereal Products,United States,038000576003,00038000576003,0,40,375,CONVENIENCE|DRUG|FOOD_SERVICE|GROCERY|ONLINE,2023-04-27,2019-05-07,,UNKNOWN,https://fdc.nal.usda.gov/fdc-app.html#/food-details/2519011/nutrients
USDA-FDC-2519017,Kellogg's Frosted Flakes Cereal 15oz,Kellogg Company US,Processed Cereal Products,United States,038000596551,00038000596551,0,37,364,CONVENIENCE|FOOD_SERVICE|GROCERY|ONLINE,2023-04-27,2019-05-01,,UNKNOWN,https://fdc.nal.usda.gov/fdc-app.html#/food-details/2519017/nutrients
USDA-FDC-2519018,Kellogg's Raisin Bran Cereal 18.7oz,Kellogg Company US,Processed Cereal Products,United States,038000596636,00038000596636,0,59,325,CONVENIENCE|FOOD_SERVICE|GROCERY|ONLINE,2023-04-27,2019-03-29,,UNKNOWN,https://fdc.nal.usda.gov/fdc-app.html#/food-details/2519018/nutrients
USDA-FDC-2519019,Kellogg's Raisin Bran Cereal 13.7oz,Kellogg Company US,Processed Cereal Products,United States,038000596650,00038000596650,0,59,325,CONVENIENCE|DRUG|FOOD_SERVICE|GROCERY|ONLINE,2023-04-27,2019-05-01,,UNKNOWN,https://fdc.nal.usda.gov/fdc-app.html#/food-details/2519019/nutrients
USDA-FDC-2519020,Kellogg's Mini-Wheats Cereal Little Bites Original 15.2oz,Kellogg Company US,Processed Cereal Products,United States,038000596827,00038000596827,0,56,348,GROCERY|ONLINE,2023-04-27,2019-04-16,,UNKNOWN,https://fdc.nal.usda.gov/fdc-app.html#/food-details/2519020/nutrients
USDA-FDC-2519030,Kellogg's Special K Cereal Chocolate Delight 13.1oz,Kellogg Company US,Processed Cereal Products,United States,038000786693,00038000786693,0,42,393,DRUG|FOOD_SERVICE|GROCERY|ONLINE,2023-04-27,2019-03-29,,UNKNOWN,https://fdc.nal.usda.gov/fdc-app.html#/food-details/2519030/nutrients
USDA-FDC-2519031,Kellogg's Special K Cereal Cinnamon Pecan 12.1oz,Kellogg Company US,Processed Cereal Products,United States,038000787041,00038000787041,0,41,383,DRUG|GROCERY|ONLINE,2023-04-27,2019-04-17,,UNKNOWN,https://fdc.nal.usda.gov/fdc-app.html#/food-details/2519031/nutrients
USDA-FDC-2519045,Kellogg's Raisin Bran Cereal Crunch 18.2oz,Kellogg Company US,Processed Cereal Products,United States,038000870101,00038000870101,0,55,351,CONVENIENCE|FOOD_SERVICE|GROCERY|ONLINE,2023-04-27,2019-04-15,,UNKNOWN,https://fdc.nal.usda.gov/fdc-app.html#/food-details/2519045/nutrients
USDA-FDC-2519721,SWANSON MEAT CHICKEN,CAMPBELL SOUP COMPANY,Meat/Poultry/Other Animals Prepared/Processed,United States,051000023667,00051000023667,0,103,97,GROCERY,2023-04-27,2019-07-27,,UNKNOWN,https://fdc.nal.usda.gov/fdc-app.html#/food-details/2519721/nutrients
USDA-FDC-2519725,"Pepperidge Farm Frozen Crusty Parmesan Garlic Bread, 10 oz. Loaf",CAMPBELL SOUP COMPANY,Bread,United States,051000075475,00051000075475,0,50,360,GROCERY,2023-04-27,2022-01-01,,UNKNOWN,https://fdc.nal.usda.gov/fdc-app.html#/food-details/2519725/nutrients
USDA-FDC-2519789,"Swanson Homestyle Chicken & Dumplings, 16.3 Ounce Can",CAMPBELL SOUP COMPANY,Meat/Poultry/Other Animals Prepared/Processed,United States,051000244574,00051000244574,0,462,56,GROCERY,2023-04-27,2022-01-31,,UNKNOWN,https://fdc.nal.usda.gov/fdc-app.html#/food-details/2519789/nutrients
USDA-FDC-2519808,"Pace Taco Complete Mild, Taco Filling with Beef, Red Peppers, Corn & Black Beans for Taco Kits, 13.5 Ounce Can",CAMPBELL SOUP COMPANY,Sauces/Spreads/Dips/Condiments,United States,051000252074,00051000252074,0,55,109,GROCERY,2023-04-27,2022-01-31,,UNKNOWN,https://fdc.nal.usda.gov/fdc-app.html#/food-details/2519808/nutrients
USDA-FDC-2520643,MCCAIN DEEP CRINKLE CUT 12X2 LBS,McCain Foods USA,Vegetables Prepared/Processed,United States,072714070471,00072714070471,0,85,259,GROCERY,2023-04-27,2022-05-25,,UNKNOWN,https://fdc.nal.usda.gov/fdc-app.html#/food-details/2520643/nutrients
USDA-FDC-2521035,Austin Crackers Cheese With Peanut Butter 1.38oz,Kellogg Company US,Biscuits/Cookies,United States,079783406125,00079783406125,0,39,481,FOOD_SERVICE|GROCERY|ONLINE|VENDING,2023-04-27,2019-05-02,,UNKNOWN,https://fdc.nal.usda.gov/fdc-app.html#/food-details/2521035/nutrients
USDA-FDC-2521036,Austin Crackers Toasty Crackers With Peanut Butter 1.38oz,Kellogg Company US,Biscuits/Cookies,United States,079783406200,00079783406200,0,39,487,CONVENIENCE|DRUG|FOOD_SERVICE|GROCERY|ONLINE|VENDING,2023-04-27,2019-05-02,,UNKNOWN,https://fdc.nal.usda.gov/fdc-app.html#/food-details/2521036/nutrients
USDA-FDC-2521573,Pure Organic Pure Fruit & Nut Bar Chocolate Brownie 1.7oz,Kellogg Company US,Processed Cereal Products,United States,854210001018,00854210001018,0,48,410,CONVENIENCE|FOOD_SERVICE|GROCERY|ONLINE|VENDING,2023-04-27,2019-03-30,,UNKNOWN,https://fdc.nal.usda.gov/fdc-app.html#/food-details/2521573/nutrients
USDA-FDC-2521574,Pure Organic Pure Fruit & Nut Bar Wild Blueberry 1.7oz,Kellogg Company US,Processed Cereal Products,United States,854210001063,00854210001063,0,48,372,CONVENIENCE|FOOD_SERVICE|GROCERY|ONLINE|VENDING,2023-04-27,2019-04-24,,UNKNOWN,https://fdc.nal.usda.gov/fdc-app.html#/food-details/2521574/nutrients
USDA-FDC-2521615,Bear Naked Cereal Toasted Coconut 13oz,Kellogg Company US,Processed Cereal Products,United States,884623102385,00884623102385,0,55,398,GROCERY|ONLINE,2023-04-27,2019-03-20,,UNKNOWN,https://fdc.nal.usda.gov/fdc-app.html#/food-details/2521615/nutrients
USDA-FDC-2521664,Keebler Processor Crackers Butter 368oz 1ct,Kellogg Company US,Biscuits/Cookies,United States,10030100853630,10030100853630,0,19,486,GROCERY|ONLINE,2023-04-27,2019-02-28,,UNKNOWN,https://fdc.nal.usda.gov/fdc-app.html#/food-details/2521664/nutrients
USDA-FDC-2525646,Kashi Organic Cereal Honey Cinnamon 10.8oz,Kellogg Company US,Processed Cereal Products,United States,018627107842,00018627107842,0,38,364,DRUG|GROCERY|MASS_MERCHANDISING|ONLINE,2023-04-27,2019-04-22,,UNKNOWN,https://fdc.nal.usda.gov/fdc-app.html#/food-details/2525646/nutrients
USDA-FDC-2525647,Kashi Organic Cereal Berry Crumble 10.8oz,Kellogg Company US,Processed Cereal Products,United States,018627107927,00018627107927,0,37,366,GROCERY|ONLINE,2023-04-27,2019-04-22,,UNKNOWN,https://fdc.nal.usda.gov/fdc-app.html#/food-details/2525647/nutrients
USDA-FDC-2525648,Kashi Organic Cereal Chocolate Crisp 10.8oz,Kellogg Company US,Processed Cereal Products,United States,018627107965,00018627107965,0,37,382,GROCERY|ONLINE,2023-04-27,2019-04-30,,UNKNOWN,https://fdc.nal.usda.gov/fdc-app.html#/food-details/2525648/nutrients
USDA-FDC-2525652,Kellogg's Cheez It Crackers Jalapeno 7.5oz,Kellogg Company US,Biscuits/Cookies,United States,024100114917,00024100114917,0,30,495,GROCERY|ONLINE,2023-04-27,2019-04-30,,UNKNOWN,https://fdc.nal.usda.gov/fdc-app.html#/food-details/2525652/nutrients
USDA-FDC-2525653,Kellogg's Cheez It Crackers Double Cheese .75oz,Kellogg Company US,Biscuits/Cookies,United States,024100114962,00024100114962,0,21,496,GROCERY|ONLINE,2023-04-27,2019-04-30,,UNKNOWN,https://fdc.nal.usda.gov/fdc-app.html#/food-details/2525653/nutrients
USDA-FDC-2525654,Kellogg's Cheez It Crackers Cheddar Sour Cream And Onion .75oz,Kellogg Company US,Biscuits/Cookies,United States,024100114993,00024100114993,0,21,495,GROCERY|ONLINE,2023-04-27,2019-04-30,,UNKNOWN,https://fdc.nal.usda.gov/fdc-app.html#/food-details/2525654/nutrients
USDA-FDC-2525655,Kellogg's Cheez It Crackers Cheddar Sour Cream And Onion 3.6oz,Kellogg Company US,Biscuits/Cookies,United States,024100115150,00024100115150,0,30,495,DRUG|GROCERY|ONLINE,2023-04-27,2019-04-30,,UNKNOWN,https://fdc.nal.usda.gov/fdc-app.html#/food-details/2525655/nutrients
USDA-FDC-2525675,Kellogg's Klg Licensed Crackers Cookies Scooby-Doo Cinnamon Graham Sticks 3oz,Kellogg Company US,Biscuits/Cookies,United States,030100123163,00030100123163,0,28,431,GROCERY|ONLINE,2023-04-27,2019-04-30,,UNKNOWN,https://fdc.nal.usda.gov/fdc-app.html#/food-details/2525675/nutrients
USDA-FDC-2525680,Kellogg's Corn Flakes Cereal 12oz,Kellogg Company US,Processed Cereal Products,United States,038000001109,00038000001109,0,42,362,DRUG|GROCERY|ONLINE,2023-04-27,2019-05-02,,UNKNOWN,https://fdc.nal.usda.gov/fdc-app.html#/food-details/2525680/nutrients
USDA-FDC-2525681,Kellogg's Corn Flakes Cereal 18oz,Kellogg Company US,Processed Cereal Products,United States,038000001208,00038000001208,0,42,362,DRUG|GROCERY|ONLINE,2023-04-27,2019-05-02,,UNKNOWN,https://fdc.nal.usda.gov/fdc-app.html#/food-details/2525681/nutrients
USDA-FDC-2525682,Kellogg's Corn Flakes Cereal 24oz,Kellogg Company US,Processed Cereal Products,United States,038000001277,00038000001277,0,42,362,CONVENIENCE|FOOD_SERVICE|GROCERY|ONLINE,2023-04-27,2019-05-02,,UNKNOWN,https://fdc.nal.usda.gov/fdc-app.html#/food-details/2525682/nutrients
USDA-FDC-2525684,Kellogg's Special K Cereal Red Berries 16.9oz,Kellogg Company US,Processed Cereal Products,United States,038000143717,00038000143717,0,39,361,GROCERY|ONLINE,2023-04-27,2019-05-01,,UNKNOWN,https://fdc.nal.usda.gov/fdc-app.html#/food-details/2525684/nutrients
USDA-FDC-2525685,Kellogg's Apple Jacks Cereal 26oz,Kellogg Company US,Processed Cereal Products,United States,038000148125,00038000148125,0,39,376,GROCERY|ONLINE,2023-04-27,2019-03-29,,UNKNOWN,https://fdc.nal.usda.gov/fdc-app.html#/food-details/2525685/nutrients
USDA-FDC-2525686,Kellogg's Corn Pops Cereal 25.6oz,Kellogg Company US,Processed Cereal Products,United States,038000154997,00038000154997,0,40,384,GROCERY|ONLINE,2023-04-27,2019-03-29,,UNKNOWN,https://fdc.nal.usda.gov/fdc-app.html#/food-details/2525686/nutrients
USDA-FDC-2525687,Pringles Crisps Sour Cream & Onion 5.6oz,Kellogg Company US,Snacks,United States,038000172618,00038000172618,0,40,523,GROCERY|ONLINE,2023-04-27,2019-04-26,,UNKNOWN,https://fdc.nal.usda.gov/fdc-app.html#/food-details/2525687/nutrients
USDA-FDC-2525690,Kellogg's Rice Krispies Treats Poppers Cookies 'N' Creme 7.1oz,Kellogg Company US,Processed Cereal Products,United States,038000177002,00038000177002,0,30,470,GROCERY|ONLINE,2023-04-27,2019-04-30,,UNKNOWN,https://fdc.nal.usda.gov/fdc-app.html#/food-details/2525690/nutrients
USDA-FDC-2525691,Kellogg's Apple Jacks Cereal 19.4oz,Kellogg Company US,Processed Cereal Products,United States,038000181696,00038000181696,0,39,538,DRUG|FOOD_SERVICE|GROCERY|ONLINE,2023-04-27,2019-05-07,,UNKNOWN,https://fdc.nal.usda.gov/fdc-app.html#/food-details/2525691/nutrients
USDA-FDC-2525692,Kellogg's Frosted Flakes Cereal 24oz,Kellogg Company US,Processed Cereal Products,United States,038000181771,00038000181771,0,37,364,FOOD_SERVICE|GROCERY|ONLINE,2023-04-27,2019-05-01,,UNKNOWN,https://fdc.nal.usda.gov/fdc-app.html#/food-details/2525692/nutrients
USDA-FDC-2525693,Kellogg's Corn Pops Cereal 19.1oz,Kellogg Company US,Processed Cereal Products,United States,038000181795,00038000181795,0,40,550,DRUG|GROCERY|ONLINE,2023-04-27,2019-05-07,,UNKNOWN,https://fdc.nal.usda.gov/fdc-app.html#/food-details/2525693/nutrients
USDA-FDC-2525694,Kellogg's Froot Loops Cereal 32.1oz,Kellogg Company US,Processed Cereal Products,United States,038000183393,00038000183393,0,39,374,GROCERY|ONLINE,2023-04-27,2019-04-12,,UNKNOWN,https://fdc.nal.usda.gov/fdc-app.html#/food-details/2525694/nutrients
USDA-FDC-2525695,Kellogg's Apple Jacks Cereal 32.1oz,Kellogg Company US,Processed Cereal Products,United States,038000183416,00038000183416,0,39,376,GROCERY|ONLINE,2023-04-27,2019-03-29,,UNKNOWN,https://fdc.nal.usda.gov/fdc-app.html#/food-details/2525695/nutrients
USDA-FDC-2525696,Kellogg's Raisin Bran Cereal Banana 20.5oz,Kellogg Company US,Processed Cereal Products,United States,038000187193,00038000187193,0,55,362,GROCERY|ONLINE,2023-04-27,2019-03-19,,UNKNOWN,https://fdc.nal.usda.gov/fdc-app.html#/food-details/2525696/nutrients
USDA-FDC-2525697,Kellogg's Happy Inside Coconut 10oz,Kellogg Company US,Processed Cereal Products,United States,038000188107,00038000188107,0,59,403,GROCERY|ONLINE,2023-04-27,2019-02-15,,UNKNOWN,https://fdc.nal.usda.gov/fdc-app.html#/food-details/2525697/nutrients
USDA-FDC-2525699,Kellogg's Rice Krispies Cereal Strawberry 11.5oz,Kellogg Company US,Processed Cereal Products,United States,038000192203,00038000192203,0,40,386,DRUG|GROCERY|MILITARY|ONLINE,2023-04-27,2019-04-22,,UNKNOWN,https://fdc.nal.usda.gov/fdc-app.html#/food-details/2525699/nutrients
USDA-FDC-2525705,Kellogg's Rice Krispies Treats Poppers Cookies 'N' Creme 1oz,Kellogg Company US,Processed Cereal Products,United States,038000197666,00038000197666,0,28,470,GROCERY|ONLINE,2023-04-27,2019-04-30,,UNKNOWN,https://fdc.nal.usda.gov/fdc-app.html#/food-details/2525705/nutrients
USDA-FDC-2525708,Kellogg's Cocoa Krispies Cereal 23.3oz,Kellogg Company US,Processed Cereal Products,United States,038000198076,00038000198076,0,42,524,GROCERY|ONLINE,2023-04-27,2019-03-29,,UNKNOWN,https://fdc.nal.usda.gov/fdc-app.html#/food-details/2525708/nutrients
USDA-FDC-2525709,Kellogg's Apple Jacks Cereal Original 10.1oz,Kellogg Company US,Processed Cereal Products,United States,038000198496,00038000198496,0,39,376,DRUG|FOOD_SERVICE|GROCERY|ONLINE,2023-04-27,2019-04-15,,UNKNOWN,https://fdc.nal.usda.gov/fdc-app.html#/food-details/2525709/nutrients
USDA-FDC-2525710,Kellogg's Corn Pops Cereal 10oz,Kellogg Company US,Processed Cereal Products,United States,038000198717,00038000198717,0,40,384,DRUG|FOOD_SERVICE|GROCERY|ONLINE,2023-04-27,2019-03-30,,UNKNOWN,https://fdc.nal.usda.gov/fdc-app.html#/food-details/2525710/nutrients
USDA-FDC-2525711,Kellogg's Corn Pops Cereal 14.6oz,Kellogg Company US,Processed Cereal Products,United States,038000198748,00038000198748,0,40,550,CONVENIENCE|FOOD_SERVICE|GROCERY|ONLINE,2023-04-27,2023-04-04,,UNKNOWN,https://fdc.nal.usda.gov/fdc-app.html#/food-details/2525711/nutrients
USDA-FDC-2525712,Kellogg's Froot Loops Cereal 10.1oz,Kellogg Company US,Processed Cereal Products,United States,038000198861,00038000198861,0,39,374,DRUG|FOOD_SERVICE|GROCERY|ONLINE,2023-04-27,2019-04-15,,UNKNOWN,https://fdc.nal.usda.gov/fdc-app.html#/food-details/2525712/nutrients
USDA-FDC-2525713,Kellogg's Froot Loops Cereal Wild Berry 10.1oz,Kellogg Company US,Processed Cereal Products,United States,038000198977,00038000198977,0,39,364,GROCERY|ONLINE,2023-04-27,2019-04-22,,UNKNOWN,https://fdc.nal.usda.gov/fdc-app.html#/food-details/2525713/nutrients
USDA-FDC-2525714,Kellogg's Frosted Flakes Cereal 13.5oz,Kellogg Company US,Processed Cereal Products,United States,038000199042,00038000199042,0,37,364,DRUG|FOOD_SERVICE|GROCERY|ONLINE,2023-04-27,2019-05-01,,UNKNOWN,https://fdc.nal.usda.gov/fdc-app.html#/food-details/2525714/nutrients
USDA-FDC-2525715,Kellogg's Frosted Flakes Cereal Marshmallow 13.6oz,Kellogg Company US,Processed Cereal Products,United States,038000199226,00038000199226,0,39,368,GROCERY|ONLINE,2023-04-27,2018-12-27,,UNKNOWN,https://fdc.nal.usda.gov/fdc-app.html#/food-details/2525715/nutrients
USDA-FDC-2525717,Kellogg's Rice Krispies Cereal 12oz,Kellogg Company US,Processed Cereal Products,United States,038000199943,00038000199943,0,40,550,FOOD_SERVICE|GROCERY|ONLINE,2023-04-27,2023-03-24,,UNKNOWN,https://fdc.nal.usda.gov/fdc-app.html#/food-details/2525717/nutrients
USDA-FDC-2525718,Kellogg's Rice Krispies Cereal Red & Blue 10.3oz,Kellogg Company US,Processed Cereal Products,United States,038000200076,00038000200076,0,40,550,DRUG|GROCERY|ONLINE,2023-04-27,2019-05-07,,UNKNOWN,https://fdc.nal.usda.gov/fdc-app.html#/food-details/2525718/nutrients
USDA-FDC-2525719,Kellogg's Rice Krispies Cereal Spring 10.3oz,Kellogg Company US,Processed Cereal Products,United States,038000200151,00038000200151,0,40,550,DRUG|FOOD_SERVICE|GROCERY|ONLINE,2023-04-27,2019-04-15,,UNKNOWN,https://fdc.nal.usda.gov/fdc-app.html#/food-details/2525719/nutrients
USDA-FDC-2525720,Kellogg's Pop-Tarts Crisps Frosted Brown Sugar Cinnamazing .98oz,Kellogg Company US,Sweet Bakery Products,United States,038000202759,00038000202759,0,28,413,DRUG|GROCERY|MILITARY|ONLINE,2023-04-27,2019-03-29,,UNKNOWN,https://fdc.nal.usda.gov/fdc-app.html#/food-details/2525720/nutrients
USDA-FDC-2525721,Kellogg's Pop-Tarts Frosted Brown Sugar Cinnamon Bites 2.2oz,Kellogg Company US,Sweet Bakery Products,United States,038000203138,00038000203138,0,64,385,DRUG|GROCERY|MILITARY|ONLINE,2023-04-27,2019-04-05,,UNKNOWN,https://fdc.nal.usda.gov/fdc-app.html#/food-details/2525721/nutrients
USDA-FDC-2525724,Kellogg's Rice Krispies Cereal Frosted 20.2oz,Kellogg Company US,Processed Cereal Products,United States,038000206290,00038000206290,0,38,553,GROCERY,2023-04-27,2018-10-25,,UNKNOWN,https://fdc.nal.usda.gov/fdc-app.html#/food-details/2525724/nutrients
USDA-FDC-2525725,Kellogg's Smacks Cereal 15.3oz,Kellogg Company US,Processed Cereal Products,United States,038000391033,00038000391033,0,36,556,CONVENIENCE|GROCERY|ONLINE,2023-04-27,2023-03-23,,UNKNOWN,https://fdc.nal.usda.gov/fdc-app.html#/food-details/2525725/nutrients
USDA-FDC-2525726,Kellogg's Froot Loops Cereal 12.2oz,Kellogg Company US,Processed Cereal Products,United States,038000391187,00038000391187,0,39,374,CONVENIENCE|FOOD_SERVICE|GROCERY|ONLINE,2023-04-27,2019-04-12,,UNKNOWN,https://fdc.nal.usda.gov/fdc-app.html#/food-details/2525726/nutrients
USDA-FDC-2525727,Kellogg's Apple Jacks Cereal 12.2oz,Kellogg Company US,Processed Cereal Products,United States,038000391347,00038000391347,0,39,376,CONVENIENCE|FOOD_SERVICE|GROCERY|ONLINE,2023-04-27,2019-03-29,,UNKNOWN,https://fdc.nal.usda.gov/fdc-app.html#/food-details/2525727/nutrients
USDA-FDC-2525728,Kellogg's Rice Krispies Cereal 24oz,Kellogg Company US,Processed Cereal Products,United States,038000395000,00038000395000,0,40,387,GROCERY|ONLINE,2023-04-27,2019-04-15,,UNKNOWN,https://fdc.nal.usda.gov/fdc-app.html#/food-details/2525728/nutrients
USDA-FDC-2525729,Kellogg's Special K Cereal Red Berries 11.2oz,Kellogg Company US,Processed Cereal Products,United States,038000599231,00038000599231,0,39,361,CONVENIENCE|DRUG|FOOD_SERVICE|GROCERY|ONLINE,2023-04-27,2019-05-01,,UNKNOWN,https://fdc.nal.usda.gov/fdc-app.html#/food-details/2525729/nutrients
USDA-FDC-2525730,Kellogg's Smart Start Cereal Healthy Heart 17.5oz,Kellogg Company US,Processed Cereal Products,United States,038000663307,00038000663307,0,64,374,CONVENIENCE|FOOD_SERVICE|GROCERY|ONLINE,2023-04-27,2019-03-29,,UNKNOWN,https://fdc.nal.usda.gov/fdc-app.html#/food-details/2525730/nutrients
USDA-FDC-2525731,Kellogg's Crispix Cereal 18oz,Kellogg Company US,Processed Cereal Products,United States,038000924224,00038000924224,0,39,377,DRUG|GROCERY|ONLINE,2023-04-27,2019-05-01,,UNKNOWN,https://fdc.nal.usda.gov/fdc-app.html#/food-details/2525731/nutrients
USDA-FDC-2525732,Kellogg's Froot Loops Cereal 26oz,Kellogg Company US,Processed Cereal Products,United States,038000937675,00038000937675,0,39,538,GROCERY|ONLINE,2023-04-27,2019-04-12,,UNKNOWN,https://fdc.nal.usda.gov/fdc-app.html#/food-details/2525732/nutrients
USDA-FDC-2525733,Kellogg's Frosted Flakes Cereal 33oz,Kellogg Company US,Processed Cereal Products,United States,038000937729,00038000937729,0,39,364,GROCERY|ONLINE,2023-04-27,2019-05-01,,UNKNOWN,https://fdc.nal.usda.gov/fdc-app.html#/food-details/2525733/nutrients
USDA-FDC-2525880,Bear Naked Bites Coconut Vanilla Cashew 1.3oz,Kellogg Company US,Processed Cereal Products,United States,884623102576,00884623102576,0,37,416,GROCERY|ONLINE,2023-04-27,2018-12-28,,UNKNOWN,https://fdc.nal.usda.gov/fdc-app.html#/food-details/2525880/nutrients
USDA-FDC-2525881,Bear Naked Bites Dark Chocolate Trail Mix 1.3oz,Kellogg Company US,Processed Cereal Products,United States,884623102590,00884623102590,0,37,409,GROCERY|ONLINE,2023-04-27,2019-01-22,,UNKNOWN,https://fdc.nal.usda.gov/fdc-app.html#/food-details/2525881/nutrients
USDA-FDC-2540531,"99% Fat Free Ground Turkey Breast Tray, 1.2 lbs",Cargill Incorporated/Honeysuckle White,Meat/Poultry/Other Animals Unprepared/Unprocessed,United States,642205501052,00642205501052,0,112,114,GROCERY,2023-05-25,2023-05-06,,UNKNOWN,https://fdc.nal.usda.gov/fdc-app.html#/food-details/2540531/nutrients
USDA-FDC-2556182,Kellogg's Eggo Waffles Mixed Berry 12.3oz,Kellogg Company US,Sweet Bakery Products,United States,038000169632,00038000169632,0,70,283,GROCERY|ONLINE,2023-06-29,2019-04-09,,UNKNOWN,https://fdc.nal.usda.gov/fdc-app.html#/food-details/2556182/nutrients
USDA-FDC-2556316,BUSH'S BEST Black Bean Fiesta 15.5 oz,Bush Brothers & Company,Vegetables Prepared/Processed,United States,039400011941,00039400011941,0,130,93,GROCERY,2023-06-29,2020-04-09,,UNKNOWN,https://fdc.nal.usda.gov/fdc-app.html#/food-details/2556316/nutrients
USDA-FDC-2556348,Bush's Organic Baked Beans 16 oz,Bush Brothers & Company,Vegetables Prepared/Processed,United States,039400016427,00039400016427,0,130,124,CHILD_NUTRITION_FOOD_PROGRAMS|GROCERY,2023-06-29,2022-03-08,,UNKNOWN,https://fdc.nal.usda.gov/fdc-app.html#/food-details/2556348/nutrients
USDA-FDC-2556980,CAMPBELL'S PASTA SPAGHETTIOS,CAMPBELL SOUP COMPANY,Dough Based Products / Meals,United States,051000026392,00051000026392,0,213,70,GROCERY,2023-06-29,2019-04-27,,UNKNOWN,https://fdc.nal.usda.gov/fdc-app.html#/food-details/2556980/nutrients
USDA-FDC-2557179,"Campbell's Pork and Beans, 23.8 Oz Can",CAMPBELL SOUP COMPANY,Vegetables Prepared/Processed,United States,051000212269,00051000212269,0,130,100,GROCERY,2023-06-29,2023-05-27,,UNKNOWN,https://fdc.nal.usda.gov/fdc-app.html#/food-details/2557179/nutrients
USDA-FDC-2558194,Pure Organic Pure Layered Fruit Bars Strawberry Banana .63oz,Kellogg Company US,Fruit Prepared/Processed,United States,190912100025,00190912100025,0,18,323,GROCERY|ONLINE,2023-06-29,2019-05-01,,UNKNOWN,https://fdc.nal.usda.gov/fdc-app.html#/food-details/2558194/nutrients
USDA-FDC-2610637,4oz ODYSSEY Blueberry Yogurt,Klondike Cheese Co.,Yogurt/Yogurt Substitutes,United States,084587041144,00084587041144,0,113,106,GROCERY,2023-07-13,2023-06-29,,UNKNOWN,https://fdc.nal.usda.gov/fdc-app.html#/food-details/2610637/nutrients
USDA-FDC-2649013,"93% lean / 7% Fat Ground Turkey Tray, 1 lb",Cargill Incorporated/Honeysuckle White,Meat/Poultry/Other Animals Unprepared/Unprocessed,United States,072322565017,00072322565017,0,112,145,GROCERY,2023-10-26,2023-09-30,,UNKNOWN,https://fdc.nal.usda.gov/fdc-app.html#/food-details/2649013/nutrients
USDA-FDC-2649122,"Kettle Brand Potato Chips, Buffalo Bleu Flavored Kettle Chips, 12.5 Oz",Snyder's-Lance INC.,Snacks,United States,084114902665,00084114902665,0,28,500,GROCERY,2023-10-26,2023-08-20,,UNKNOWN,https://fdc.nal.usda.gov/fdc-app.html#/food-details/2649122/nutrients
USDA-FDC-2649166,"93% Lean / 7% Fat Ground Turkey Tray, Fresh, 3 lbs.",Cargill Incorporated/Honeysuckle White,Meat/Poultry/Other Animals Unprepared/Unprocessed,United States,642205003938,00642205003938,0,112,144,GROCERY,2023-10-26,2023-09-30,,UNKNOWN,https://fdc.nal.usda.gov/fdc-app.html#/food-details/2649166/nutrients
USDA-FDC-2649435,"Campbell's Chunky Soup, Classic Chicken Noodle Soup, 16.10 Oz Can",CAMPBELL SOUP COMPANY,Prepared Soups,United States,051000284822,00051000284822,0,245,49,GROCERY,2023-10-26,2023-08-19,,UNKNOWN,https://fdc.nal.usda.gov/fdc-app.html#/food-details/2649435/nutrients
USDA-FDC-2649436,"Campbell's Chunky Soup, Steak and Potato Soup, 16.30 Oz Can",CAMPBELL SOUP COMPANY,Prepared Soups,United States,051000284846,00051000284846,0,245,49,GROCERY,2023-10-26,2023-08-19,,UNKNOWN,https://fdc.nal.usda.gov/fdc-app.html#/food-details/2649436/nutrients
USDA-FDC-2649794,Morningstar Farms Meal Solutions Sausage Style Crumbles,Kellogg Company US,Vegetable Based Products / Meals,United States,30028989102301,30028989102301,0,55,141,CHILD_NUTRITION_FOOD_PROGRAMS|FOOD_SERVICE|GROCERY|ONLINE,2023-10-26,2021-10-07,,UNKNOWN,https://fdc.nal.usda.gov/fdc-app.html#/food-details/2649794/nutrients
USDA-FDC-2650566,"Emerald Nuts, Natural Almonds, 100 Calorie Packs, 10 Ct, 6.2 Oz",Snyder's-Lance INC.,Nuts/Seeds Prepared/Processed,United States,010300894360,00010300894360,0,17.5,571,CHILD_NUTRITION_FOOD_PROGRAMS|GROCERY,2023-10-26,2023-09-23,,UNKNOWN,https://fdc.nal.usda.gov/fdc-app.html#/food-details/2650566/nutrients
USDA-FDC-2650868,"Campbell's Ready to Serve Low Sodium Cream of Mushroom Soup, 7.25 Ounce Cans, 24-Pack",CAMPBELL SOUP COMPANY,Prepared Soups,United States,051000006066,00051000006066,0,206,49,FOOD_SERVICE|GROCERY,2023-10-26,2023-09-30,,UNKNOWN,https://fdc.nal.usda.gov/fdc-app.html#/food-details/2650868/nutrients
USDA-FDC-2680920,Low Sodium Spaghetti Sauce,Hirzel Canning Company,Sauces/Spreads/Dips/Condiments,United States,20070900401454,20070900401454,0,122,41,GROCERY,2023-12-21,2023-11-30,,UNKNOWN,https://fdc.nal.usda.gov/fdc-app.html#/food-details/2680920/nutrients
USDA-FDC-2680928,No Salt Diced Tomatoes,Hirzel Canning Company,Sauces/Spreads/Dips/Condiments,United States,20070900401546,20070900401546,0,123,20,GROCERY,2023-12-21,2023-11-30,,UNKNOWN,https://fdc.nal.usda.gov/fdc-app.html#/food-details/2680928/nutrients
USDA-FDC-2682482,Low Sodium Tomato Soup,Hirzel Canning Company,Prepared Soups,United States,20070900401539,20070900401539,0,122,74,GROCERY,2024-02-01,2024-01-04,,UNKNOWN,https://fdc.nal.usda.gov/fdc-app.html#/food-details/2682482/nutrients
USDA-FDC-2688922,"Emerald Nuts, Cocoa Roast(R) Almonds, 100 Calorie Packs, 7 Ct, 4.34 Oz",Snyder's-Lance INC.,Nuts/Seeds - Prepared/Processed,United States,010300843252,00010300843252,0,17.5,571,GROCERY,2024-05-16,2024-03-28,,UNKNOWN,https://fdc.nal.usda.gov/fdc-app.html#/food-details/2688922/nutrients
USDA-FDC-2689198,"Pepperidge Farm Goldfish Crackers, Cheddar, 31-oz. Carton",Pepperidge Farm Inc.,Biscuits/Cookies,United States,014100079446,00014100079446,0,30,467,FOOD_SERVICE|GROCERY,2024-05-16,2024-04-01,,UNKNOWN,https://fdc.nal.usda.gov/fdc-app.html#/food-details/2689198/nutrients
USDA-FDC-2692492,"Emerald Nuts Honey Glazed Almonds, 1.25 Oz Bag",Snyder's-Lance INC.,Nuts/Seeds - Prepared/Processed,United States,010300894544,00010300894544,0,35,543,GROCERY,2024-05-16,2024-03-28,,UNKNOWN,https://fdc.nal.usda.gov/fdc-app.html#/food-details/2692492/nutrients
USDA-FDC-2692533,"Pepperidge Farm Milano Dark Chocolate Cookies, Snack Pack 2-Count",Pepperidge Farm Inc.,Biscuits/Cookies,United States,014100043706,00014100043706,0,21,524,FOOD_SERVICE|GROCERY,2024-05-16,2024-04-01,,UNKNOWN,https://fdc.nal.usda.gov/fdc-app.html#/food-details/2692533/nutrients
USDA-FDC-2692597,STOUFFER'S Spicy Nacho Mac and Cheese 10oz Box,Socit des Produits Nestl S.A.,Ready-Made Combination Meals,United States,013800708588,00013800708588,0,283,155,GROCERY,2024-05-16,2024-05-01,,UNKNOWN,https://fdc.nal.usda.gov/fdc-app.html#/food-details/2692597/nutrients
USDA-FDC-2695176,"Emerald Nuts Salt and Pepper Cashews, Single-Serve 1.25 Oz",Snyder's-Lance INC.,Nuts/Seeds - Prepared/Processed,United States,010300938194,00010300938194,0,35.4000015259,571,CHILD_NUTRITION_FOOD_PROGRAMS|GROCERY,2024-07-11,2024-06-12,,UNKNOWN,https://fdc.nal.usda.gov/fdc-app.html#/food-details/2695176/nutrients
USDA-FDC-2695310,"Campbell's Chunky Soup, Classic Chicken Noodle Soup, 15.25 oz Microwavable Bowl (Pack of 8)",CAMPBELL SOUP COMPANY,Prepared Soups,United States,051000288868,00051000288868,0,432,46,GROCERY,2024-07-11,2024-06-11,,UNKNOWN,https://fdc.nal.usda.gov/fdc-app.html#/food-details/2695310/nutrients
USDA-FDC-2695347,"Campbell's Chunky Soup, Spicy Chicken & Sausage Gumbo Soup, 15.25 oz Microwavable Bowl",CAMPBELL SOUP COMPANY,Prepared Soups,United States,051000289711,00051000289711,0,432,46,FOOD_SERVICE|GROCERY,2024-07-11,2024-06-11,,UNKNOWN,https://fdc.nal.usda.gov/fdc-app.html#/food-details/2695347/nutrients
USDA-FDC-2695349,"Swanson Garlic and Herbs White Chunk Fully Cooked Chicken, 2.6 OZ Pouch",CAMPBELL SOUP COMPANY,Meat/Poultry/Other Animals - Prepared/Processed,United States,051000287342,00051000287342,0,73.6999969482,109,GROCERY,2024-07-11,2024-06-11,,UNKNOWN,https://fdc.nal.usda.gov/fdc-app.html#/food-details/2695349/nutrients
USDA-FDC-2695353,"Swanson Original White Chunk Fully Cooked Chicken, 2.6 OZ Pouch",CAMPBELL SOUP COMPANY,Meat/Poultry/Other Animals - Prepared/Processed,United States,051000287847,00051000287847,0,73.6999969482,95,GROCERY,2024-07-11,2024-06-11,,UNKNOWN,https://fdc.nal.usda.gov/fdc-app.html#/food-details/2695353/nutrients
USDA-FDC-2695354,"Swanson 100% Natural Chicken Broth, 10.5 oz Can",CAMPBELL SOUP COMPANY,Herbs/Spices/Extracts,United States,051000287908,00051000287908,0,298,3,GROCERY,2024-07-11,2024-06-11,,UNKNOWN,https://fdc.nal.usda.gov/fdc-app.html#/food-details/2695354/nutrients
USDA-FDC-2695356,"Swanson Beef Broth, 10.5 oz Can",CAMPBELL SOUP COMPANY,Herbs/Spices/Extracts,United States,051000287939,00051000287939,0,298,5,GROCERY,2024-07-11,2024-06-11,,UNKNOWN,https://fdc.nal.usda.gov/fdc-app.html#/food-details/2695356/nutrients
USDA-FDC-2695397,"Swanson Hickory Smoked BBQ White Chunk Fully Cooked Chicken, 2.6 oz Pouch",CAMPBELL SOUP COMPANY,Meat/Poultry/Other Animals - Prepared/Processed,United States,051000289926,00051000289926,0,73.6999969482,109,GROCERY,2024-07-11,2024-06-11,,UNKNOWN,https://fdc.nal.usda.gov/fdc-app.html#/food-details/2695397/nutrients
USDA-FDC-2695413,"Swanson Mexican Style Spices White Chunk Fully Cooked Chicken, 2.6 oz Pouch",CAMPBELL SOUP COMPANY,Meat/Poultry/Other Animals - Prepared/Processed,United States,051000291394,00051000291394,0,73.6999969482,109,GROCERY,2024-07-11,2024-06-11,,UNKNOWN,https://fdc.nal.usda.gov/fdc-app.html#/food-details/2695413/nutrients
USDA-FDC-2695443,"Lance Salted Peanuts, 0.6 Oz Snack Packs, 5 Ct",Snyder's-Lance INC.,Nuts/Seeds - Prepared/Processed,United States,076410904108,00076410904108,0,17,647,GROCERY,2024-07-11,2024-06-12,,UNKNOWN,https://fdc.nal.usda.gov/fdc-app.html#/food-details/2695443/nutrients
USDA-FDC-2695445,"Lance Sandwich Crackers, ToastChee Cheddar, 40 Individually Wrapped Packs, 6 Sandwiches Each",Snyder's-Lance INC.,Biscuits/Cookies,United States,076410904504,00076410904504,0,40,500,GROCERY,2024-07-11,2024-06-12,,UNKNOWN,https://fdc.nal.usda.gov/fdc-app.html#/food-details/2695445/nutrients
USDA-FDC-2695448,"Lance Sandwich Crackers Minis, Whole Grain Peanut Butter, 8.5 Oz",Snyder's-Lance INC.,Biscuits/Cookies,United States,076410905006,00076410905006,0,28,500,GROCERY,2024-07-11,2024-06-12,,UNKNOWN,https://fdc.nal.usda.gov/fdc-app.html#/food-details/2695448/nutrients
USDA-FDC-2695451,"Lance Sandwich Crackers, Captain's Wafers White Cheddar, 6 Packs, 4 Sandwiches Each",Snyder's-Lance INC.,Biscuits/Cookies,United States,076410905334,00076410905334,0,26,500,GROCERY,2024-07-11,2024-06-12,,UNKNOWN,https://fdc.nal.usda.gov/fdc-app.html#/food-details/2695451/nutrients
USDA-FDC-2695459,"Lance White Cheddar Cheese Popcorn, 6 Oz Bag",Snyder's-Lance INC.,Snacks,United States,076410901121,00076410901121,0,28,571,GROCERY,2024-07-11,2024-06-12,,UNKNOWN,https://fdc.nal.usda.gov/fdc-app.html#/food-details/2695459/nutrients
USDA-FDC-2695478,"Lance Popcorn, White Cheddar Cheese, 0.75 Oz Snack Bag",Snyder's-Lance INC.,Snacks,United States,076410012278,00076410012278,0,21,571,GROCERY,2024-07-11,2024-06-12,,UNKNOWN,https://fdc.nal.usda.gov/fdc-app.html#/food-details/2695478/nutrients
USDA-FDC-2695510,"Snyder's of Hanover Mini Pretzels, Halloween Trick-or-Treat Snack Sack, 24 Ct",Snyder's-Lance INC.,Snacks,United States,077975081136,00077975081136,0,14,357,GROCERY,2024-07-11,2024-06-12,,UNKNOWN,https://fdc.nal.usda.gov/fdc-app.html#/food-details/2695510/nutrients
USDA-FDC-2695511,"Snyder's of Hanover Pretzel Sticks, 100 Calorie Individual Pack, 0.92 Oz",Snyder's-Lance INC.,Snacks,United States,077975082126,00077975082126,0,26,385,GROCERY,2024-07-11,2024-06-12,,UNKNOWN,https://fdc.nal.usda.gov/fdc-app.html#/food-details/2695511/nutrients
USDA-FDC-2695514,"Snyder's of Hanover, 100 Calorie Pretzel Sticks, Individual Packs, 10 Ct",Snyder's-Lance INC.,Snacks,United States,077975082171,00077975082171,0,26,385,GROCERY,2024-07-11,2024-06-12,,UNKNOWN,https://fdc.nal.usda.gov/fdc-app.html#/food-details/2695514/nutrients
USDA-FDC-2695712,"Campbell's Sipping Soup, Classic Tomato Soup, 11.1 oz Microwavable Cup",CAMPBELL SOUP COMPANY,Prepared Soups,United States,051000137364,00051000137364,0,316,41,GROCERY,2024-07-11,2024-06-11,,UNKNOWN,https://fdc.nal.usda.gov/fdc-app.html#/food-details/2695712/nutrients
USDA-FDC-2695716,"Pepperidge Farm Texas Toast Frozen 5 Cheese Bread, 6 Slices, 9.5 oz. Box",CAMPBELL SOUP COMPANY,Bread,United States,051000138651,00051000138651,0,45,333,GROCERY,2024-07-11,2024-06-15,,UNKNOWN,https://fdc.nal.usda.gov/fdc-app.html#/food-details/2695716/nutrients
USDA-FDC-2695717,"Pepperidge Farm Texas Toast Frozen Mozzarella & Monterey Jack Bread, 6 Slices, 9.5 oz. Box",CAMPBELL SOUP COMPANY,Bread,United States,051000140029,00051000140029,0,45,333,GROCERY,2024-07-11,2024-06-11,,UNKNOWN,https://fdc.nal.usda.gov/fdc-app.html#/food-details/2695717/nutrients
USDA-FDC-2695763,"Pepperidge Farm Texas Toast Frozen 5 Cheese Bread, 8 Slices, 12.7 oz. Box",CAMPBELL SOUP COMPANY,Bread,United States,051000210777,00051000210777,0,45,333,GROCERY,2024-07-11,2024-06-11,,UNKNOWN,https://fdc.nal.usda.gov/fdc-app.html#/food-details/2695763/nutrients
USDA-FDC-2695868,"Pepperidge Farm Apple Turnovers, 4-Count 12.5 Oz Box",CAMPBELL SOUP COMPANY,Sweet Bakery Products,United States,051000075017,00051000075017,0,89,270,GROCERY,2024-07-11,2024-06-11,,UNKNOWN,https://fdc.nal.usda.gov/fdc-app.html#/food-details/2695868/nutrients
USDA-FDC-2695882,"Pepperidge Farm Frozen 5 Cheese Garlic Bread, 11.75 oz. Bag",CAMPBELL SOUP COMPANY,Bread,United States,051000124746,00051000124746,0,56,357,GROCERY,2024-07-11,2024-06-22,,UNKNOWN,https://fdc.nal.usda.gov/fdc-app.html#/food-details/2695882/nutrients
USDA-FDC-2695887,"Pepperidge Farm Texas Toast Frozen Garlic Bread, 8 Slices, 11.25 oz. Box",CAMPBELL SOUP COMPANY,Bread,United States,051000127679,00051000127679,0,40,375,GROCERY,2024-07-11,2024-06-11,,UNKNOWN,https://fdc.nal.usda.gov/fdc-app.html#/food-details/2695887/nutrients
USDA-FDC-2695901,"Pepperidge Farm Cherry Turnovers Pastries, 4-Count 12.5 oz. Box",CAMPBELL SOUP COMPANY,Sweet Bakery Products,United States,051000075192,00051000075192,0,89,258,GROCERY,2024-07-11,2024-06-11,,UNKNOWN,https://fdc.nal.usda.gov/fdc-app.html#/food-details/2695901/nutrients
USDA-FDC-2695902,"Pepperidge Farm Peach Turnovers Pastries, 4-Count 12.5 oz. Box",CAMPBELL SOUP COMPANY,Sweet Bakery Products,United States,051000075208,00051000075208,0,89,281,GROCERY,2024-07-11,2024-06-22,,UNKNOWN,https://fdc.nal.usda.gov/fdc-app.html#/food-details/2695902/nutrients
USDA-FDC-2695905,"Pepperidge Farm Frozen Chocolate Fudge Layer Cake, 19.6 oz. Box",CAMPBELL SOUP COMPANY,Sweet Bakery Products,United States,051000076236,00051000076236,0,69,348,GROCERY,2024-07-11,2024-06-11,,UNKNOWN,https://fdc.nal.usda.gov/fdc-app.html#/food-details/2695905/nutrients
USDA-FDC-2695907,"Pepperidge Farm Frozen Coconut Layer Cake, 19.6 oz. Box",CAMPBELL SOUP COMPANY,Sweet Bakery Products,United States,051000076250,00051000076250,0,69,362,GROCERY,2024-07-11,2024-06-11,,UNKNOWN,https://fdc.nal.usda.gov/fdc-app.html#/food-details/2695907/nutrients
USDA-FDC-2695909,"Pepperidge Farm Frozen Chocolate Fudge Stripe Layer Cake, 19.6 oz. Box",CAMPBELL SOUP COMPANY,Sweet Bakery Products,United States,051000076298,00051000076298,0,69,362,GROCERY,2024-07-11,2024-06-11,,UNKNOWN,https://fdc.nal.usda.gov/fdc-app.html#/food-details/2695909/nutrients
USDA-FDC-2695911,"Pepperidge Farm Puff Pastry Frozen Pastry Dough Sheets, 2-Count, 17.3 oz. Box",CAMPBELL SOUP COMPANY,Savoury Bakery Products,United States,051000078742,00051000078742,0,41,366,GROCERY,2024-07-11,2024-06-11,,UNKNOWN,https://fdc.nal.usda.gov/fdc-app.html#/food-details/2695911/nutrients
USDA-FDC-2695914,"Pepperidge Farm Raspberry Turnovers, 4-Count 12.5 Oz Box",CAMPBELL SOUP COMPANY,Sweet Bakery Products,United States,051000075024,00051000075024,0,89,270,GROCERY,2024-07-11,2024-06-11,,UNKNOWN,https://fdc.nal.usda.gov/fdc-app.html#/food-details/2695914/nutrients
USDA-FDC-2695956,"Campbell's Chunky Soup, Creamy Chicken and Dumplings Soup, 16.3 Oz Can",CAMPBELL SOUP COMPANY,Prepared Soups,United States,051000277268,00051000277268,0,245,69,GROCERY,2024-07-11,2024-06-11,,UNKNOWN,https://fdc.nal.usda.gov/fdc-app.html#/food-details/2695956/nutrients
USDA-FDC-2695957,"Campbell's Chunky Soup, New England Clam Chowder, 16.3 Oz Can",CAMPBELL SOUP COMPANY,Prepared Soups,United States,051000277275,00051000277275,0,245,73,GROCERY,2024-07-11,2024-06-11,,UNKNOWN,https://fdc.nal.usda.gov/fdc-app.html#/food-details/2695957/nutrients
USDA-FDC-2696035,"Swanson Sipping Beef Bone Broth, 10.75 oz Microwavable Cup",CAMPBELL SOUP COMPANY,Prepared Soups,United States,051000279163,00051000279163,0,305,16,FOOD_SERVICE|GROCERY,2024-07-11,2024-06-11,,UNKNOWN,https://fdc.nal.usda.gov/fdc-app.html#/food-details/2696035/nutrients
USDA-FDC-2696036,"Campbell's Chunky Soup, Classic Chicken Noodle Soup, 16.1 Oz Can",CAMPBELL SOUP COMPANY,Prepared Soups,United States,051000279675,00051000279675,0,245,49,GROCERY,2024-07-11,2024-06-11,,UNKNOWN,https://fdc.nal.usda.gov/fdc-app.html#/food-details/2696036/nutrients
USDA-FDC-2696037,"Campbell's Chunky Healthy Request Soup, Beef Soup with Country Vegetables, 16.3 Oz Can",CAMPBELL SOUP COMPANY,Prepared Soups,United States,051000279682,00051000279682,0,245,45,GROCERY,2024-07-11,2024-06-11,,UNKNOWN,https://fdc.nal.usda.gov/fdc-app.html#/food-details/2696037/nutrients
USDA-FDC-2696079,"Campbell's Homestyle Soup, Clam Chowder, 10.5 Oz Can",CAMPBELL SOUP COMPANY,Prepared Soups,United States,051000229786,00051000229786,0,298,74,GROCERY,2024-07-11,2024-06-11,,UNKNOWN,https://fdc.nal.usda.gov/fdc-app.html#/food-details/2696079/nutrients
USDA-FDC-2696188,"Swanson White Premium Chunk Canned Chicken Breast in Water, 4.5 OZ Can (Case of 24)",CAMPBELL SOUP COMPANY,Meat/Poultry/Other Animals - Prepared/Processed,United States,10051000023794,10051000023794,0,127,87,CHILD_NUTRITION_FOOD_PROGRAMS|FOOD_SERVICE|GROCERY,2024-07-11,2024-06-14,,UNKNOWN,https://fdc.nal.usda.gov/fdc-app.html#/food-details/2696188/nutrients
USDA-FDC-2696204,"Swanson White Premium Chunk Canned Chicken Breast in Water, 12.5 OZ Can (Case of 12)",CAMPBELL SOUP COMPANY,Meat/Poultry/Other Animals - Prepared/Processed,United States,10051000188066,10051000188066,0,85,94,CHILD_NUTRITION_FOOD_PROGRAMS|GROCERY,2024-07-11,2024-06-14,,UNKNOWN,https://fdc.nal.usda.gov/fdc-app.html#/food-details/2696204/nutrients
USDA-FDC-2696500,"Snack Factory Pumpkin Spice White Creme Pretzel Crisps, 20 Oz Bag",Snyder's-Lance INC.,Snacks,United States,049508252740,00049508252740,0,28,500,GROCERY,2024-07-11,2024-06-19,,UNKNOWN,https://fdc.nal.usda.gov/fdc-app.html#/food-details/2696500/nutrients
USDA-FDC-2696695,"Kettle Brand Potato Chips, Sea Salt & Vinegar Kettle Chips, 5 Oz",Snyder's-Lance INC.,Snacks,United States,084114113450,00084114113450,0,28,500,GROCERY,2024-07-11,2024-06-12,,UNKNOWN,https://fdc.nal.usda.gov/fdc-app.html#/food-details/2696695/nutrients
USDA-FDC-2696703,"Kettle Brand Potato Chips, Korean Barbeque Kettle Chips, 8.5 Oz",Snyder's-Lance INC.,Snacks,United States,084114129581,00084114129581,0,28,500,GROCERY,2024-07-11,2024-06-12,,UNKNOWN,https://fdc.nal.usda.gov/fdc-app.html#/food-details/2696703/nutrients
USDA-FDC-2696716,"Kettle Brand Potato Chips, Krinkle Cut, Dill Pickle Kettle Chips, 8.5 Oz",Snyder's-Lance INC.,Snacks,United States,084114108548,00084114108548,0,28,536,GROCERY,2024-07-11,2024-06-12,,UNKNOWN,https://fdc.nal.usda.gov/fdc-app.html#/food-details/2696716/nutrients
USDA-FDC-2696739,"Kettle Brand Potato Chips, White Cheddar Kettle Chips, 5 Oz",Snyder's-Lance INC.,Snacks,United States,084114009944,00084114009944,0,28,536,GROCERY,2024-07-11,2024-06-12,,UNKNOWN,https://fdc.nal.usda.gov/fdc-app.html#/food-details/2696739/nutrients
USDA-FDC-2696746,"Kettle Brand Potato Chips, White Cheddar Kettle Chips, Snack Bag, 2 Oz",Snyder's-Lance INC.,Snacks,United States,084114033208,00084114033208,0,56,518,GROCERY,2024-07-11,2024-06-12,,UNKNOWN,https://fdc.nal.usda.gov/fdc-app.html#/food-details/2696746/nutrients
USDA-FDC-2696806,"Kettle Brand Potato Chips, Gochujang Sweet & Spicy Chips, 6.5 Oz Bag",Snyder's-Lance INC.,Snacks,United States,084114903099,00084114903099,0,28,500,GROCERY,2024-07-11,2024-06-12,,UNKNOWN,https://fdc.nal.usda.gov/fdc-app.html#/food-details/2696806/nutrients
USDA-FDC-2696819,"Snyder's of Hanover Pretzels, White Peppermint Rounds, 5 Oz",Snyder's-Lance INC.,Snacks,United States,077975094785,00077975094785,0,28,500,GROCERY,2024-07-11,2024-06-12,,UNKNOWN,https://fdc.nal.usda.gov/fdc-app.html#/food-details/2696819/nutrients
USDA-FDC-2696823,"Snyder's of Hanover Pretzels, Sour Cream & Onion Twisted Pretzel Sticks, Snack Pack 1 Oz",Snyder's-Lance INC.,Snacks,United States,077975094914,00077975094914,0,28,464,GROCERY,2024-07-11,2024-06-12,,UNKNOWN,https://fdc.nal.usda.gov/fdc-app.html#/food-details/2696823/nutrients
USDA-FDC-2696824,"Snyder's of Hanover Pretzels, Jalapeno Ranch Twisted Pretzel Sticks, Snack Pack 1 Oz",Snyder's-Lance INC.,Snacks,United States,077975094921,00077975094921,0,28,464,GROCERY,2024-07-11,2024-06-12,,UNKNOWN,https://fdc.nal.usda.gov/fdc-app.html#/food-details/2696824/nutrients
USDA-FDC-2696825,SNYDERS OF HANOVER PRETZELS NACHO,Snyder's-Lance INC.,Biscuits/Cookies,United States,077975095058,00077975095058,0,28,429,GROCERY,2024-07-11,2024-06-12,,UNKNOWN,https://fdc.nal.usda.gov/fdc-app.html#/food-details/2696825/nutrients
USDA-FDC-2696845,"Snyder's of Hanover Pretzels, Rounds, Butter, 1.25 Oz",Snyder's-Lance INC.,Snacks,United States,077975094426,00077975094426,0,35,400,GROCERY,2024-07-11,2024-06-12,,UNKNOWN,https://fdc.nal.usda.gov/fdc-app.html#/food-details/2696845/nutrients
USDA-FDC-2696846,"Eatsmart Snacks, Veggie Crisps with Sea Salt, 100 Calorie Multipack, 8 Ct Snack Bags",Snyder's-Lance INC.,Snacks,United States,077975088142,00077975088142,0,21,476,GROCERY,2024-07-11,2024-06-12,,UNKNOWN,https://fdc.nal.usda.gov/fdc-app.html#/food-details/2696846/nutrients
USDA-FDC-2696873,"Snyder's of Hanover Pretzels, Rounds, Sea Salt, Snack Pack 1.25 Oz",Snyder's-Lance INC.,Snacks,United States,077975094419,00077975094419,0,35,400,GROCERY,2024-07-11,2024-06-12,,UNKNOWN,https://fdc.nal.usda.gov/fdc-app.html#/food-details/2696873/nutrients
USDA-FDC-2696876,"Snyder's of Hanover Pretzel Pieces, Nashville Hot, 5 Oz",Snyder's-Lance INC.,Dough Based Products / Meals,United States,077975095706,00077975095706,0,28,500,GROCERY,2024-07-11,2024-06-12,,UNKNOWN,https://fdc.nal.usda.gov/fdc-app.html#/food-details/2696876/nutrients
USDA-FDC-2696922,"Snyder's of Hanover Pretzel Pieces, Nashville Hot, 2.25 Oz",Snyder's-Lance INC.,Snacks,United States,077975096123,00077975096123,0,28,500,GROCERY,2024-07-11,2024-06-12,,UNKNOWN,https://fdc.nal.usda.gov/fdc-app.html#/food-details/2696922/nutrients
USDA-FDC-2697034,"Pepperidge Farm Goldfish Made with Whole Grain 100 Calorie Snack Crackers, Cheddar, .75 Ounce, Pack of 100",Pepperidge Farm Inc.,Biscuits/Cookies,United States,10014100181979,10014100181979,0,21,476,CHILD_NUTRITION_FOOD_PROGRAMS|FOOD_SERVICE|GROCERY,2024-07-11,2024-06-13,,UNKNOWN,https://fdc.nal.usda.gov/fdc-app.html#/food-details/2697034/nutrients
USDA-FDC-2697038,Bear Naked Cereal Granola Original Cinnamon 11.2oz,BEAR NAKED FOODS,Processed Cereal Products,United States,884623100787,00884623100787,0,59,447,CONVENIENCE|FOOD_SERVICE|GROCERY|ONLINE,2024-07-11,2024-05-29,,UNKNOWN,https://fdc.nal.usda.gov/fdc-app.html#/food-details/2697038/nutrients
USDA-FDC-2697041,Bear Naked Bites Peanut Butter Honey 7.2oz,BEAR NAKED FOODS,Processed Cereal Products,United States,884623101968,00884623101968,0,38,428,GROCERY|ONLINE,2024-07-11,2024-05-29,,UNKNOWN,https://fdc.nal.usda.gov/fdc-app.html#/food-details/2697041/nutrients
USDA-FDC-2697050,"LATE JULY Snacks Restaurant Style Chia & Quinoa Tortilla Chips, 11 oz. Bag",Snyder's-Lance INC.,Snacks,United States,890444000281,00890444000281,0,28,500,GROCERY|MASS_MERCHANDISING,2024-07-11,2024-06-12,,UNKNOWN,https://fdc.nal.usda.gov/fdc-app.html#/food-details/2697050/nutrients
USDA-FDC-2697063,"LATE JULY Snacks Clasico Crispy Yellow Corn Tortilla Chips, 5.5 oz. Bag",Snyder's-Lance INC.,Snacks,United States,890444000182,00890444000182,0,28,464,GROCERY|MASS_MERCHANDISING,2024-07-11,2024-06-12,,UNKNOWN,https://fdc.nal.usda.gov/fdc-app.html#/food-details/2697063/nutrients
USDA-FDC-2697065,Bear Naked Cereal Granola All Natural Granola Fruit & Nut 12oz,BEAR NAKED FOODS,Processed Cereal Products,United States,856416000017,00856416000017,0,60,446,CONVENIENCE|FOOD_SERVICE|GROCERY|ONLINE,2024-07-11,2024-05-29,,UNKNOWN,https://fdc.nal.usda.gov/fdc-app.html#/food-details/2697065/nutrients
USDA-FDC-2697135,"Late July Grain Free Sea Salt Crackers, 4.9 Ounce Box",Snyder's-Lance INC.,Snacks,United States,815099021375,00815099021375,0,28,464,GROCERY,2024-07-11,2024-06-12,,UNKNOWN,https://fdc.nal.usda.gov/fdc-app.html#/food-details/2697135/nutrients
USDA-FDC-2697143,"LATE JULY Kettle Organic Popcorn, 4.4 oz. Bag",Snyder's-Lance INC.,Snacks,United States,815099020521,00815099020521,0,28,500,GROCERY|MASS_MERCHANDISING,2024-07-11,2024-06-12,,UNKNOWN,https://fdc.nal.usda.gov/fdc-app.html#/food-details/2697143/nutrients
USDA-FDC-2697150,"Late July Snacks, Organic Chia & Quinoa Crackers, 6 Oz Box",Snyder's-Lance INC.,Snacks,United States,815099021924,00815099021924,0,14,500,GROCERY,2024-07-11,2024-06-12,,UNKNOWN,https://fdc.nal.usda.gov/fdc-app.html#/food-details/2697150/nutrients
USDA-FDC-2697160,"LATE JULY White Cheddar Organic Popcorn, 4.4 oz. Bag",Snyder's-Lance INC.,Snacks,United States,815099020514,00815099020514,0,28,536,GROCERY|MASS_MERCHANDISING,2024-07-11,2024-06-12,,UNKNOWN,https://fdc.nal.usda.gov/fdc-app.html#/food-details/2697160/nutrients
USDA-FDC-2697392,"Cape Cod Potato Chips, Pink Himalayan Salt & Red Wine Vinegar Kettle Cooked Chips, 6.5 Oz",Snyder's-Lance INC.,Snacks,United States,020685002434,00020685002434,0,28,500,GROCERY,2024-07-11,2024-06-12,,UNKNOWN,https://fdc.nal.usda.gov/fdc-app.html#/food-details/2697392/nutrients
USDA-FDC-2697402,"Cape Cod Potato Chips, Sea Salt & Vinegar Kettle Cooked Chips, 14 Oz Party Size",Snyder's-Lance INC.,Snacks,United States,020685002953,00020685002953,0,28,500,GROCERY,2024-07-11,2024-06-12,,UNKNOWN,https://fdc.nal.usda.gov/fdc-app.html#/food-details/2697402/nutrients
USDA-FDC-2697407,"Cape Cod Potato Chips, Original Less Fat Kettle Chips, Snack Bags, 16 Ct",Snyder's-Lance INC.,Snacks,United States,020685003097,00020685003097,0,28,464,GROCERY,2024-07-11,2024-06-12,,UNKNOWN,https://fdc.nal.usda.gov/fdc-app.html#/food-details/2697407/nutrients
USDA-FDC-2697411,"Cape Cod Potato Chips, Original Kettle Chips, Snack Bags, 8 Ct",Snyder's-Lance INC.,Snacks,United States,020685001536,00020685001536,0,21,524,GROCERY,2024-07-11,2024-06-12,,UNKNOWN,https://fdc.nal.usda.gov/fdc-app.html#/food-details/2697411/nutrients
USDA-FDC-2697441,"Cape Cod Potato Chips, Less Fat Original Kettle Cooked Chips, 28 Oz",Snyder's-Lance INC.,Snacks,United States,020685001086,00020685001086,0,28,464,GROCERY,2024-07-11,2024-06-12,,UNKNOWN,https://fdc.nal.usda.gov/fdc-app.html#/food-details/2697441/nutrients
USDA-FDC-2697446,"Pop Secret Popcorn, Sweet 'n Crunchy Kettle Corn Microwave Popcorn, 2.64 Oz Sharing Bags, 3 Ct",Snyder's-Lance INC.,Snacks,United States,023896299600,00023896299600,0,36,472,GROCERY,2024-07-11,2024-06-15,,UNKNOWN,https://fdc.nal.usda.gov/fdc-app.html#/food-details/2697446/nutrients
USDA-FDC-2697447,"Pop Secret Microwave Popcorn, Light Butter Flavor, 3 Oz Sharing Bags, 3 Ct",Snyder's-Lance INC.,Snacks,United States,023896497709,00023896497709,0,29,414,GROCERY,2024-07-11,2024-06-12,,UNKNOWN,https://fdc.nal.usda.gov/fdc-app.html#/food-details/2697447/nutrients
USDA-FDC-2697448,"Pop Secret Microwave Popcorn, Butter Flavor, 3.2 Oz Sharing Bags, 6 Ct",Snyder's-Lance INC.,Snacks,United States,023896498508,00023896498508,0,25,520,GROCERY,2024-07-11,2024-06-12,,UNKNOWN,https://fdc.nal.usda.gov/fdc-app.html#/food-details/2697448/nutrients
USDA-FDC-2697449,"Pop Secret Popcorn, Kettle Corn Microwave Popcorn, 3.2 Oz Sharing Bags, 3 Ct",Snyder's-Lance INC.,Snacks,United States,023896498607,00023896498607,0,25,520,GROCERY,2024-07-11,2024-06-12,,UNKNOWN,https://fdc.nal.usda.gov/fdc-app.html#/food-details/2697449/nutrients
USDA-FDC-2697450,"Pop Secret Microwave Popcorn, Butter, 3.2 Oz, 3 Ct",Snyder's-Lance INC.,Snacks,United States,023896499901,00023896499901,0,25,520,GROCERY,2024-07-11,2024-06-12,,UNKNOWN,https://fdc.nal.usda.gov/fdc-app.html#/food-details/2697450/nutrients
USDA-FDC-2697451,"Pop Secret Popcorn, Movie Theater Butter, Microwave Popcorn Bags, 3 Count Box",Snyder's-Lance INC.,Snacks,United States,023896576909,00023896576909,0,25,520,GROCERY,2024-07-11,2024-06-12,,UNKNOWN,https://fdc.nal.usda.gov/fdc-app.html#/food-details/2697451/nutrients
USDA-FDC-2697452,"Pop Secret Microwave Popcorn, Movie Theater Butter Flavor, 3.2 Oz Sharing Bags, 6 Ct",Snyder's-Lance INC.,Snacks,United States,023896577005,00023896577005,0,25,520,GROCERY,2024-07-11,2024-06-12,,UNKNOWN,https://fdc.nal.usda.gov/fdc-app.html#/food-details/2697452/nutrients
USDA-FDC-2697453,"Pop Secret Microwave Popcorn, Movie Theater Butter Flavor, 3 Oz Sharing Bags, 30 Ct",Snyder's-Lance INC.,Snacks,United States,023896696874,00023896696874,0,25,520,GROCERY,2024-07-11,2024-06-12,,UNKNOWN,https://fdc.nal.usda.gov/fdc-app.html#/food-details/2697453/nutrients
USDA-FDC-2697455,"Pop Secret Popcorn, Double Butter Microwave Popcorn, 3.2 Oz Sharing Bags, 12 Ct",Snyder's-Lance INC.,Snacks,United States,023896800172,00023896800172,0,25,520,GROCERY,2024-07-11,2024-06-12,,UNKNOWN,https://fdc.nal.usda.gov/fdc-app.html#/food-details/2697455/nutrients
USDA-FDC-2697456,"Pop Secret Microwave Popcorn, 100 Calorie Butter Flavor, 1.1 Oz Snack Bags, 12 Ct",Snyder's-Lance INC.,Snacks,United States,023896800189,00023896800189,0,31,387,GROCERY,2024-07-11,2024-06-12,,UNKNOWN,https://fdc.nal.usda.gov/fdc-app.html#/food-details/2697456/nutrients
USDA-FDC-2697457,"Pop Secret Popcorn, Kettle Corn Microwave Popcorn, 100 Calorie Snack Bags, 12 Ct",Snyder's-Lance INC.,Snacks,United States,023896800202,00023896800202,0,31,387,GROCERY,2024-07-11,2024-06-12,,UNKNOWN,https://fdc.nal.usda.gov/fdc-app.html#/food-details/2697457/nutrients
USDA-FDC-2697458,"Pop Secret Microwave Popcorn, Movie Theater Butter Flavor, 1.75 Oz Snack Bags, 12 Ct",Snyder's-Lance INC.,Snacks,United States,023896800219,00023896800219,0,49,510,GROCERY,2024-07-11,2024-06-12,,UNKNOWN,https://fdc.nal.usda.gov/fdc-app.html#/food-details/2697458/nutrients
USDA-FDC-2697459,"Pop Secret Microwave Popcorn, Homestyle Butter Flavor, 1.75 Oz Snack Bags, 12 Ct",Snyder's-Lance INC.,Snacks,United States,023896800226,00023896800226,0,49,510,GROCERY,2024-07-11,2024-06-12,,UNKNOWN,https://fdc.nal.usda.gov/fdc-app.html#/food-details/2697459/nutrients
USDA-FDC-2697460,"Pop Secret Microwave Popcorn, 94% Fat Free Butter Flavor, 1.5 Oz Snack Bags, 12 Ct",Snyder's-Lance INC.,Snacks,United States,023896800233,00023896800233,0,42,357,GROCERY,2024-07-11,2024-06-12,,UNKNOWN,https://fdc.nal.usda.gov/fdc-app.html#/food-details/2697460/nutrients
USDA-FDC-2697461,"Pop Secret Microwave Popcorn, Homestyle Butter Flavor, 3 Oz Sharing Bags, 18 Ct",Snyder's-Lance INC.,Snacks,United States,023896800271,00023896800271,0,25,520,GROCERY,2024-07-11,2024-06-12,,UNKNOWN,https://fdc.nal.usda.gov/fdc-app.html#/food-details/2697461/nutrients
USDA-FDC-2697462,"Pop Secret Microwave Popcorn, Double Butter Flavor, 3 Oz Sharing Bags, 18 Ct",Snyder's-Lance INC.,Snacks,United States,023896800301,00023896800301,0,25,520,GROCERY,2024-07-11,2024-06-12,,UNKNOWN,https://fdc.nal.usda.gov/fdc-app.html#/food-details/2697462/nutrients
USDA-FDC-2697463,"Pop Secret Microwave Popcorn, Extra Butter Flavor, 3 Oz Sharing Bags, 18 Ct",Snyder's-Lance INC.,Snacks,United States,023896800318,00023896800318,0,25,520,GROCERY,2024-07-11,2024-06-12,,UNKNOWN,https://fdc.nal.usda.gov/fdc-app.html#/food-details/2697463/nutrients
USDA-FDC-2697464,"Pop Secret Jumbo Popcorn Kernels, 50 Oz Jar, 2 Ct",Snyder's-Lance INC.,Snacks,United States,023896800479,00023896800479,0,33,364,GROCERY,2024-07-11,2024-06-12,,UNKNOWN,https://fdc.nal.usda.gov/fdc-app.html#/food-details/2697464/nutrients
USDA-FDC-2697475,"Pop Secret Microwave Popcorn, Double Butter Flavor, 3.2 Oz Sharing Bags, 3 Ct",Snyder's-Lance INC.,Snacks,United States,023896287867,00023896287867,0,25,520,GROCERY,2024-07-11,2024-06-12,,UNKNOWN,https://fdc.nal.usda.gov/fdc-app.html#/food-details/2697475/nutrients
USDA-FDC-2697476,"Pop Secret Microwave Popcorn, Homestyle Butter Flavor, 3.2 Oz Sharing Bags, 6 Ct",Snyder's-Lance INC.,Snacks,United States,023896246901,00023896246901,0,25,520,GROCERY,2024-07-11,2024-06-12,,UNKNOWN,https://fdc.nal.usda.gov/fdc-app.html#/food-details/2697476/nutrients
USDA-FDC-2697496,"Pop Secret Microwave Popcorn, Extra Butter Flavor, 3.2 Oz Sharing Bags, 3 Ct",Snyder's-Lance INC.,Snacks,United States,023896166704,00023896166704,0,25,520,GROCERY,2024-07-11,2024-06-12,,UNKNOWN,https://fdc.nal.usda.gov/fdc-app.html#/food-details/2697496/nutrients
USDA-FDC-2697497,"Pop Secret Microwave Popcorn, Extra Butter Flavor, 3.2 Oz Sharing Bags, 6 Ct",Snyder's-Lance INC.,Snacks,United States,023896166803,00023896166803,0,25,520,GROCERY,2024-07-11,2024-06-12,,UNKNOWN,https://fdc.nal.usda.gov/fdc-app.html#/food-details/2697497/nutrients
USDA-FDC-2697498,"Pop Secret Jumbo Popcorn Kernels, 30 Oz Jar",Snyder's-Lance INC.,Snacks,United States,023896177007,00023896177007,0,33,364,GROCERY,2024-07-11,2024-06-12,,UNKNOWN,https://fdc.nal.usda.gov/fdc-app.html#/food-details/2697498/nutrients
USDA-FDC-2697499,"Pop Secret Jumbo Popcorn Kernels, 50 Oz Jar",Snyder's-Lance INC.,Snacks,United States,023896177120,00023896177120,0,33,364,GROCERY,2024-07-11,2024-06-12,,UNKNOWN,https://fdc.nal.usda.gov/fdc-app.html#/food-details/2697499/nutrients
USDA-FDC-2697500,"Pop Secret Microwave Popcorn, Movie Theater Butter, Flavor, 3 Oz Sharing Bags, 12 Ct",Snyder's-Lance INC.,Snacks,United States,023896178547,00023896178547,0,25,520,GROCERY,2024-07-11,2024-06-12,,UNKNOWN,https://fdc.nal.usda.gov/fdc-app.html#/food-details/2697500/nutrients
USDA-FDC-2697502,"Pop Secret Microwave Popcorn, Butter Flavor, 3.2 Oz Sharing Bags, 12 Ct",Snyder's-Lance INC.,Snacks,United States,023896178745,00023896178745,0,25,520,GROCERY,2024-07-11,2024-06-12,,UNKNOWN,https://fdc.nal.usda.gov/fdc-app.html#/food-details/2697502/nutrients
USDA-FDC-2697503,"Pop Secret Popcorn, Kettle Corn Microwave Popcorn, 3 Oz Sharing Bags, 12 Ct",Snyder's-Lance INC.,Snacks,United States,023896178844,00023896178844,0,25,520,GROCERY,2024-07-11,2024-06-12,,UNKNOWN,https://fdc.nal.usda.gov/fdc-app.html#/food-details/2697503/nutrients
USDA-FDC-2697504,"Pop Secret Microwave Popcorn, Homestyle Butter Flavor, 3.2 Oz Sharing Bags, 3 Ct",Snyder's-Lance INC.,Snacks,United States,023896246802,00023896246802,0,25,520,GROCERY,2024-07-11,2024-06-12,,UNKNOWN,https://fdc.nal.usda.gov/fdc-app.html#/food-details/2697504/nutrients
USDA-FDC-2697699,"Pepperidge Farm Goldfish Special Edition DisneyPixar Toy Story 4 Cheddar Crackers, 6.6 oz. Bag",Pepperidge Farm Inc.,Biscuits/Cookies,United States,014100050476,00014100050476,0,30,467,GROCERY,2024-07-11,2024-06-11,,UNKNOWN,https://fdc.nal.usda.gov/fdc-app.html#/food-details/2697699/nutrients
USDA-FDC-2697700,"Pepperidge Farm Goldfish Special Edition DisneyPixar Toy Story 4 Cheddar Crackers, 9 oz. Multi-pack Tray, 12-count 0.75 oz. Single-Serve Snack Packs",Pepperidge Farm Inc.,Biscuits/Cookies,United States,014100050483,00014100050483,0,21,476,GROCERY,2024-07-11,2024-06-11,,UNKNOWN,https://fdc.nal.usda.gov/fdc-app.html#/food-details/2697700/nutrients
USDA-FDC-2697701,"Pepperidge Farm Goldfish Special Edition DisneyPixar Toy Story 4 Cheddar Crackers, 6.75 oz. Multi-pack Tray, 9-count 0.75 oz. Single-Serve Snack Packs",Pepperidge Farm Inc.,Biscuits/Cookies,United States,014100050490,00014100050490,0,21,476,GROCERY,2024-07-11,2024-06-11,,UNKNOWN,https://fdc.nal.usda.gov/fdc-app.html#/food-details/2697701/nutrients
USDA-FDC-2697705,PEPPERIDGE FARM COOKIES DARK CHOCOLATE,Pepperidge Farm Inc.,Biscuits/Cookies,United States,014100050629,00014100050629,0,27,444,GROCERY,2024-07-11,2024-06-11,,UNKNOWN,https://fdc.nal.usda.gov/fdc-app.html#/food-details/2697705/nutrients
USDA-FDC-2697706,PEPPERIDGE FARM CRACKERS GOLDFISH,Pepperidge Farm Inc.,Biscuits/Cookies,United States,014100050643,00014100050643,0,30,467,GROCERY,2024-07-11,2024-06-11,,UNKNOWN,https://fdc.nal.usda.gov/fdc-app.html#/food-details/2697706/nutrients
USDA-FDC-2697707,"Pepperidge Farm Chessmen Cookies, 7.25 Oz Bag",Pepperidge Farm Inc.,Biscuits/Cookies,United States,014100050674,00014100050674,0,26,462,GROCERY,2024-07-11,2024-06-11,,UNKNOWN,https://fdc.nal.usda.gov/fdc-app.html#/food-details/2697707/nutrients
USDA-FDC-2697709,"Pepperidge Farm Milano Cookies, Irish Cream Flavored, 7 oz. Bag",Pepperidge Farm Inc.,Biscuits/Cookies,United States,014100050698,00014100050698,0,26,500,GROCERY,2024-07-11,2024-06-11,,UNKNOWN,https://fdc.nal.usda.gov/fdc-app.html#/food-details/2697709/nutrients
USDA-FDC-2697712,"Pepperidge Farm Goldfish Epic Crunch Nacho Crackers, 0.9 oz. Pouch, 12 count",Pepperidge Farm Inc.,Biscuits/Cookies,United States,014100050735,00014100050735,0,26,423,GROCERY,2024-07-11,2024-06-11,,UNKNOWN,https://fdc.nal.usda.gov/fdc-app.html#/food-details/2697712/nutrients
USDA-FDC-2697714,"Pepperidge Farm Goldfish Special Edition Disney Mickey Mouse Cheddar Crackers, 24 oz. Box, 45-count 1 oz. Snack Packs",Pepperidge Farm Inc.,Biscuits/Cookies,United States,014100050766,00014100050766,0,21,476,GROCERY,2024-07-11,2024-06-11,,UNKNOWN,https://fdc.nal.usda.gov/fdc-app.html#/food-details/2697714/nutrients
USDA-FDC-2697718,"Pepperidge Farm Toy Soldier Cinnamon Brown Sugar Cookies, 7.2 oz bag",Pepperidge Farm Inc.,Biscuits/Cookies,United States,014100050858,00014100050858,0,34,441,GROCERY,2024-07-11,2024-06-11,,UNKNOWN,https://fdc.nal.usda.gov/fdc-app.html#/food-details/2697718/nutrients
USDA-FDC-2697720,"Pepperidge Farm Bakery Classics Everything Hamburger Buns, 8-Pack Bag",Pepperidge Farm Inc.,Bread,United States,014100051251,00014100051251,0,53,283,GROCERY,2024-07-11,2024-06-11,,UNKNOWN,https://fdc.nal.usda.gov/fdc-app.html#/food-details/2697720/nutrients
USDA-FDC-2697722,"Pepperidge Farm Milano Cookies, Dark Chocolate, 30 Packs Box, 2 Cookies Per Pack",Pepperidge Farm Inc.,Biscuits/Cookies,United States,014100051282,00014100051282,0,21,524,GROCERY,2024-07-11,2024-06-11,,UNKNOWN,https://fdc.nal.usda.gov/fdc-app.html#/food-details/2697722/nutrients
USDA-FDC-2697726,"Pepperidge Farm Goldfish Special Edition Disney Mickey Mouse Cheddar Crackers, 24 oz. Box, 24-count 1 oz. Snack Packs",Pepperidge Farm Inc.,Biscuits/Cookies,United States,014100050384,00014100050384,0,21,476,GROCERY,2024-07-11,2024-06-11,,UNKNOWN,https://fdc.nal.usda.gov/fdc-app.html#/food-details/2697726/nutrients
USDA-FDC-2697731,"Pepperidge Farm Milano Cookies, Mint Chocolate Cookies, 20-Count Multipack Tub, 2 Cookies per Pack",Pepperidge Farm Inc.,Biscuits/Cookies,United States,014100049326,00014100049326,0,27,481,FOOD_SERVICE|GROCERY,2024-07-11,2024-06-11,,UNKNOWN,https://fdc.nal.usda.gov/fdc-app.html#/food-details/2697731/nutrients
USDA-FDC-2697732,"Pepperidge Farm White Slider Buns, 24 Count Bag",Pepperidge Farm Inc.,Bread,United States,014100049432,00014100049432,0,36,278,GROCERY,2024-07-11,2024-06-11,,UNKNOWN,https://fdc.nal.usda.gov/fdc-app.html#/food-details/2697732/nutrients
USDA-FDC-2697736,"Goldfish Flavor Blasted Xtra Cheddar Crackers, Snack Crackers, 8 oz resealable bag",Pepperidge Farm Inc.,Biscuits/Cookies,United States,014100049630,00014100049630,0,30,467,GROCERY,2024-07-11,2024-06-11,,UNKNOWN,https://fdc.nal.usda.gov/fdc-app.html#/food-details/2697736/nutrients
USDA-FDC-2697741,"Pepperidge Farm Bakery Classics Top Sliced White Hot Dog Buns, 16-Count Bag",Pepperidge Farm Inc.,Bread,United States,014100049715,00014100049715,0,50,280,GROCERY,2024-07-11,2024-06-11,,UNKNOWN,https://fdc.nal.usda.gov/fdc-app.html#/food-details/2697741/nutrients
USDA-FDC-2697749,"Pepperidge Farm Goldfish Grahams Hot Cocoa Holiday Mix Crackers, 6.6 oz. Bag",Pepperidge Farm Inc.,Biscuits/Cookies,United States,014100049920,00014100049920,0,30,467,GROCERY,2024-07-11,2024-06-11,,UNKNOWN,https://fdc.nal.usda.gov/fdc-app.html#/food-details/2697749/nutrients
USDA-FDC-2697754,"Pepperidge Farm Goldfish Epic Crunch Nacho Crackers, 2.25 oz. Snack Bag",Pepperidge Farm Inc.,Biscuits/Cookies,United States,014100050216,00014100050216,0,30,433,GROCERY,2024-07-11,2024-06-11,,UNKNOWN,https://fdc.nal.usda.gov/fdc-app.html#/food-details/2697754/nutrients
USDA-FDC-2697756,"Goldfish Special Edition Disney Mickey Mouse Cheddar Crackers, 12-count Tray",Pepperidge Farm Inc.,Biscuits/Cookies,United States,014100050247,00014100050247,0,21,476,GROCERY,2024-07-11,2024-06-11,,UNKNOWN,https://fdc.nal.usda.gov/fdc-app.html#/food-details/2697756/nutrients
USDA-FDC-2697761,"Goldfish Limited Edition Disney 100th Cheddar Crackers, Snack Crackers, 6.6 oz bag",Pepperidge Farm Inc.,Biscuits/Cookies,United States,014100054122,00014100054122,0,30,467,GROCERY,2024-07-11,2024-06-11,,UNKNOWN,https://fdc.nal.usda.gov/fdc-app.html#/food-details/2697761/nutrients
USDA-FDC-2697766,"Goldfish Marvel Studios Black Panther: Wakanda Forever Cheddar Crackers, Snack Crackers, 6.6 oz bag",Pepperidge Farm Inc.,Biscuits/Cookies,United States,014100054245,00014100054245,0,30,467,GROCERY,2024-07-11,2024-06-11,,UNKNOWN,https://fdc.nal.usda.gov/fdc-app.html#/food-details/2697766/nutrients
USDA-FDC-2697788,"Goldfish Grahams, Limited Edition Dunkin' Pumpkin Spice Grahams Snack Crackers, 6.6 oz. bag",Pepperidge Farm Inc.,Biscuits/Cookies,United States,014100054115,00014100054115,0,30,467,GROCERY,2024-07-11,2024-06-11,,UNKNOWN,https://fdc.nal.usda.gov/fdc-app.html#/food-details/2697788/nutrients
USDA-FDC-2697792,"Pepperidge Farm Goldfish Cheddar Crackers, Special Edition Disney Mickey Mouse, 2-oz. Carton",Pepperidge Farm Inc.,Biscuits/Cookies,United States,014100051688,00014100051688,0,30,467,GROCERY,2024-07-11,2024-06-11,,UNKNOWN,https://fdc.nal.usda.gov/fdc-app.html#/food-details/2697792/nutrients
USDA-FDC-2697798,"Goldfish Flavor Blasted Cheddar Jack'd Crackers, Snack Crackers, 2.45 oz snack pack",Pepperidge Farm Inc.,Biscuits/Cookies,United States,014100051916,00014100051916,0,30,433,GROCERY,2024-07-11,2024-06-11,,UNKNOWN,https://fdc.nal.usda.gov/fdc-app.html#/food-details/2697798/nutrients
USDA-FDC-2697800,"Goldfish Flavor Blasted Crackers, Cheddar Jack'd Snack Pack, 0.9 oz, 9-CT Multi-Pack Tray",Pepperidge Farm Inc.,Biscuits/Cookies,United States,014100051992,00014100051992,0,26,462,GROCERY,2024-07-11,2024-06-11,,UNKNOWN,https://fdc.nal.usda.gov/fdc-app.html#/food-details/2697800/nutrients
USDA-FDC-2697804,"Goldfish Cheddar Crackers, Halloween Edition Multi-pack Box, 40-count Snack Packs",Pepperidge Farm Inc.,Biscuits/Cookies,United States,014100052265,00014100052265,0,14,500,GROCERY,2024-07-11,2024-06-11,,UNKNOWN,https://fdc.nal.usda.gov/fdc-app.html#/food-details/2697804/nutrients
USDA-FDC-2697806,"Goldfish Special Edition Disney Mickey and Minnie Mouse Cheddar Crackers, Snack Packs, 24 Ct",Pepperidge Farm Inc.,Biscuits/Cookies,United States,014100052333,00014100052333,0,21,476,GROCERY,2024-07-11,2024-06-11,,UNKNOWN,https://fdc.nal.usda.gov/fdc-app.html#/food-details/2697806/nutrients
USDA-FDC-2697807,"Goldfish Flavor Blasted Crackers, Cheddar Jack'd Snack Pack, 0.9 oz, 12-CT Multi-Pack Tray",Pepperidge Farm Inc.,Biscuits/Cookies,United States,014100052432,00014100052432,0,26,462,GROCERY,2024-07-11,2024-06-11,,UNKNOWN,https://fdc.nal.usda.gov/fdc-app.html#/food-details/2697807/nutrients
USDA-FDC-2697821,"Pepperidge Farm Classic Soft White Dinner Rolls, 12-Pack Bag",Pepperidge Farm Inc.,Bread,United States,014100070245,00014100070245,0,33,273,GROCERY,2024-07-11,2024-06-11,,UNKNOWN,https://fdc.nal.usda.gov/fdc-app.html#/food-details/2697821/nutrients
USDA-FDC-2697822,"Pepperidge Farm Goldfish Mix Cheddar + Zesty Cheddar + Parmesan Crackers, 11 oz. Resealable Bag",Pepperidge Farm Inc.,Biscuits/Cookies,United States,014100049203,00014100049203,0,30,467,GROCERY,2024-07-11,2024-06-11,,UNKNOWN,https://fdc.nal.usda.gov/fdc-app.html#/food-details/2697822/nutrients
USDA-FDC-2697831,"Pepperidge Farm Milano Cookies, Dark Chocolate Cookies, 3-Cookie Holiday Pack",Pepperidge Farm Inc.,Biscuits/Cookies,United States,014100040484,00014100040484,0,34,529,GROCERY,2024-07-11,2024-06-11,,UNKNOWN,https://fdc.nal.usda.gov/fdc-app.html#/food-details/2697831/nutrients
USDA-FDC-2697833,"Goldfish Cheddar Crackers, Snack Crackers, Halloween Edition, 30 oz carton",Pepperidge Farm Inc.,Biscuits/Cookies,United States,014100040972,00014100040972,0,30,467,GROCERY,2024-07-11,2024-06-11,,UNKNOWN,https://fdc.nal.usda.gov/fdc-app.html#/food-details/2697833/nutrients
USDA-FDC-2697838,"Pepperidge Farm Milano Cookies, Candy Cane Cookies, 7 oz. Bag",Pepperidge Farm Inc.,Biscuits/Cookies,United States,014100042082,00014100042082,0,25,520,GROCERY,2024-07-11,2024-06-11,,UNKNOWN,https://fdc.nal.usda.gov/fdc-app.html#/food-details/2697838/nutrients
USDA-FDC-2697842,"Pepperidge Farm Jewish Rye Soft Rye Bread, 16 oz. Bag",Pepperidge Farm Inc.,Bread,United States,014100042792,00014100042792,0,32,250,GROCERY,2024-07-11,2024-06-11,,UNKNOWN,https://fdc.nal.usda.gov/fdc-app.html#/food-details/2697842/nutrients
USDA-FDC-2697849,"Pepperidge Farm Swirl French Toast Breakfast Bread, 14 Oz Loaf",Pepperidge Farm Inc.,Bread,United States,014100043461,00014100043461,0,33,303,GROCERY,2024-07-11,2024-06-29,,UNKNOWN,https://fdc.nal.usda.gov/fdc-app.html#/food-details/2697849/nutrients
USDA-FDC-2697855,"Emerald Nuts Roasted and Salted Cashews, Single-Serve 1.25 Oz",Snyder's-Lance INC.,Nuts/Seeds - Prepared/Processed,United States,010300940197,00010300940197,0,35.4000015259,629,CHILD_NUTRITION_FOOD_PROGRAMS|GROCERY,2024-07-11,2024-06-12,,UNKNOWN,https://fdc.nal.usda.gov/fdc-app.html#/food-details/2697855/nutrients
USDA-FDC-2697856,"Emerald Nuts Dill Pickle Cashews, Single-Serve 1.25 Oz",Snyder's-Lance INC.,Nuts/Seeds - Prepared/Processed,United States,010300941194,00010300941194,0,35.4000015259,565,CHILD_NUTRITION_FOOD_PROGRAMS|GROCERY,2024-07-11,2024-06-12,,UNKNOWN,https://fdc.nal.usda.gov/fdc-app.html#/food-details/2697856/nutrients
USDA-FDC-2697868,"Pepperidge Farm Goldfish Grahams Vanilla Cupcake Crackers, 6.6 oz. Bag",Pepperidge Farm Inc.,Biscuits/Cookies,United States,014100043980,00014100043980,0,30,467,GROCERY,2024-07-11,2024-06-11,,UNKNOWN,https://fdc.nal.usda.gov/fdc-app.html#/food-details/2697868/nutrients
USDA-FDC-2697892,"Pepperidge Farm Chessmen Butter Cookies, Multi-pack Tub, 22-count Snack Packs",Pepperidge Farm Inc.,Biscuits/Cookies,United States,014100048084,00014100048084,0,26,462,GROCERY,2024-07-11,2024-06-11,,UNKNOWN,https://fdc.nal.usda.gov/fdc-app.html#/food-details/2697892/nutrients
USDA-FDC-2697895,"Pepperidge Farm Goldfish Epic Crunch Nacho Crackers, 8 oz. Resealable Bag",Pepperidge Farm Inc.,Biscuits/Cookies,United States,014100048152,00014100048152,0,30,433,GROCERY,2024-07-11,2024-06-11,,UNKNOWN,https://fdc.nal.usda.gov/fdc-app.html#/food-details/2697895/nutrients
USDA-FDC-2697896,"Pepperidge Farm Farmhouse Hearty White Hamburger Buns, 30 oz. Bag, 12-pack",Pepperidge Farm Inc.,Bread,United States,014100048367,00014100048367,0,71,296,GROCERY,2024-07-11,2024-06-11,,UNKNOWN,https://fdc.nal.usda.gov/fdc-app.html#/food-details/2697896/nutrients
USDA-FDC-2697902,"Pepperidge Farm Swirl Baked Apple with Caramel Breakfast Bread, 14 oz. Bag",Pepperidge Farm Inc.,Bread,United States,014100048589,00014100048589,0,33,303,GROCERY,2024-07-11,2024-06-11,,UNKNOWN,https://fdc.nal.usda.gov/fdc-app.html#/food-details/2697902/nutrients
USDA-FDC-2697909,"Goldfish Cheddar Crackers, Snack Crackers, 30 oz carton, 2 CT box",Pepperidge Farm Inc.,Biscuits/Cookies,United States,014100048954,00014100048954,0,30,467,GROCERY,2024-07-11,2024-06-11,,UNKNOWN,https://fdc.nal.usda.gov/fdc-app.html#/food-details/2697909/nutrients
USDA-FDC-2697911,"Goldfish Crackers, Cheddar Cheese Crackers, 3-count 11 oz. Resealable Bags",Pepperidge Farm Inc.,Biscuits/Cookies,United States,014100048992,00014100048992,0,30,467,GROCERY,2024-07-11,2024-06-11,,UNKNOWN,https://fdc.nal.usda.gov/fdc-app.html#/food-details/2697911/nutrients
USDA-FDC-2697913,"Pepperidge Farm Goldfish Cheddar Crackers, 18 oz. Multi-pack Box, 24-0.75 oz. Single-Serve Snack Packs, Easter Themed Packaging",Pepperidge Farm Inc.,Biscuits/Cookies,United States,014100049142,00014100049142,0,21,476,GROCERY,2024-07-11,2024-06-11,,UNKNOWN,https://fdc.nal.usda.gov/fdc-app.html#/food-details/2697913/nutrients
USDA-FDC-2697930,"Pepperidge Farm Ginger Family Ginger Cookies Collection, 10.8 oz. Box",Pepperidge Farm Inc.,Biscuits/Cookies,United States,014100046172,00014100046172,0,34,471,GROCERY,2024-07-11,2024-06-11,,UNKNOWN,https://fdc.nal.usda.gov/fdc-app.html#/food-details/2697930/nutrients
USDA-FDC-2697932,"Pepperidge Farm Goldfish Cheddar Crackers, 0.85 oz. Single-Serve Snack Pack",Pepperidge Farm Inc.,Biscuits/Cookies,United States,014100046257,00014100046257,0,24,458,GROCERY,2024-07-11,2024-06-11,,UNKNOWN,https://fdc.nal.usda.gov/fdc-app.html#/food-details/2697932/nutrients
USDA-FDC-2697948,"Pepperidge Farm Swirl Cinnamon Breakfast Bread, 16 oz. Loaf",Pepperidge Farm Inc.,Bread,United States,014100070610,00014100070610,0,33,303,GROCERY,2024-07-11,2024-06-29,,UNKNOWN,https://fdc.nal.usda.gov/fdc-app.html#/food-details/2697948/nutrients
USDA-FDC-2697949,"Pepperidge Farm Light Style 7 Grain Bread, 16 oz. Loaf",Pepperidge Farm Inc.,Bread,United States,014100070641,00014100070641,0,57,228,GROCERY,2024-07-11,2024-06-11,,UNKNOWN,https://fdc.nal.usda.gov/fdc-app.html#/food-details/2697949/nutrients
USDA-FDC-2698082,"Pepperidge Farm Herb Seasoned Classic Stuffing, 16 oz. Bags, 3-Pack Box",Pepperidge Farm Inc.,Baking/Cooking Mixes/Supplies,United States,014100074809,00014100074809,0,29,379,GROCERY,2024-07-11,2024-06-11,,UNKNOWN,https://fdc.nal.usda.gov/fdc-app.html#/food-details/2698082/nutrients
USDA-FDC-2698089,"Pepperidge Farm Italian with Sesame Seeds Bread, 20 oz. Bag",Pepperidge Farm Inc.,Bread,United States,014100076605,00014100076605,0,32,281,GROCERY,2024-07-11,2024-06-11,,UNKNOWN,https://fdc.nal.usda.gov/fdc-app.html#/food-details/2698089/nutrients
USDA-FDC-2698090,"Pepperidge Farm Party Bread Dark Pump Bread, 12 oz. Bag",Pepperidge Farm Inc.,Bread,United States,014100077077,00014100077077,0,49,265,GROCERY,2024-07-11,2024-06-11,,UNKNOWN,https://fdc.nal.usda.gov/fdc-app.html#/food-details/2698090/nutrients
USDA-FDC-2698092,"Pepperidge Farm Party Bread Jewish Rye Bread, 12 oz. Loaf",Pepperidge Farm Inc.,Bread,United States,014100077091,00014100077091,0,49,265,GROCERY,2024-07-11,2024-06-11,,UNKNOWN,https://fdc.nal.usda.gov/fdc-app.html#/food-details/2698092/nutrients
USDA-FDC-2698111,"Pepperidge Farm Stone Ground 100% Whole Wheat Bread, 16 oz. Loaf",Pepperidge Farm Inc.,Bread,United States,014100071013,00014100071013,0,50,260,GROCERY,2024-07-11,2024-06-11,,UNKNOWN,https://fdc.nal.usda.gov/fdc-app.html#/food-details/2698111/nutrients
USDA-FDC-2698112,"Pepperidge Farm White Original Bread, 16 Oz Loaf",Pepperidge Farm Inc.,Bread,United States,014100071044,00014100071044,0,50,280,GROCERY,2024-07-11,2024-06-11,,UNKNOWN,https://fdc.nal.usda.gov/fdc-app.html#/food-details/2698112/nutrients
USDA-FDC-2698135,"Pepperidge Farm Light Style Oatmeal Bread, 1 Lb Bag",Pepperidge Farm Inc.,Bread,United States,014100071600,00014100071600,0,57,246,GROCERY,2024-07-11,2024-06-11,,UNKNOWN,https://fdc.nal.usda.gov/fdc-app.html#/food-details/2698135/nutrients
USDA-FDC-2698139,"Goldfish Colors Cheddar Crackers, Snack Crackers, 10 oz box",Pepperidge Farm Inc.,Snacks,United States,014100088493,00014100088493,0,30,467,GROCERY,2024-07-11,2024-06-11,,UNKNOWN,https://fdc.nal.usda.gov/fdc-app.html#/food-details/2698139/nutrients
USDA-FDC-2698142,"Pepperidge Farm Jewish Rye Seeded Whole Grain Bread, 16 oz. Loaf",Pepperidge Farm Inc.,Bread,United States,014100091400,00014100091400,0,32,250,GROCERY,2024-07-11,2024-06-11,,UNKNOWN,https://fdc.nal.usda.gov/fdc-app.html#/food-details/2698142/nutrients
USDA-FDC-2698145,"Pepperidge Farm Lemon Cookies, 6 oz. Bag",Pepperidge Farm Inc.,Biscuits/Cookies,United States,014100093473,00014100093473,0,32,500,GROCERY,2024-07-11,2024-06-11,,UNKNOWN,https://fdc.nal.usda.gov/fdc-app.html#/food-details/2698145/nutrients
USDA-FDC-2698148,"Pepperidge Farm Bakery Classics Wheat Slider Buns, 12-Pack Bag",Pepperidge Farm Inc.,Bread,United States,014100093909,00014100093909,0,36,278,GROCERY,2024-07-11,2024-06-11,,UNKNOWN,https://fdc.nal.usda.gov/fdc-app.html#/food-details/2698148/nutrients
USDA-FDC-2698150,"Pepperidge Farm Herb Seasoned Classic Stuffing, 14 oz. Bags, 3-Pack Box",Pepperidge Farm Inc.,Baking/Cooking Mixes/Supplies,United States,014100095057,00014100095057,0,29,379,GROCERY,2024-07-11,2024-06-11,,UNKNOWN,https://fdc.nal.usda.gov/fdc-app.html#/food-details/2698150/nutrients
USDA-FDC-2698165,"Pepperidge Farm Whole Grain German Dark Wheat, 24 oz. Loaf",Pepperidge Farm Inc.,Bread,United States,014100096962,00014100096962,0,43,256,GROCERY,2024-07-11,2024-06-11,,UNKNOWN,https://fdc.nal.usda.gov/fdc-app.html#/food-details/2698165/nutrients
USDA-FDC-2698166,"Goldfish Colors Cheddar Crackers, Spring Snack Crackers, 6.6 oz bag",Pepperidge Farm Inc.,Biscuits/Cookies,United States,014100097433,00014100097433,0,30,467,GROCERY,2024-07-11,2024-06-11,,UNKNOWN,https://fdc.nal.usda.gov/fdc-app.html#/food-details/2698166/nutrients
USDA-FDC-2698170,"Pepperidge Farm Nantucket Crispy Mini Dark Chocolate Cookies, 2.75 oz. Snack Pack",Pepperidge Farm Inc.,Biscuits/Cookies,United States,014100087984,00014100087984,0,30,500,GROCERY,2024-07-11,2024-06-11,,UNKNOWN,https://fdc.nal.usda.gov/fdc-app.html#/food-details/2698170/nutrients
USDA-FDC-2698174,"Pepperidge Farm Farmhouse Multigrain Bread, 24 Oz Loaf",Pepperidge Farm Inc.,Bread,United States,014100082996,00014100082996,0,49,286,GROCERY,2024-07-11,2024-06-11,,UNKNOWN,https://fdc.nal.usda.gov/fdc-app.html#/food-details/2698174/nutrients
USDA-FDC-2698197,"Pepperidge Farm 100% Whole Wheat Hamburger Buns, 8-Pack Bag",Pepperidge Farm Inc.,Bread,United States,014100087861,00014100087861,0,51,255,GROCERY,2024-07-11,2024-06-11,,UNKNOWN,https://fdc.nal.usda.gov/fdc-app.html#/food-details/2698197/nutrients
USDA-FDC-2698461,"Snack FactoryPretzel Crisps, Organic Original, 28 Oz",Snyder's-Lance INC.,Snacks,United States,049508250302,00049508250302,0,28,393,GROCERY,2024-07-11,2024-06-12,,UNKNOWN,https://fdc.nal.usda.gov/fdc-app.html#/food-details/2698461/nutrients
USDA-FDC-2698471,"Snack Factory Pretzel Crisps Bites, Spicy Ranch Pretzels, 12 Oz",Snyder's-Lance INC.,Snacks,United States,049508251842,00049508251842,0,28,464,GROCERY,2024-07-11,2024-06-15,,UNKNOWN,https://fdc.nal.usda.gov/fdc-app.html#/food-details/2698471/nutrients
USDA-FDC-2698472,"Snack Factory Pretzel Crisps Bites, Garlic & Herb Pretzels, 12 Oz",Snyder's-Lance INC.,Snacks,United States,049508251859,00049508251859,0,28,464,GROCERY,2024-07-11,2024-06-15,,UNKNOWN,https://fdc.nal.usda.gov/fdc-app.html#/food-details/2698472/nutrients
USDA-FDC-2698473,"Snack Factory Pretzel Crisps Bites, Sea Salt Pretzels, 12 Oz",Snyder's-Lance INC.,Snacks,United States,049508252023,00049508252023,0,28,393,GROCERY,2024-07-11,2024-06-15,,UNKNOWN,https://fdc.nal.usda.gov/fdc-app.html#/food-details/2698473/nutrients
USDA-FDC-2698474,"Snack Factory Pretzel Crisps Bites, Honey Mustard Pretzels, 12 Oz",Snyder's-Lance INC.,Snacks,United States,049508252030,00049508252030,0,28,464,GROCERY,2024-07-11,2024-06-15,,UNKNOWN,https://fdc.nal.usda.gov/fdc-app.html#/food-details/2698474/nutrients
USDA-FDC-2698475,SNACK FACTORY PRETZEL CRACKER HONEY MUSTARD,Snyder's-Lance INC.,Snacks,United States,049508252054,00049508252054,0,28,464,GROCERY,2024-07-11,2024-06-15,,UNKNOWN,https://fdc.nal.usda.gov/fdc-app.html#/food-details/2698475/nutrients
USDA-FDC-2698479,"Snack Factory Pretzel Crisps Bites, Chili Verde & Lime Pretzels, 12 Oz Bag",Snyder's-Lance INC.,Snacks,United States,049508252436,00049508252436,0,28,464,GROCERY,2024-07-11,2024-06-12,,UNKNOWN,https://fdc.nal.usda.gov/fdc-app.html#/food-details/2698479/nutrients
USDA-FDC-2698501,"Snack Factory Pretzel Crisps, Buffalo Wing, Individual Snack Pack, 1.5 Oz",Snyder's-Lance INC.,Snacks,United States,049508001218,00049508001218,0,42,405,GROCERY,2024-07-11,2024-06-12,,UNKNOWN,https://fdc.nal.usda.gov/fdc-app.html#/food-details/2698501/nutrients
USDA-FDC-2698505,"Snack Factory Pretzel Crisps, Original, 11.25 Oz",Snyder's-Lance INC.,Snacks,United States,049508003700,00049508003700,0,28,393,GROCERY,2024-07-11,2024-06-12,,UNKNOWN,https://fdc.nal.usda.gov/fdc-app.html#/food-details/2698505/nutrients
USDA-FDC-2698506,"Snack Factory Pretzel Crisps, Garlic Parmesan, 11.25 Oz",Snyder's-Lance INC.,Snacks,United States,049508003717,00049508003717,0,28,393,GROCERY,2024-07-11,2024-06-12,,UNKNOWN,https://fdc.nal.usda.gov/fdc-app.html#/food-details/2698506/nutrients
USDA-FDC-2698507,"Snack Factory Pretzel Crisps, Buffalo Wing, 11.25 Oz",Snyder's-Lance INC.,Snacks,United States,049508003724,00049508003724,0,28,393,GROCERY,2024-07-11,2024-06-12,,UNKNOWN,https://fdc.nal.usda.gov/fdc-app.html#/food-details/2698507/nutrients
USDA-FDC-2698508,"Snack Factory Pretzel Crisps, Sea Salt & Cracked Pepper, 11.25 Oz",Snyder's-Lance INC.,Snacks,United States,049508003793,00049508003793,0,28,393,GROCERY,2024-07-11,2024-06-12,,UNKNOWN,https://fdc.nal.usda.gov/fdc-app.html#/food-details/2698508/nutrients
USDA-FDC-2699301,"Snyder's of Hanover Pretzels, Thins, Snack Packs 1.5 Oz",Snyder's-Lance INC.,Snacks,United States,077975022153,00077975022153,0,42,381,GROCERY,2024-08-15,2024-07-21,,UNKNOWN,https://fdc.nal.usda.gov/fdc-app.html#/food-details/2699301/nutrients
USDA-FDC-2699433,DiGiorno Original Rising Crust Frozen Pizza Pepperoni 12in 27.5oz Pack,Société des Produits Nestlé S.A.,Savoury Bakery Products,United States,071921962395,00071921962395,0,130,231,GROCERY,2024-08-15,2024-06-28,,UNKNOWN,https://fdc.nal.usda.gov/fdc-app.html#/food-details/2699433/nutrients
USDA-FDC-2699435,DiGiorno Breakfast Croissant Sausage and Gravy Frozen Pizza 22.3oz Box,Société des Produits Nestlé S.A.,Savoury Bakery Products,United States,071921941741,00071921941741,0,133,263,GROCERY,2024-08-15,2023-12-05,,UNKNOWN,https://fdc.nal.usda.gov/fdc-app.html#/food-details/2699435/nutrients
USDA-FDC-2699462,California Pizza Kitchen Bacon & Caramelized Onion Croissant Inspired Thin & Flaky Frozen Pizza 12in 10.8oz Box,Société des Produits Nestlé S.A.,Savoury Bakery Products,United States,071921315221,00071921315221,0,153,320,GROCERY,2024-08-15,2024-05-06,,UNKNOWN,https://fdc.nal.usda.gov/fdc-app.html#/food-details/2699462/nutrients
USDA-FDC-2699464,DiGiorno Original Rising Crust Frozen Pizza Supreme 2-pack Frozen 62.9oz Box,Société des Produits Nestlé S.A.,Savoury Bakery Products,United States,071921250911,00071921250911,0,148,230,GROCERY,2024-08-15,2023-11-08,,UNKNOWN,https://fdc.nal.usda.gov/fdc-app.html#/food-details/2699464/nutrients
USDA-FDC-2699469,DiGiorno Original Rising Crust Club Pepperoni 12in Frozen Pizza 3-pack 82.6oz Box,Société des Produits Nestlé S.A.,Savoury Bakery Products,United States,071921034399,00071921034399,0,130,231,GROCERY,2024-08-15,2023-11-22,,UNKNOWN,https://fdc.nal.usda.gov/fdc-app.html#/food-details/2699469/nutrients
USDA-FDC-2699475,DIGIORNO Frozen Pizza - Frozen Supreme Pizza - DIGIORNO Hand Tossed Style Pizza Crust,Société des Produits Nestlé S.A.,Savoury Bakery Products,United States,071921114398,00071921114398,0,151,225,GROCERY,2024-08-15,2024-06-28,,UNKNOWN,https://fdc.nal.usda.gov/fdc-app.html#/food-details/2699475/nutrients
USDA-FDC-2699476,TOMBSTONE Original Deluxe Pizza 21.6 oz. Pack,Société des Produits Nestlé S.A.,Savoury Bakery Products,United States,071921757038,00071921757038,0,153,229,GROCERY,2024-08-15,2023-12-05,,UNKNOWN,https://fdc.nal.usda.gov/fdc-app.html#/food-details/2699476/nutrients
USDA-FDC-2699477,DIGIORNO Frozen Pizza - Three Meat Pizza - DIGIORNO Hand Tossed Style Pizza Crust,Société des Produits Nestlé S.A.,Savoury Bakery Products,United States,071921391447,00071921391447,0,145,248,GROCERY,2024-08-15,2024-06-28,,UNKNOWN,https://fdc.nal.usda.gov/fdc-app.html#/food-details/2699477/nutrients
USDA-FDC-2699480,DiGiorno Classic Thin Crust Four Cheese 12in Frozen Pizza 21.5oz Box,Société des Produits Nestlé S.A.,Savoury Bakery Products,United States,071921706364,00071921706364,0,153,222,GROCERY,2024-08-15,2024-06-28,,UNKNOWN,https://fdc.nal.usda.gov/fdc-app.html#/food-details/2699480/nutrients
USDA-FDC-2699483,DiGiorno Crispy Pan Pepperoni Frozen Pizza 26oz Box,Société des Produits Nestlé S.A.,Savoury Bakery Products,United States,071921635930,00071921635930,0,147,293,GROCERY,2024-08-15,2023-12-30,,UNKNOWN,https://fdc.nal.usda.gov/fdc-app.html#/food-details/2699483/nutrients
USDA-FDC-2699486,DiGiorno Classic Crust Cheese Lovers Frozen Pizza 12x19.1ozUS,Société des Produits Nestlé S.A.,Savoury Bakery Products,United States,071921616137,00071921616137,0,135,252,GROCERY,2024-08-15,2023-11-20,,UNKNOWN,https://fdc.nal.usda.gov/fdc-app.html#/food-details/2699486/nutrients
USDA-FDC-2699493,DiGiorno BBQ Recipe Chicken Frozen Personal Pizza on a Hand Tossed Style Traditional Crust,Société des Produits Nestlé S.A.,Savoury Bakery Products,United States,071921598945,00071921598945,0,234,269,GROCERY,2024-08-15,2023-12-05,,UNKNOWN,https://fdc.nal.usda.gov/fdc-app.html#/food-details/2699493/nutrients
USDA-FDC-2699676,"Snyder's of Hanover Mini Pretzels, 100 Calorie Individual Packs, 36 Ct",Snyder's-Lance INC.,Snacks,United States,077975082683,00077975082683,0,26,385,GROCERY,2024-08-15,2024-07-21,,UNKNOWN,https://fdc.nal.usda.gov/fdc-app.html#/food-details/2699676/nutrients
USDA-FDC-2699692,"Snyder's of Hanover, Mini Pretzels, Individual Packs, 48 Ct",Snyder's-Lance INC.,Snacks,United States,077975088159,00077975088159,0,42,381,GROCERY,2024-08-15,2024-07-21,,UNKNOWN,https://fdc.nal.usda.gov/fdc-app.html#/food-details/2699692/nutrients
USDA-FDC-2699701,"Snyder's of Hanover Mini Pretzels, Halloween Trick-or-Treat Snack Sack, 30 Ct",Snyder's-Lance INC.,Snacks,United States,077975094662,00077975094662,0,14,357,GROCERY,2024-08-15,2024-07-21,,UNKNOWN,https://fdc.nal.usda.gov/fdc-app.html#/food-details/2699701/nutrients
USDA-FDC-2699702,"Snyder's of Hanover, Itty Bitty Minis Pretzels, Individual Packs 10 Ct",Snyder's-Lance INC.,Snacks,United States,077975094068,00077975094068,0,26,385,GROCERY,2024-08-15,2024-07-21,,UNKNOWN,https://fdc.nal.usda.gov/fdc-app.html#/food-details/2699702/nutrients
USDA-FDC-2699764,"Kettle Brand Potato Chips, Sour Cream & Onion Kettle Chips, 8.5 Oz",Snyder's-Lance INC.,Snacks,United States,084114113931,00084114113931,0,28,500,GROCERY,2024-08-15,2024-07-21,,UNKNOWN,https://fdc.nal.usda.gov/fdc-app.html#/food-details/2699764/nutrients
USDA-FDC-2699777,"Kettle Brand Potato Chips, Bourbon BBQ Kettle Chips, 8.5 Oz",Snyder's-Lance INC.,Snacks,United States,084114900753,00084114900753,0,28,500,GROCERY,2024-08-15,2024-07-21,,UNKNOWN,https://fdc.nal.usda.gov/fdc-app.html#/food-details/2699777/nutrients
USDA-FDC-2699927,"Swanson Sipping Chicken Bone Broth With Ginger and Turmeric, 10.75 oz Microwavable Cup",CAMPBELL SOUP COMPANY,Prepared Soups,United States,051000271037,00051000271037,0,305,16,GROCERY,2024-08-15,2024-07-20,,UNKNOWN,https://fdc.nal.usda.gov/fdc-app.html#/food-details/2699927/nutrients
USDA-FDC-2699950,"Swanson Sipping Chicken Bone Broth, 10.75 oz Microwavable Cup",CAMPBELL SOUP COMPANY,Prepared Soups,United States,051000269348,00051000269348,0,305,16,GROCERY,2024-08-15,2024-07-27,,UNKNOWN,https://fdc.nal.usda.gov/fdc-app.html#/food-details/2699950/nutrients
USDA-FDC-2700759,"Pepperidge Farm Gourmet Cookie Assortment, 40 oz. Box",Pepperidge Farm Inc.,Biscuits/Cookies,United States,014100078760,00014100078760,0,30,467,FOOD_SERVICE|GROCERY,2024-08-15,2024-07-20,,UNKNOWN,https://fdc.nal.usda.gov/fdc-app.html#/food-details/2700759/nutrients
USDA-FDC-2701042,"Late July Snacks, Organic Mild Green Mojo Tortilla Chips, 7.5-oz. Bag",Snyder's-Lance INC.,Snacks,United States,815099021733,00815099021733,0,28,429,GROCERY,2024-08-15,2024-07-21,,UNKNOWN,https://fdc.nal.usda.gov/fdc-app.html#/food-details/2701042/nutrients
USDA-FDC-2701045,"LATE JULY Snacks Organic Potato Chips Simple as Sea Salt Potato Chips, 5 oz. Bag",Snyder's-Lance INC.,Snacks,United States,815099020804,00815099020804,0,28,536,GROCERY,2024-08-15,2024-07-21,,UNKNOWN,https://fdc.nal.usda.gov/fdc-app.html#/food-details/2701045/nutrients
USDA-FDC-2701558,"Tom's Potato Chips, Sour Cream and Onion, 8.5 Oz Snack Bag",Snyder's-Lance INC.,Snacks,United States,021900062813,00021900062813,0,28,536,GROCERY,2024-08-15,2024-07-21,,UNKNOWN,https://fdc.nal.usda.gov/fdc-app.html#/food-details/2701558/nutrients
USDA-FDC-2701777,"Cape Cod Potato Chips, Original Kettle Chips, Snack Bags, 16 Ct",Snyder's-Lance INC.,Snacks,United States,020685002991,00020685002991,0,28,500,GROCERY,2024-08-15,2024-07-21,,UNKNOWN,https://fdc.nal.usda.gov/fdc-app.html#/food-details/2701777/nutrients
USDA-FDC-2701781,"Cape Cod Potato Chips, Sea Salt and Vinegar Kettle Cooked Chips, 8 Oz",Snyder's-Lance INC.,Snacks,United States,020685000287,00020685000287,0,28,500,GROCERY,2024-08-15,2024-07-20,,UNKNOWN,https://fdc.nal.usda.gov/fdc-app.html#/food-details/2701781/nutrients
USDA-FDC-2701829,"Pop Secret Microwave Popcorn, 94% Fat Free Butter Flavor, 3 Oz Sharing Bags, 6 Ct",Snyder's-Lance INC.,Snacks,United States,023896451800,00023896451800,0,29,379,GROCERY,2024-08-15,2024-07-21,,UNKNOWN,https://fdc.nal.usda.gov/fdc-app.html#/food-details/2701829/nutrients
USDA-FDC-2702228,Lean Cuisine Chicken Pad Thai Bowl Frozen Entre 11oz Box,Société des Produits Nestlé S.A.,Ready-Made Combination Meals,United States,013800221940,00013800221940,0,311,125,GROCERY,2024-08-15,2023-12-04,,UNKNOWN,https://fdc.nal.usda.gov/fdc-app.html#/food-details/2702228/nutrients
USDA-FDC-2702237,Lean Cuisine Roasted Eggplant Bowl Frozen Entre 9.75oz Box,Société des Produits Nestlé S.A.,Ready-Made Combination Meals,United States,013800463401,00013800463401,0,276,83,GROCERY,2024-08-15,2023-12-04,,UNKNOWN,https://fdc.nal.usda.gov/fdc-app.html#/food-details/2702237/nutrients
USDA-FDC-2702239,Stouffer's Large Family Size Three Cheese Ravioli With Meat Sauce Frozen Meal,Société des Produits Nestlé S.A.,Ready-Made Combination Meals,United States,013800444806,00013800444806,0,251,112,GROCERY,2024-08-15,2024-04-03,,UNKNOWN,https://fdc.nal.usda.gov/fdc-app.html#/food-details/2702239/nutrients
USDA-FDC-2702241,STOUFFER'S Frozen Meal Cheddar Bacon Tomato Melt-Full Sandwich 6.6oz Package,Société des Produits Nestlé S.A.,Ready-Made Combination Meals,United States,013800420336,00013800420336,0,189,280,GROCERY,2024-08-15,2024-07-17,,UNKNOWN,https://fdc.nal.usda.gov/fdc-app.html#/food-details/2702241/nutrients
USDA-FDC-2702251,STOUFFER'S Family Size Orange Chicken Frozen Entre 30oz Box,Société des Produits Nestlé S.A.,Ready-Made Combination Meals,United States,013800383839,00013800383839,0,206,131,GROCERY,2024-08-15,2023-12-07,,UNKNOWN,https://fdc.nal.usda.gov/fdc-app.html#/food-details/2702251/nutrients
USDA-FDC-2702332,"Lean Cuisine Frozen Meal Shrimp Alfredo, Balance Bowls Microwave Meal, Frozen Shrimp Dinner, Frozen Dinner for One",Société des Produits Nestlé S.A.,Ready-Made Combination Meals,United States,013800639134,00013800639134,0,308,97,GROCERY,2024-08-15,2023-12-04,,UNKNOWN,https://fdc.nal.usda.gov/fdc-app.html#/food-details/2702332/nutrients
USDA-FDC-2702333,LIFE CUISINE Frozen Meal Egg Bites Tomato Spinach Egg White 8ct,Société des Produits Nestlé S.A.,Ready-Made Combination Meals,United States,013800721747,00013800721747,0,113,159,GROCERY,2024-08-15,2023-12-04,,UNKNOWN,https://fdc.nal.usda.gov/fdc-app.html#/food-details/2702333/nutrients
USDA-FDC-2702334,LEAN CUISINE Frozen Meal BBQ Chicken Sandwich 6oz US,Société des Produits Nestlé S.A.,Ready-Made Combination Meals,United States,013800611468,00013800611468,0,170,200,GROCERY,2024-08-15,2023-12-04,,UNKNOWN,https://fdc.nal.usda.gov/fdc-app.html#/food-details/2702334/nutrients
USDA-FDC-2702336,Stouffer's Macaroni and Cheese Club Pack Frozen Entre 90oz Box,Société des Produits Nestlé S.A.,Ready-Made Combination Meals,United States,013800571144,00013800571144,0,250,160,GROCERY,2024-08-15,2023-12-04,,UNKNOWN,https://fdc.nal.usda.gov/fdc-app.html#/food-details/2702336/nutrients
USDA-FDC-2702354,LIFE CUISINE Frozen Meal BBQ Chicken 10x6oz,Société des Produits Nestlé S.A.,Ready-Made Combination Meals,United States,013800913289,00013800913289,0,170,253,GROCERY,2024-08-15,2023-12-30,,UNKNOWN,https://fdc.nal.usda.gov/fdc-app.html#/food-details/2702354/nutrients
USDA-FDC-2702359,LIFE CUISINE Frozen Meal Veggie Keto Friendly 10x6oz,Société des Produits Nestlé S.A.,Ready-Made Combination Meals,United States,013800937001,00013800937001,0,170,253,GROCERY,2024-08-15,2023-12-04,,UNKNOWN,https://fdc.nal.usda.gov/fdc-app.html#/food-details/2702359/nutrients
USDA-FDC-2702438,Sweet Earth Plant Based Shredded Seasoned Taco Chik'n,Société des Produits Nestlé S.A.,Vegetable Based Products / Meals,United States,016741941021,00016741941021,0,85,271,GROCERY,2024-08-15,2024-01-24,,UNKNOWN,https://fdc.nal.usda.gov/fdc-app.html#/food-details/2702438/nutrients
USDA-FDC-2702441,SWEET EARTH Frozen Meal Pepperoni Lovers 15oz Box,Société des Produits Nestlé S.A.,Vegetable Based Products / Meals,United States,016741877641,00016741877641,0,142,239,GROCERY,2024-08-15,2024-04-25,,UNKNOWN,https://fdc.nal.usda.gov/fdc-app.html#/food-details/2702441/nutrients
USDA-FDC-2702442,SWEET EARTH Frozen Meal Mushroom Lovers 13.9oz Box,Société des Produits Nestlé S.A.,Vegetable Based Products / Meals,United States,016741743304,00016741743304,0,131,206,GROCERY,2024-08-15,2024-01-04,,UNKNOWN,https://fdc.nal.usda.gov/fdc-app.html#/food-details/2702442/nutrients
USDA-FDC-2702447,Sweet Earth Shredded Korean-Style BBQ Marinated Plant Based Shreds,Société des Produits Nestlé S.A.,Vegetable Based Products / Meals,United States,016741340558,00016741340558,0,85,224,GROCERY,2024-08-15,2024-01-08,,UNKNOWN,https://fdc.nal.usda.gov/fdc-app.html#/food-details/2702447/nutrients
USDA-FDC-2702757,HOT POCKETS HOT ONES FIERY HOT PEPPERONI 2-Count Frozen Sandwiches 9oz Box,Société des Produits Nestlé S.A.,Sandwiches/Filled Rolls/Wraps,United States,043695756159,00043695756159,0,127,260,GROCERY,2024-08-15,2024-02-22,,UNKNOWN,https://fdc.nal.usda.gov/fdc-app.html#/food-details/2702757/nutrients
USDA-FDC-2702763,"Hot Pockets Big & Bold Steak Nacho Frozen Snacks, Frozen Steak Sandwich with Reduced Fat Cheddar Cheese, 2 Count Microwave Snacks",Société des Produits Nestlé S.A.,Sandwiches/Filled Rolls/Wraps,United States,043695791266,00043695791266,0,191,236,GROCERY,2024-08-15,2023-12-05,,UNKNOWN,https://fdc.nal.usda.gov/fdc-app.html#/food-details/2702763/nutrients
USDA-FDC-2702956,Nestle Coffee mate Original Powdered Coffee Creamer,Société des Produits Nestlé S.A.,Cream/Cream Substitutes,United States,050000109340,00050000109340,0,2,500,GROCERY,2024-08-15,2024-05-03,,UNKNOWN,https://fdc.nal.usda.gov/fdc-app.html#/food-details/2702956/nutrients
USDA-FDC-2703010,NESTL TOLL HOUSE Chocolate Chip Cookie Dough 16.5oz Pack,Société des Produits Nestlé S.A.,Baking/Cooking Mixes/Supplies,United States,050000622313,00050000622313,0,19,474,GROCERY,2024-08-15,2024-05-17,,UNKNOWN,https://fdc.nal.usda.gov/fdc-app.html#/food-details/2703010/nutrients
USDA-FDC-2703017,NESTLE COFFEE MATE Powder Peppermint Mocha Coffee Creamer 30oz Canister,Société des Produits Nestlé S.A.,Cream/Cream Substitutes,United States,050000528226,00050000528226,0,2,500,GROCERY,2024-08-15,2023-12-05,,UNKNOWN,https://fdc.nal.usda.gov/fdc-app.html#/food-details/2703017/nutrients
USDA-FDC-2703047,Coffee Mate Sugar Free French Vanilla Powder Coffee Creamer,Société des Produits Nestlé S.A.,Cream/Cream Substitutes,United States,050000240135,00050000240135,0,2,750,GROCERY,2024-08-15,2024-05-03,,UNKNOWN,https://fdc.nal.usda.gov/fdc-app.html#/food-details/2703047/nutrients
USDA-FDC-2703059,NESTL TOLL HOUSE chocolate chip bite sized edible cookie dough 8oz bag,Société des Produits Nestlé S.A.,Baking/Cooking Mixes/Supplies,United States,050000302734,00050000302734,0,30,433,GROCERY,2024-08-15,2024-07-10,,UNKNOWN,https://fdc.nal.usda.gov/fdc-app.html#/food-details/2703059/nutrients
USDA-FDC-2703364,MAGGI Dehydrated Soup Seafood Creamy 2.28oz,Société des Produits Nestlé S.A.,Prepared Soups,United States,028000517311,00028000517311,0,16,375,GROCERY,2024-08-15,2024-04-25,,UNKNOWN,https://fdc.nal.usda.gov/fdc-app.html#/food-details/2703364/nutrients
USDA-FDC-2703440,MAGGI Boullion Chicken Flavor Halal .74oz Cube,Société des Produits Nestlé S.A.,Herbs/Spices/Extracts,United States,028000088071,00028000088071,0,5,300,GROCERY,2024-08-15,2023-12-05,,UNKNOWN,https://fdc.nal.usda.gov/fdc-app.html#/food-details/2703440/nutrients
USDA-FDC-2703465,TOLL HOUSE Dark Chocolate Morrsel Plant Based 9 Ounce Bag US,Société des Produits Nestlé S.A.,Baking/Cooking Mixes/Supplies,United States,028000287986,00028000287986,0,14,571,GROCERY,2024-08-15,2023-12-05,,UNKNOWN,https://fdc.nal.usda.gov/fdc-app.html#/food-details/2703465/nutrients
USDA-FDC-2703469,NESTLE TOLL HOUSE Cocoa 8 oz. Plastic Canister,Société des Produits Nestlé S.A.,Baking/Cooking Mixes/Supplies,United States,028000214951,00028000214951,0,5,200,GROCERY,2024-08-15,2024-07-05,,UNKNOWN,https://fdc.nal.usda.gov/fdc-app.html#/food-details/2703469/nutrients
USDA-FDC-2704242,TOLL HOUSE Semi Sweet Morsel Plant Based 9 Ounce Bag US,Société des Produits Nestlé S.A.,Baking/Cooking Mixes/Supplies,United States,028000305949,00028000305949,0,14,500,GROCERY,2024-09-13,2023-12-05,,UNKNOWN,https://fdc.nal.usda.gov/fdc-app.html#/food-details/2704242/nutrients
USDA-FDC-2704265,"Nestle Toll House Dark Chocolate Chips, 20 Oz",Société des Produits Nestlé S.A.,Baking/Cooking Mixes/Supplies,United States,028000394257,00028000394257,0,14,571,GROCERY,2024-09-13,2024-08-20,,UNKNOWN,https://fdc.nal.usda.gov/fdc-app.html#/food-details/2704265/nutrients
USDA-FDC-2704304,DiGiorno Classic Crust Pepperoni Frozen Pizza 12x19.3oz US,Société des Produits Nestlé S.A.,Savoury Bakery Products,United States,071921731908,00071921731908,0,137,270,GROCERY,2024-09-13,2023-11-20,,UNKNOWN,https://fdc.nal.usda.gov/fdc-app.html#/food-details/2704304/nutrients
USDA-FDC-2704306,DiGiorno Breakfast Croissant Eggs Benedict Inspired Frozen Pizza 23.4oz Box,Société des Produits Nestlé S.A.,Savoury Bakery Products,United States,071921573362,00071921573362,0,132,250,GROCERY,2024-09-13,2024-03-05,,UNKNOWN,https://fdc.nal.usda.gov/fdc-app.html#/food-details/2704306/nutrients
USDA-FDC-2704307,DIGIORNO Gluten Free Pizza - Pepperoni Gluten Free Frozen Pizza,Société des Produits Nestlé S.A.,Savoury Bakery Products,United States,071921567682,00071921567682,0,137,234,GROCERY,2024-09-13,2023-10-20,,UNKNOWN,https://fdc.nal.usda.gov/fdc-app.html#/food-details/2704307/nutrients
USDA-FDC-2704308,DiGiorno Classic Thin Crust Supreme 12in Frozen Pizza 23.3oz Pack,Société des Produits Nestlé S.A.,Savoury Bakery Products,United States,071921497118,00071921497118,0,132,212,GROCERY,2024-09-13,2024-06-28,,UNKNOWN,https://fdc.nal.usda.gov/fdc-app.html#/food-details/2704308/nutrients
USDA-FDC-2704309,DIGIORNO Frozen Pizza - Frozen Cheese Pizza - DIGIORNO Hand Tossed Style Pizza Crust,Société des Produits Nestlé S.A.,Savoury Bakery Products,United States,071921483531,00071921483531,0,130,231,GROCERY,2024-09-13,2024-06-28,,UNKNOWN,https://fdc.nal.usda.gov/fdc-app.html#/food-details/2704309/nutrients
USDA-FDC-2704312,DIGIORNO Frozen Pizza - Meatless Monday Sausage Supreme Pizza - Hand Tossed Style Crust Pizza with Plant Based Meat,Société des Produits Nestlé S.A.,Savoury Bakery Products,United States,071921801274,00071921801274,0,148,196,GROCERY,2024-09-13,2024-08-04,,UNKNOWN,https://fdc.nal.usda.gov/fdc-app.html#/food-details/2704312/nutrients
USDA-FDC-2704340,DiGiorno Classic Thin Crust Pepperoni 12in Frozen Pizza 20.6oz Box,Société des Produits Nestlé S.A.,Savoury Bakery Products,United States,071921286644,00071921286644,0,146,247,GROCERY,2024-09-13,2024-06-28,,UNKNOWN,https://fdc.nal.usda.gov/fdc-app.html#/food-details/2704340/nutrients
USDA-FDC-2704359,HOT POCKETS Chicken Bacon Ranch Frozen Sandwiches 2-Count Box,Société des Produits Nestlé S.A.,Sandwiches/Filled Rolls/Wraps,United States,043695231090,00043695231090,0,191,236,GROCERY,2024-09-13,2024-05-02,,UNKNOWN,https://fdc.nal.usda.gov/fdc-app.html#/food-details/2704359/nutrients
USDA-FDC-2704371,DiGiorno Pizzeria Thin Hand Tossed Margherita 12in Frozen Pizza 18oz Box,Société des Produits Nestlé S.A.,Savoury Bakery Products,United States,071921133894,00071921133894,0,128,211,GROCERY,2024-09-13,2024-02-15,,UNKNOWN,https://fdc.nal.usda.gov/fdc-app.html#/food-details/2704371/nutrients
USDA-FDC-2704372,DiGiorno Crispy Pan Three Meat Frozen Pizza 28.3oz Pack,Société des Produits Nestlé S.A.,Savoury Bakery Products,United States,071921115616,00071921115616,0,134,291,GROCERY,2024-09-13,2023-12-05,,UNKNOWN,https://fdc.nal.usda.gov/fdc-app.html#/food-details/2704372/nutrients
USDA-FDC-2704375,"DIGIORNO Frozen Pizza - Spinach, Mushroom and Garlic Pizza - Rising Crust Pizza",Société des Produits Nestlé S.A.,Savoury Bakery Products,United States,071921003357,00071921003357,0,143,196,GROCERY,2024-09-13,2023-12-05,,UNKNOWN,https://fdc.nal.usda.gov/fdc-app.html#/food-details/2704375/nutrients
USDA-FDC-2704380,Nestle Toll House Funfetti Edible Cookie Dough with Sprinkles,Société des Produits Nestlé S.A.,Baking/Cooking Mixes/Supplies,United States,050000917549,00050000917549,0,39,359,GROCERY,2024-09-13,2024-07-05,,UNKNOWN,https://fdc.nal.usda.gov/fdc-app.html#/food-details/2704380/nutrients
USDA-FDC-2704498,"Lean Cuisine Frozen Meal Oven Fried Chicken with Mashed Potatoes, Balance Bowls Microwave Meal, Frozen Fried Chicken Dinner, Frozen Dinner for One",Société des Produits Nestlé S.A.,Ready-Made Combination Meals,United States,013800512864,00013800512864,0,297,101,GROCERY,2024-09-13,2023-12-04,,UNKNOWN,https://fdc.nal.usda.gov/fdc-app.html#/food-details/2704498/nutrients
USDA-FDC-2704502,"Lean Cuisine Frozen Meal Unwrapped Chicken Burrito, Balance Bowls Microwave Meal, Frozen Chicken Burrito Dinner, Frozen Dinner for One",Société des Produits Nestlé S.A.,Ready-Made Combination Meals,United States,013800453808,00013800453808,0,297,114,GROCERY,2024-09-13,2023-12-04,,UNKNOWN,https://fdc.nal.usda.gov/fdc-app.html#/food-details/2704502/nutrients
USDA-FDC-2704509,Life Cuisine Pesto Cauliflower Gnocchi Bowl Frozen Entre 10oz Box,Société des Produits Nestlé S.A.,Ready-Made Combination Meals,United States,013800360885,00013800360885,0,283,134,GROCERY,2024-09-13,2023-12-04,,UNKNOWN,https://fdc.nal.usda.gov/fdc-app.html#/food-details/2704509/nutrients
USDA-FDC-2704511,"Lean Cuisine Frozen Meal Sticky Ginger Chicken, Balance Bowls Microwave Meal, Frozen Chicken Dinner, Frozen Dinner for One",Société des Produits Nestlé S.A.,Ready-Made Combination Meals,United States,013800660107,00013800660107,0,290,110,GROCERY,2024-09-13,2023-12-04,,UNKNOWN,https://fdc.nal.usda.gov/fdc-app.html#/food-details/2704511/nutrients
USDA-FDC-2704514,STOUFFER'S Family Size Beef Pot Roast Frozen Entre 30oz Box,Société des Produits Nestlé S.A.,Ready-Made Combination Meals,United States,013800768360,00013800768360,0,221,81,GROCERY,2024-09-13,2024-08-06,,UNKNOWN,https://fdc.nal.usda.gov/fdc-app.html#/food-details/2704514/nutrients
USDA-FDC-2704527,LIFE CUISINE Frozen Meal Korean BBQ Style Beef 9.5oz,Société des Produits Nestlé S.A.,Ready-Made Combination Meals,United States,013800873958,00013800873958,0,269,112,GROCERY,2024-09-13,2024-05-02,,UNKNOWN,https://fdc.nal.usda.gov/fdc-app.html#/food-details/2704527/nutrients
USDA-FDC-2704533,LEAN CUISINE Frozen Meal Protein Kick Chicken Marinara Sandwich 6oz Package,Société des Produits Nestlé S.A.,Ready-Made Combination Meals,United States,013800796783,00013800796783,0,171,193,GROCERY,2024-09-13,2024-01-17,,UNKNOWN,https://fdc.nal.usda.gov/fdc-app.html#/food-details/2704533/nutrients
USDA-FDC-2704576,Life Cuisine Marinara Chicken and Broccoli Bowl Frozen Entre 10oz Box,Société des Produits Nestlé S.A.,Ready-Made Combination Meals,United States,013800240583,00013800240583,0,283,81,GROCERY,2024-09-13,2024-01-16,,UNKNOWN,https://fdc.nal.usda.gov/fdc-app.html#/food-details/2704576/nutrients
USDA-FDC-2704583,LEAN CUISINE Sesame Stir Fry with Chicken Bowl Frozen Entre 11.875oz Box,Société des Produits Nestlé S.A.,Ready-Made Combination Meals,United States,013800121806,00013800121806,0,336,104,GROCERY,2024-09-13,2024-03-08,,UNKNOWN,https://fdc.nal.usda.gov/fdc-app.html#/food-details/2704583/nutrients
USDA-FDC-2704586,LIFE CUISINE Frozen Meal Chicken Parmesan Cauliflower 8x9oz,Société des Produits Nestlé S.A.,Ready-Made Combination Meals,United States,013800115546,00013800115546,0,127,213,GROCERY,2024-09-13,2024-05-02,,UNKNOWN,https://fdc.nal.usda.gov/fdc-app.html#/food-details/2704586/nutrients
USDA-FDC-2704844,STOUFFERS Family Size Pepperoni Pizza Pasta Bake Frozen Entre 31oz Box,Société des Produits Nestlé S.A.,Ready-Made Combination Meals,United States,013800131362,00013800131362,0,195,159,GROCERY,2024-09-13,2024-08-09,,UNKNOWN,https://fdc.nal.usda.gov/fdc-app.html#/food-details/2704844/nutrients
USDA-FDC-2705048,"Pepperidge Farm Bulk Frozen Puff Pastry, 10X 15 Sheets, 12.3 Ounces, Pack of 20",CAMPBELL SOUP COMPANY,Savoury Bakery Products,United States,051000078728,00051000078728,0,58,397,FOOD_SERVICE|GROCERY,2024-09-13,2024-08-06,,UNKNOWN,https://fdc.nal.usda.gov/fdc-app.html#/food-details/2705048/nutrients
USDA-FDC-2705314,NESTLE COFFEE-MATE Caramel Latte Coffee Creamer 15 oz. Canister,Société des Produits Nestlé S.A.,Cream/Cream Substitutes,United States,050000602360,00050000602360,0,2,500,GROCERY,2024-09-13,2024-08-26,,UNKNOWN,https://fdc.nal.usda.gov/fdc-app.html#/food-details/2705314/nutrients
USDA-FDC-2715832,California Pizza Kitchen BBQ Chicken Frozen Pizza 10x5.9oz US,Société des Produits Nestlé S.A.,Savoury Bakery Products,United States,071921474140,00071921474140,0,169,243,GROCERY,2024-10-31,2024-09-06,,UNKNOWN,https://fdc.nal.usda.gov/fdc-app.html#/food-details/2715832/nutrients
USDA-FDC-2715973,"Lunchables Spicy Nachos with Chili Lime Flavored Tortilla Chips, Cheese Dip & Salsa, 4.4 oz Tray",Kraft Foods Inc.,Ready-Made Combination Meals,United States,044700104262,00044700104262,0,124,290,GROCERY,2024-10-31,2024-09-23,,UNKNOWN,https://fdc.nal.usda.gov/fdc-app.html#/food-details/2715973/nutrients
USDA-FDC-2716211,KLIM 1+ PREBIO 1 1600g N1 Canister,Société des Produits Nestlé S.A.,Milk/Milk Substitutes,United States,719665001436,00719665001436,0,36,444,GROCERY,2024-10-31,2024-09-03,,UNKNOWN,https://fdc.nal.usda.gov/fdc-app.html#/food-details/2716211/nutrients
USDA-FDC-2716530,"Life Cuisine Frozen Meal Meat Lovers Zoodles Bowl, Carb Wise Microwave Meal, Carb Conscious Frozen Dinner for One",Société des Produits Nestlé S.A.,Ready-Made Combination Meals,United States,013800654731,00013800654731,0,294,112,GROCERY,2024-10-31,2024-09-06,,UNKNOWN,https://fdc.nal.usda.gov/fdc-app.html#/food-details/2716530/nutrients
USDA-FDC-2716534,LIFE CUISINE Frozen Meal Cauliflower Gnocchi 9.5oz,Société des Produits Nestlé S.A.,Ready-Made Combination Meals,United States,013800220899,00013800220899,0,269,233,GROCERY,2024-10-31,2024-09-06,,UNKNOWN,https://fdc.nal.usda.gov/fdc-app.html#/food-details/2716534/nutrients
USDA-FDC-2717080,DIGIORNO Gluten Free Pepperoni Pizza 24.2oz Box,Société des Produits Nestlé S.A.,Savoury Bakery Products,United States,071921852290,00071921852290,0,137,248,GROCERY,2024-11-14,2024-10-04,,UNKNOWN,https://fdc.nal.usda.gov/fdc-app.html#/food-details/2717080/nutrients
USDA-FDC-2717082,Tombstone Tavern Style The Primo Pizza 12in 20oz Pack,Société des Produits Nestlé S.A.,Savoury Bakery Products,United States,071921977283,00071921977283,0,140,236,GROCERY,2024-11-14,2024-10-02,,UNKNOWN,https://fdc.nal.usda.gov/fdc-app.html#/food-details/2717082/nutrients
USDA-FDC-2717089,DiGiorno Original Rising Crust Frozen Pizza Club Three Meat 3-pack 89.4oz Pack,Société des Produits Nestlé S.A.,Savoury Bakery Products,United States,071921560218,00071921560218,0,140,236,GROCERY,2024-11-14,2024-10-09,,UNKNOWN,https://fdc.nal.usda.gov/fdc-app.html#/food-details/2717089/nutrients
USDA-FDC-2717102,DiGiorno Original Rising Crust Frozen Pizza Club Supreme 3-Pack 12in 94.5oz Box,Société des Produits Nestlé S.A.,Savoury Bakery Products,United States,071921458423,00071921458423,0,148,230,GROCERY,2024-11-14,2024-10-09,,UNKNOWN,https://fdc.nal.usda.gov/fdc-app.html#/food-details/2717102/nutrients
USDA-FDC-2717103,Tombstone Original Five Cheese 12in Frozen Pizza 18.5oz Pack,Société des Produits Nestlé S.A.,Savoury Bakery Products,United States,071921310271,00071921310271,0,131,252,GROCERY,2024-11-14,2024-10-02,,UNKNOWN,https://fdc.nal.usda.gov/fdc-app.html#/food-details/2717103/nutrients
USDA-FDC-2717120,DiGiorno Personal Size Stuffed Crust Three Meat 6in Frozen Pizza 9.2oz Box,Société des Produits Nestlé S.A.,Savoury Bakery Products,United States,071921016661,00071921016661,0,260,269,GROCERY,2024-11-14,2024-10-31,,UNKNOWN,https://fdc.nal.usda.gov/fdc-app.html#/food-details/2717120/nutrients
USDA-FDC-2717121,DiGiorno Personal Size Stuffed Crust Four Cheese 6in Frozen Pizza 8.5oz Box,Société des Produits Nestlé S.A.,Savoury Bakery Products,United States,071921016685,00071921016685,0,241,261,GROCERY,2024-11-14,2024-10-22,,UNKNOWN,https://fdc.nal.usda.gov/fdc-app.html#/food-details/2717121/nutrients
USDA-FDC-2717131,"Goldfish Crisps Spicy Dill Pickle Flavored Baked Chip Crackers, 6.25 Oz Bag",Pepperidge Farm Inc.,Biscuits/Cookies,United States,014100055372,00014100055372,0,30,467,GROCERY,2024-11-14,2024-10-26,,UNKNOWN,https://fdc.nal.usda.gov/fdc-app.html#/food-details/2717131/nutrients
USDA-FDC-2717173,"Snack Factory Spicy Ranch Bites, 9 Oz Bag",Snyder's-Lance INC.,Snacks,United States,049508252931,00049508252931,0,28,464,GROCERY,2024-11-14,2024-10-26,,UNKNOWN,https://fdc.nal.usda.gov/fdc-app.html#/food-details/2717173/nutrients
USDA-FDC-2717200,"Snack Factory Pop'ums Golden Mustard BBQ Pretzel Snacks, 9 Oz Bag",Snyder's-Lance INC.,Snacks,United States,049508253044,00049508253044,0,28,464,GROCERY,2024-11-14,2024-10-26,,UNKNOWN,https://fdc.nal.usda.gov/fdc-app.html#/food-details/2717200/nutrients
USDA-FDC-2717414,STOUFFER'S Family Size High Tier Beef and Broccoli 30oz Carton US,Société des Produits Nestlé S.A.,Ready-Made Combination Meals,United States,013800883742,00013800883742,0,214,131,GROCERY,2024-11-14,2024-10-04,,UNKNOWN,https://fdc.nal.usda.gov/fdc-app.html#/food-details/2717414/nutrients
USDA-FDC-2717419,"Pepperidge Farm Jewish Rye & Pumpernickel Deli Swirl Bread, 2 lb. loaf",Pepperidge Farm Inc.,Bread,United States,014100079293,00014100079293,0,32,250,GROCERY,2024-11-14,2024-10-26,,UNKNOWN,https://fdc.nal.usda.gov/fdc-app.html#/food-details/2717419/nutrients
USDA-FDC-2717519,Hot Pocket Meatball Mozzarella 5pk Frozen Sandwiches 9oz Box,Société des Produits Nestlé S.A.,Sandwiches/Filled Rolls/Wraps,United States,043695671193,00043695671193,0,127,236,GROCERY,2024-11-14,2024-10-04,,UNKNOWN,https://fdc.nal.usda.gov/fdc-app.html#/food-details/2717519/nutrients
USDA-FDC-2717591,Nestl Toll House Sugar Cookie Dough 16.5oz Pack,Société des Produits Nestlé S.A.,Dough Based Products / Meals,United States,050000622443,00050000622443,0,19,421,GROCERY,2024-11-14,2024-10-04,,UNKNOWN,https://fdc.nal.usda.gov/fdc-app.html#/food-details/2717591/nutrients
USDA-FDC-2717624,NIDO Fortificada Dry Milk 12.6 oz. Canister,Société des Produits Nestlé S.A.,Milk/Milk Substitutes,United States,028000033170,00028000033170,0,30,533,GROCERY,2024-11-14,2024-10-29,,UNKNOWN,https://fdc.nal.usda.gov/fdc-app.html#/food-details/2717624/nutrients
USDA-FDC-2717652,NIDO Kinder 1+ Powdered Milk Beverage 4.85 lb Canister,Société des Produits Nestlé S.A.,Milk/Milk Substitutes,United States,028000216283,00028000216283,0,34,471,GROCERY,2024-11-14,2024-10-03,,UNKNOWN,https://fdc.nal.usda.gov/fdc-app.html#/food-details/2717652/nutrients
USDA-FDC-2718072,"Sacramento Tomato Juice, 46oz Bottle","Red Gold, Inc.",Non Alcoholic Beverages - Ready to Drink,United States,072940760016,00072940760016,0,8,19.3,CHILD_NUTRITION_FOOD_PROGRAMS|FOOD_SERVICE|GROCERY,2024-12-19,2024-10-02,,UNKNOWN,https://fdc.nal.usda.gov/fdc-app.html#/food-details/2718072/nutrients
USDA-FDC-2718073,"Sacramento Vegetable Juice, 46oz Can","Red Gold, Inc.",Non Alcoholic Beverages - Ready to Drink,United States,072940761006,00072940761006,0,8,20,CHILD_NUTRITION_FOOD_PROGRAMS|FOOD_SERVICE|GROCERY,2024-12-19,2024-10-02,,UNKNOWN,https://fdc.nal.usda.gov/fdc-app.html#/food-details/2718073/nutrients
USDA-FDC-2718629,"Pepperidge Farm Stone Baked Artisan Collection Frozen Italian Loaf Bread, 12 oz. Bag",CAMPBELL SOUP COMPANY,Bread,United States,051000227973,00051000227973,0,57,263,GROCERY,2024-12-19,2024-07-19,,UNKNOWN,https://fdc.nal.usda.gov/fdc-app.html#/food-details/2718629/nutrients
USDA-FDC-2719022,"Sacramento Vegetable Juice, 46oz Can - Case of 12","Red Gold, Inc.",Non Alcoholic Beverages - Ready to Drink,United States,10072940761003,10072940761003,0,8,20,CHILD_NUTRITION_FOOD_PROGRAMS|FOOD_SERVICE|GROCERY,2024-12-19,2024-11-20,,UNKNOWN,https://fdc.nal.usda.gov/fdc-app.html#/food-details/2719022/nutrients
USDA-FDC-2719045,"Red Gold Tomato Juice + Vit C, 46oz Can - CS of 12","Red Gold, Inc.",Non Alcoholic Beverages - Ready to Drink,United States,10072940110535,10072940110535,0,8,19.3,CHILD_NUTRITION_FOOD_PROGRAMS|FOOD_SERVICE|GROCERY,2024-12-19,2024-10-02,,UNKNOWN,https://fdc.nal.usda.gov/fdc-app.html#/food-details/2719045/nutrients
USDA-FDC-2719048,"Sacramento Tomato Juice, 46oz Can - Case of 12","Red Gold, Inc.",Non Alcoholic Beverages - Ready to Drink,United States,10072940760020,10072940760020,0,8,18.4,CHILD_NUTRITION_FOOD_PROGRAMS|FOOD_SERVICE|GROCERY,2024-12-19,2024-11-20,,UNKNOWN,https://fdc.nal.usda.gov/fdc-app.html#/food-details/2719048/nutrients
USDA-FDC-2719049,"Glorietta Tomato Juice, 46oz Can - Case of 12","Red Gold, Inc.",Non Alcoholic Beverages - Ready to Drink,United States,10072940770005,10072940770005,0,8,18.4,CHILD_NUTRITION_FOOD_PROGRAMS|FOOD_SERVICE|GROCERY,2024-12-19,2024-11-20,,UNKNOWN,https://fdc.nal.usda.gov/fdc-app.html#/food-details/2719049/nutrients
USDA-FDC-2719082,"Sacramento Tomato Juice, 46oz Can","Red Gold, Inc.",Non Alcoholic Beverages - Ready to Drink,United States,072940760023,00072940760023,0,8,18.4,CHILD_NUTRITION_FOOD_PROGRAMS|FOOD_SERVICE|GROCERY,2024-12-19,2024-10-02,,UNKNOWN,https://fdc.nal.usda.gov/fdc-app.html#/food-details/2719082/nutrients
USDA-FDC-2719083,"Glorietta Tomato Juice, 46oz Can","Red Gold, Inc.",Non Alcoholic Beverages - Ready to Drink,United States,072940770008,00072940770008,0,8,18.4,FOOD_SERVICE|GROCERY,2024-12-19,2024-10-02,,UNKNOWN,https://fdc.nal.usda.gov/fdc-app.html#/food-details/2719083/nutrients
USDA-FDC-2719122,Red Gold Barbecue Sauce Naturally Balanced 114oz w/Pump - CS of 6,"Red Gold, Inc.",Sauces/Spreads/Dips/Condiments,United States,80072940747396,80072940747396,0,36,144,CHILD_NUTRITION_FOOD_PROGRAMS|FOOD_SERVICE|GROCERY,2024-12-19,2024-11-20,,UNKNOWN,https://fdc.nal.usda.gov/fdc-app.html#/food-details/2719122/nutrients
USDA-FDC-2719200,"Sacramento Tomato Juice, 46oz Bottle - Case of 8","Red Gold, Inc.",Non Alcoholic Beverages - Ready to Drink,United States,20072940760010,20072940760010,0,8,19.3,CHILD_NUTRITION_FOOD_PROGRAMS|FOOD_SERVICE|GROCERY,2024-12-19,2024-11-20,,UNKNOWN,https://fdc.nal.usda.gov/fdc-app.html#/food-details/2719200/nutrients
USDA-FDC-2719246,"Red Gold Tomato Juice + Vit C, 46oz Can","Red Gold, Inc.",Non Alcoholic Beverages - Ready to Drink,United States,072940110538,00072940110538,0,8,19.3,FOOD_SERVICE|GROCERY,2024-12-19,2024-10-02,,UNKNOWN,https://fdc.nal.usda.gov/fdc-app.html#/food-details/2719246/nutrients
USDA-FDC-2719283,"Campbell's Homestyle Chicken Noodle Soup, 11.2 oz Microwavable Bowl (Pack of 6)",CAMPBELL SOUP COMPANY,Prepared Soups,United States,051000290724,00051000290724,0,318,31,GROCERY,2024-12-19,2024-11-23,,UNKNOWN,https://fdc.nal.usda.gov/fdc-app.html#/food-details/2719283/nutrients
USDA-FDC-2719427,NESTLE GOBSTOPPER Sugar Candy 30lb Bulk,Ferrara Candy Company,Confectionery Products,United States,079200211424,00079200211424,0,100,370,GROCERY,2024-12-19,2020-02-21,,UNKNOWN,https://fdc.nal.usda.gov/fdc-app.html#/food-details/2719427/nutrients
USDA-FDC-2719597,Bear Naked Cereal Granola Honey Almond Protein 11.2oz,BEAR NAKED FOODS,Processed Cereal Products,United States,884623100343,00884623100343,0,60,463,CONVENIENCE|FOOD_SERVICE|GROCERY|ONLINE,2024-12-19,2024-11-06,,UNKNOWN,https://fdc.nal.usda.gov/fdc-app.html#/food-details/2719597/nutrients
USDA-FDC-2719599,Bear Naked Bites Dark Chocolate Sea Salt 7.2oz,BEAR NAKED FOODS,Processed Cereal Products,United States,884623101937,00884623101937,0,38,430,CONVENIENCE|GROCERY|ONLINE|VENDING,2024-12-19,2024-11-06,,UNKNOWN,https://fdc.nal.usda.gov/fdc-app.html#/food-details/2719599/nutrients
USDA-FDC-2719601,Bear Naked Cereal Granola Peanut Butter 12oz,BEAR NAKED FOODS,Processed Cereal Products,United States,884623102453,00884623102453,0,56,460,GROCERY|ONLINE,2024-12-19,2024-11-06,,UNKNOWN,https://fdc.nal.usda.gov/fdc-app.html#/food-details/2719601/nutrients
USDA-FDC-2719778,Bear Naked Cereal Granola All Natural Fit Triple Berry 12oz,BEAR NAKED FOODS,Processed Cereal Products,United States,856416000703,00856416000703,0,52,404,CONVENIENCE|FOOD_SERVICE|GROCERY|ONLINE,2024-12-19,2024-11-06,,UNKNOWN,https://fdc.nal.usda.gov/fdc-app.html#/food-details/2719778/nutrients
USDA-FDC-2719811,"17.6oz Jar of WOWBUTTER Creamy, Peanut & Tree Nut Free",Hilton Whole Grain Millers Ltd CA,Sweet Spreads,United States,773948201005,00773948201005,0,32,625,CHILD_NUTRITION_FOOD_PROGRAMS|FOOD_SERVICE|GROCERY,2024-12-19,2024-04-23,,UNKNOWN,https://fdc.nal.usda.gov/fdc-app.html#/food-details/2719811/nutrients
USDA-FDC-2719812,"17.6oz Jar WOWBUTTER Crunchy, Peanut & Tree Nut Free",Hilton Whole Grain Millers Ltd CA,Sweet Spreads,United States,773948201012,00773948201012,0,32,625,CHILD_NUTRITION_FOOD_PROGRAMS|FOOD_SERVICE|GROCERY,2024-12-19,2024-04-23,,UNKNOWN,https://fdc.nal.usda.gov/fdc-app.html#/food-details/2719812/nutrients
USDA-FDC-2720389,"Pepperidge Farm Goldfish Veggie Crackers, Sweet Carrot, 4 oz. Resealable Bag",Pepperidge Farm Inc.,Biscuits/Cookies,United States,014100050360,00014100050360,0,30,467,GROCERY,2024-12-19,2024-07-20,,UNKNOWN,https://fdc.nal.usda.gov/fdc-app.html#/food-details/2720389/nutrients
USDA-FDC-2720399,STOUFFER'S Pepperoni French Bread Frozen Pizza 11.75oz Box,Société des Produits Nestlé S.A.,Ready-Made Combination Meals,United States,013800540423,00013800540423,0,166,265,GROCERY,2024-12-19,2024-11-26,,UNKNOWN,https://fdc.nal.usda.gov/fdc-app.html#/food-details/2720399/nutrients
USDA-FDC-2720404,"Pepperidge Farm Goldfish Holiday Colors Cheddar Crackers, 6.6 oz. Bag",Pepperidge Farm Inc.,Biscuits/Cookies,United States,014100040521,00014100040521,0,30,467,GROCERY,2024-12-19,2024-07-19,,UNKNOWN,https://fdc.nal.usda.gov/fdc-app.html#/food-details/2720404/nutrients
USDA-FDC-2720413,"Pepperidge Farm Farmhouse Thin & Crispy Triple Chocolate Chip Cookies, 6.9 oz. Bag",Pepperidge Farm Inc.,Biscuits/Cookies,United States,014100047827,00014100047827,0,28,500,GROCERY,2024-12-19,2024-07-20,,UNKNOWN,https://fdc.nal.usda.gov/fdc-app.html#/food-details/2720413/nutrients
USDA-FDC-2720892,Kellogg's Raisin Bran Cereal Crunch 2.8oz,WK KELLOGG CO,Processed Cereal Products,United States,038000116308,00038000116308,0,80,351,CONVENIENCE|GROCERY|ONLINE|VENDING,2024-12-19,2024-08-06,,UNKNOWN,https://fdc.nal.usda.gov/fdc-app.html#/food-details/2720892/nutrients
USDA-FDC-2720979,Kellogg's Krave Cereal Chocolate 17.3oz,WK KELLOGG CO,Processed Cereal Products,United States,038000199264,00038000199264,0,41,416,GROCERY|ONLINE,2024-12-19,2024-10-16,,UNKNOWN,https://fdc.nal.usda.gov/fdc-app.html#/food-details/2720979/nutrients
USDA-FDC-2721152,Kellogg's Rice Krispies Cereal .88oz,WK KELLOGG CO,Processed Cereal Products,United States,038000219344,00038000219344,0,25,387,CONVENIENCE|FOOD_SERVICE|GROCERY|MASS_MERCHANDISING|ONLINE,2024-12-19,2024-05-25,,UNKNOWN,https://fdc.nal.usda.gov/fdc-app.html#/food-details/2721152/nutrients
USDA-FDC-2721320,Kellogg's Raisin Bran Cereal 1.52oz,WK KELLOGG CO,Processed Cereal Products,United States,038000219436,00038000219436,0,43,325,CONVENIENCE|FOOD_SERVICE|GROCERY|ONLINE,2024-12-19,2024-05-28,,UNKNOWN,https://fdc.nal.usda.gov/fdc-app.html#/food-details/2721320/nutrients
USDA-FDC-2721323,Kellogg's Frosted Flakes Cereal 1.2oz,WK KELLOGG CO,Processed Cereal Products,United States,038000219634,00038000219634,0,34,364,CONVENIENCE|FOOD_SERVICE|GROCERY|ONLINE,2024-12-19,2024-09-07,,UNKNOWN,https://fdc.nal.usda.gov/fdc-app.html#/food-details/2721323/nutrients
USDA-FDC-2721328,Kellogg's Mini-Wheats Cereal Bite Size Frosted 1.31oz,WK KELLOGG CO,Processed Cereal Products,United States,038000219931,00038000219931,0,37,353,CONVENIENCE|FOOD_SERVICE|GROCERY|ONLINE,2024-12-19,2024-10-16,,UNKNOWN,https://fdc.nal.usda.gov/fdc-app.html#/food-details/2721328/nutrients
USDA-FDC-2721346,Kellogg's Mini-Wheats Cereal Bite Size Frosted 2.5oz,WK KELLOGG CO,Processed Cereal Products,United States,038000313295,00038000313295,0,71,353,CONVENIENCE|GROCERY|ONLINE|VENDING,2024-12-19,2024-08-16,,UNKNOWN,https://fdc.nal.usda.gov/fdc-app.html#/food-details/2721346/nutrients
USDA-FDC-2721374,Kellogg's Apple Jacks Cereal Original 1.5oz,WK KELLOGG CO,Processed Cereal Products,United States,038000863509,00038000863509,0,42,376,CONVENIENCE|DRUG|FOOD_SERVICE|GROCERY|ONLINE|VENDING,2024-12-19,2024-10-16,,UNKNOWN,https://fdc.nal.usda.gov/fdc-app.html#/food-details/2721374/nutrients
USDA-FDC-2721375,Kellogg's Rice Krispies Cereal 1.3oz,WK KELLOGG CO,Processed Cereal Products,United States,038000863608,00038000863608,0,37,387,GROCERY|ONLINE,2024-12-19,2024-06-21,,UNKNOWN,https://fdc.nal.usda.gov/fdc-app.html#/food-details/2721375/nutrients
USDA-FDC-2721383,Kellogg's Frosted Flakes Cereal Original 2.1oz,WK KELLOGG CO,Processed Cereal Products,United States,038000635700,00038000635700,0,60,364,CONVENIENCE|DRUG|FOOD_SERVICE|GROCERY|ONLINE|VENDING,2024-12-19,2024-08-16,,UNKNOWN,https://fdc.nal.usda.gov/fdc-app.html#/food-details/2721383/nutrients
USDA-FDC-2721384,Kellogg's Corn Pops Cereal 1.5oz,WK KELLOGG CO,Processed Cereal Products,United States,038000635601,00038000635601,0,42,384,CONVENIENCE|DRUG|FOOD_SERVICE|GROCERY|ONLINE|VENDING,2024-12-19,2024-05-29,,UNKNOWN,https://fdc.nal.usda.gov/fdc-app.html#/food-details/2721384/nutrients
USDA-FDC-2721385,Kellogg's Special K Cereal 1.25oz,WK KELLOGG CO,Processed Cereal Products,United States,038000635502,00038000635502,0,36,380,GROCERY|ONLINE,2024-12-19,2024-10-18,,UNKNOWN,https://fdc.nal.usda.gov/fdc-app.html#/food-details/2721385/nutrients
USDA-FDC-2721415,Kellogg's Froot Loops Cereal Original 1.5oz,WK KELLOGG CO,Processed Cereal Products,United States,038000635304,00038000635304,0,42,374,CONVENIENCE|DRUG|FOOD_SERVICE|GROCERY|ONLINE|VENDING,2024-12-19,2024-10-02,,UNKNOWN,https://fdc.nal.usda.gov/fdc-app.html#/food-details/2721415/nutrients
USDA-FDC-2721649,Kashi Go Cereal Cinnamon 14oz,KASHI SALES LLC,Processed Cereal Products,United States,018627703655,00018627703655,0,62,351,CONVENIENCE|GROCERY|ONLINE,2024-12-19,2024-05-24,,UNKNOWN,https://fdc.nal.usda.gov/fdc-app.html#/food-details/2721649/nutrients
USDA-FDC-2721651,Kashi Go Cereal Crisp Toasted Berry 14oz,KASHI SALES LLC,Processed Cereal Products,United States,018627703488,00018627703488,0,53,361,GROCERY|ONLINE,2024-12-19,2024-07-23,,UNKNOWN,https://fdc.nal.usda.gov/fdc-app.html#/food-details/2721651/nutrients
USDA-FDC-2721659,Kashi Go Cereal Peanut Butter 13.2oz,KASHI SALES LLC,Processed Cereal Products,United States,018627101390,00018627101390,0,53,419,GROCERY|MASS_MERCHANDISING|ONLINE,2024-12-19,2024-11-06,,UNKNOWN,https://fdc.nal.usda.gov/fdc-app.html#/food-details/2721659/nutrients
USDA-FDC-2721663,Kashi Go Cereal Chocolate Coconut 12.2oz,KASHI SALES LLC,Processed Cereal Products,United States,018627107576,00018627107576,0,52,390,GROCERY|ONLINE,2024-12-19,2024-11-06,,UNKNOWN,https://fdc.nal.usda.gov/fdc-app.html#/food-details/2721663/nutrients
USDA-FDC-2721667,Kashi Heart To Heart Cereal Honey Toasted Oat 1.4oz,Kashi US,Processed Cereal Products,United States,018627446385,00018627446385,0,40,364,GROCERY|ONLINE,2024-12-19,2023-11-16,,UNKNOWN,https://fdc.nal.usda.gov/fdc-app.html#/food-details/2721667/nutrients
USDA-FDC-2721670,Kashi Heart To Heart Cereal Blueberry 13.4oz,KASHI SALES LLC,Processed Cereal Products,United States,018627510031,00018627510031,0,54,379,GROCERY|ONLINE,2024-12-19,2024-11-11,,UNKNOWN,https://fdc.nal.usda.gov/fdc-app.html#/food-details/2721670/nutrients
USDA-FDC-2721674,Kashi Organic Cereal Promise Autumn Wheat 16.3oz,KASHI SALES LLC,Processed Cereal Products,United States,018627703129,00018627703129,0,60,334,FOOD_SERVICE|GROCERY|ONLINE,2024-12-19,2024-05-24,,UNKNOWN,https://fdc.nal.usda.gov/fdc-app.html#/food-details/2721674/nutrients
USDA-FDC-2721675,Kashi Organic Cereal Promise Cinnamon Harvest 16.3oz,KASHI SALES LLC,Processed Cereal Products,United States,018627703174,00018627703174,0,61,333,FOOD_SERVICE|GROCERY|ONLINE,2024-12-19,2024-11-14,,UNKNOWN,https://fdc.nal.usda.gov/fdc-app.html#/food-details/2721675/nutrients
USDA-FDC-2721676,Kashi Go Cereal 13.1oz,KASHI SALES LLC,Processed Cereal Products,United States,018627703211,00018627703211,0,58,307,CONVENIENCE|FOOD_SERVICE|GROCERY|ONLINE,2024-12-19,2023-12-08,,UNKNOWN,https://fdc.nal.usda.gov/fdc-app.html#/food-details/2721676/nutrients
USDA-FDC-2721677,Kashi Go Cereal Cinnamon Crunch 13.8oz,KASHI SALES LLC,Processed Cereal Products,United States,018627703273,00018627703273,0,53,364,CONVENIENCE|FOOD_SERVICE|GROCERY|ONLINE,2024-12-19,2024-11-18,,UNKNOWN,https://fdc.nal.usda.gov/fdc-app.html#/food-details/2721677/nutrients
USDA-FDC-2721678,Kashi Organic Cereal Promise Island Vanilla 16.3oz,KASHI SALES LLC,Processed Cereal Products,United States,018627703358,00018627703358,0,59,331,FOOD_SERVICE|GROCERY|ONLINE,2024-12-19,2024-11-14,,UNKNOWN,https://fdc.nal.usda.gov/fdc-app.html#/food-details/2721678/nutrients
USDA-FDC-2721680,Kashi Go Cereal Crunch Honey Almond Flax 14oz,KASHI SALES LLC,Processed Cereal Products,United States,018627703396,00018627703396,0,52,384,FOOD_SERVICE|GROCERY|ONLINE,2024-12-19,2024-07-23,,UNKNOWN,https://fdc.nal.usda.gov/fdc-app.html#/food-details/2721680/nutrients
USDA-FDC-2722098,"Campbell's Chunky Soup, Classic Chicken Noodle Soup, 15.25 oz Microwavable Bowl",CAMPBELL SOUP COMPANY,Prepared Soups,United States,051000148803,00051000148803,0,432,46,FOOD_SERVICE|GROCERY,2025-01-23,2025-01-04,,UNKNOWN,https://fdc.nal.usda.gov/fdc-app.html#/food-details/2722098/nutrients
USDA-FDC-2722424,WELCH'S 30 OZ SPREAD - CONCORD GRAPE JAM,WELCHS,Sweet Spreads,United States,041800501519,00041800501519,0,20,250,GROCERY,2025-01-23,2024-12-23,,UNKNOWN,https://fdc.nal.usda.gov/fdc-app.html#/food-details/2722424/nutrients
USDA-FDC-2722466,WELCH'S 30 OZ SPREAD - CONCORD GRAPE JELLY,WELCHS,Sweet Spreads,United States,041800501502,00041800501502,0,20,250,GROCERY,2025-01-23,2024-12-23,,UNKNOWN,https://fdc.nal.usda.gov/fdc-app.html#/food-details/2722466/nutrients
USDA-FDC-2722468,"Campbell's Chunky Soup, Beef Soup with Country Vegetables, 15.25 oz Microwavable Bowl",CAMPBELL SOUP COMPANY,Prepared Soups,United States,051000148780,00051000148780,0,432,44,FOOD_SERVICE|GROCERY,2025-01-23,2025-01-04,,UNKNOWN,https://fdc.nal.usda.gov/fdc-app.html#/food-details/2722468/nutrients
USDA-FDC-2722706,"Lance Sandwich Crackers, Captain's Wafers Cream Cheese and Chives, 40 Packs, 6 Sandwiches Each",Snyder's-Lance INC.,Biscuits/Cookies,United States,076410902333,00076410902333,0,39,487,GROCERY,2025-01-23,2024-12-21,,UNKNOWN,https://fdc.nal.usda.gov/fdc-app.html#/food-details/2722706/nutrients
USDA-FDC-2722714,"Campbell's Chunky Soup, Chili Mac Soup, 15.25 oz Microwavable Bowl",CAMPBELL SOUP COMPANY,Prepared Soups,United States,051000286291,00051000286291,0,432,86,FOOD_SERVICE|GROCERY,2025-01-23,2025-01-04,,UNKNOWN,https://fdc.nal.usda.gov/fdc-app.html#/food-details/2722714/nutrients
USDA-FDC-2722723,WELCH'S 18 OZ SPREAD - NATURAL SQUEEZE CONCORD GRAPE,WELCHS,Sweet Spreads,United States,041800501694,00041800501694,0,18,167,GROCERY,2025-01-23,2024-12-23,,UNKNOWN,https://fdc.nal.usda.gov/fdc-app.html#/food-details/2722723/nutrients
USDA-FDC-2722744,WELCH'S 17.1 OZ SPREAD - SQUEEZE REDUCED SUGAR CONCORD GRAPE JELLY,WELCHS,Sweet Spreads,United States,041800000326,00041800000326,0,17,118,GROCERY,2025-01-23,2024-12-23,,UNKNOWN,https://fdc.nal.usda.gov/fdc-app.html#/food-details/2722744/nutrients
USDA-FDC-2723060,DIGIORNO Four Cheese Frozen Personal Pizza on a Hand-Tossed Style Traditional Crust 9.2oz Box,Société des Produits Nestlé S.A.,Savoury Bakery Products,United States,071921008284,00071921008284,0,261,261,GROCERY,2025-01-23,2024-12-24,,UNKNOWN,https://fdc.nal.usda.gov/fdc-app.html#/food-details/2723060/nutrients
USDA-FDC-2723063,WELCH'S 18 OZ SPREAD - NATURAL SQUEEZE STRAWBERRY,WELCHS,Sweet Spreads,United States,041800501700,00041800501700,0,18,194,GROCERY,2025-01-23,2024-12-23,,UNKNOWN,https://fdc.nal.usda.gov/fdc-app.html#/food-details/2723063/nutrients
USDA-FDC-2723088,WELCH'S 20 OZ SPREAD - SQUEEZE CONCORD GRAPE JAM,WELCHS,Sweet Spreads,United States,041800000319,00041800000319,0,20,250,GROCERY,2025-01-23,2024-12-23,,UNKNOWN,https://fdc.nal.usda.gov/fdc-app.html#/food-details/2723088/nutrients
USDA-FDC-2723229,DiGiorno Thin and Crispy Stuffed Crust Pepperoni and Sausage Frozen Pizza 21.4oz,Société des Produits Nestlé S.A.,Savoury Bakery Products,United States,071921258252,00071921258252,0,152,270,GROCERY,2025-03-20,2025-01-17,,UNKNOWN,https://fdc.nal.usda.gov/fdc-app.html#/food-details/2723229/nutrients
USDA-FDC-2723251,"Swanson White Premium Chunk Canned Chicken Breast in Water, 12.5 OZ Can",CAMPBELL SOUP COMPANY,Meat/Poultry/Other Animals - Prepared/Processed,United States,051000188069,00051000188069,0,85,94,GROCERY,2025-03-20,2025-01-25,,UNKNOWN,https://fdc.nal.usda.gov/fdc-app.html#/food-details/2723251/nutrients
USDA-FDC-2723337,"LATE JULY Snacks Grain Free Tortilla Chips, Sea Salt Chips, 5.5 oz. Bag",Snyder's-Lance INC.,Snacks,United States,815099020897,00815099020897,0,28,500,GROCERY|MASS_MERCHANDISING,2025-03-20,2025-01-13,,UNKNOWN,https://fdc.nal.usda.gov/fdc-app.html#/food-details/2723337/nutrients
USDA-FDC-2723338,"LATE JULY Snacks Grain Free Tortilla Chips, Sea Salt & Lime Chips, 5.5 oz. Bag",Snyder's-Lance INC.,Snacks,United States,815099020903,00815099020903,0,28,500,GROCERY|MASS_MERCHANDISING,2025-03-20,2025-01-13,,UNKNOWN,https://fdc.nal.usda.gov/fdc-app.html#/food-details/2723338/nutrients
USDA-FDC-2723586,"Pepperidge Farm Raisin Cinnamon Swirl Breakfast Bread, 16 Oz Loaf",Pepperidge Farm Inc.,Bread,United States,10014100047664,10014100047664,0,33,303,GROCERY,2025-03-20,2025-01-25,,UNKNOWN,https://fdc.nal.usda.gov/fdc-app.html#/food-details/2723586/nutrients
USDA-FDC-2723587,"Swanson White Premium Chunk Canned Chicken Breast in Water, 9.75 OZ Can",CAMPBELL SOUP COMPANY,Meat/Poultry/Other Animals - Prepared/Processed,United States,051000103482,00051000103482,0,85,94,GROCERY,2025-03-20,2025-02-01,,UNKNOWN,https://fdc.nal.usda.gov/fdc-app.html#/food-details/2723587/nutrients
USDA-FDC-2723727,GERBER ORGANIC FOR BABY GRAIN AND GROW 2nd Foods Oatmeal Banana Cereal 8oz Canister,Société des Produits Nestlé S.A.,Processed Cereal Products,United States,015000210151,00015000210151,0,15,400,GROCERY,2025-03-20,2025-01-19,,UNKNOWN,https://fdc.nal.usda.gov/fdc-app.html#/food-details/2723727/nutrients
USDA-FDC-2723877,Quaker Oats Old Fashioned 42 Oz,PepsiCo Inc. Brand Owner,Grains/Flour,United States,030000010402,00030000010402,0,40,375,GROCERY,2025-03-20,2025-01-27,,UNKNOWN,https://fdc.nal.usda.gov/fdc-app.html#/food-details/2723877/nutrients
USDA-FDC-2723880,Quaker Steel Cut Hearty Traditional Oats 30 Oz,PepsiCo Inc. Brand Owner,Processed Cereal Products,United States,030000565438,00030000565438,0,40,375,CHILD_NUTRITION_FOOD_PROGRAMS|GROCERY,2025-03-20,2025-01-27,,UNKNOWN,https://fdc.nal.usda.gov/fdc-app.html#/food-details/2723880/nutrients
USDA-FDC-2723881,Quaker Chewy Granola Bar Chocolate Chunk Flavor 1.41 Oz,PepsiCo Inc. Brand Owner,Processed Cereal Products,United States,030000565872,00030000565872,0,40,400,CHILD_NUTRITION_FOOD_PROGRAMS|GROCERY,2025-03-20,2025-01-27,,UNKNOWN,https://fdc.nal.usda.gov/fdc-app.html#/food-details/2723881/nutrients
USDA-FDC-2723916,CARNATION Famous Fudge Kit Without Marshmellows 27.75 ounce Box,Société des Produits Nestlé S.A.,Desserts/Dessert Sauces/Toppings,United States,050000178070,00050000178070,0,37,405,GROCERY,2025-03-20,2025-01-29,,UNKNOWN,https://fdc.nal.usda.gov/fdc-app.html#/food-details/2723916/nutrients
USDA-FDC-2724125,DIGIORNO Croissant Crust Pepperoni 6.5in 10x9oz Carton,Société des Produits Nestlé S.A.,Savoury Bakery Products,United States,071921456993,00071921456993,0,257,276,GROCERY,2025-03-20,2025-02-17,,UNKNOWN,https://fdc.nal.usda.gov/fdc-app.html#/food-details/2724125/nutrients
USDA-FDC-2724127,DIGIORNO Croissant Crust 3 Meat 6.5in 10x9oz Carton,Société des Produits Nestlé S.A.,Savoury Bakery Products,United States,071921583354,00071921583354,0,257,276,GROCERY,2025-03-20,2025-02-17,,UNKNOWN,https://fdc.nal.usda.gov/fdc-app.html#/food-details/2724127/nutrients
USDA-FDC-2724227,Hot Pockets Pepperoni Pizza 5pk Frozen Sandwiches 22.5oz Box,Société des Produits Nestlé S.A.,Sandwiches/Filled Rolls/Wraps,United States,043695071436,00043695071436,0,127,260,GROCERY,2025-03-20,2025-02-10,,UNKNOWN,https://fdc.nal.usda.gov/fdc-app.html#/food-details/2724227/nutrients
USDA-FDC-2724228,Hot Pockets Philly Steak and Cheese Frozen Sandwiches 22.5oz 5 Pack Box,Société des Produits Nestlé S.A.,Sandwiches/Filled Rolls/Wraps,United States,043695159905,00043695159905,0,127,228,GROCERY,2025-03-20,2025-02-07,,UNKNOWN,https://fdc.nal.usda.gov/fdc-app.html#/food-details/2724228/nutrients
USDA-FDC-2724229,HOT POCKETS Steak and Cheddar 5pk Frozen Sandwiches 22.5oz Box,Société des Produits Nestlé S.A.,Sandwiches/Filled Rolls/Wraps,United States,043695237658,00043695237658,0,127,236,GROCERY,2025-03-20,2025-02-10,,UNKNOWN,https://fdc.nal.usda.gov/fdc-app.html#/food-details/2724229/nutrients
USDA-FDC-2724231,Hot Pockets Big and Bold Hot Honey Bacon Egg Cheese Frozen Sandwiches 12.75oz 2 Pack Box,Société des Produits Nestlé S.A.,Sandwiches/Filled Rolls/Wraps,United States,043695343526,00043695343526,0,181,249,GROCERY,2025-03-20,2025-02-10,,UNKNOWN,https://fdc.nal.usda.gov/fdc-app.html#/food-details/2724231/nutrients
USDA-FDC-2724232,Hot Pockets Big and Bold Loaded Pepperoni 2pk Frozen Sandwiches 13.5oz Box,Société des Produits Nestlé S.A.,Sandwiches/Filled Rolls/Wraps,United States,043695511987,00043695511987,0,191,267,GROCERY,2025-03-20,2025-02-11,,UNKNOWN,https://fdc.nal.usda.gov/fdc-app.html#/food-details/2724232/nutrients
USDA-FDC-2724234,Hot Pockets Big and Bold Buffalo Style Chicken Frozen Sandwiches 13.5oz 2 Pack Box,Société des Produits Nestlé S.A.,Sandwiches/Filled Rolls/Wraps,United States,043695948950,00043695948950,0,191,225,GROCERY,2025-03-20,2025-02-10,,UNKNOWN,https://fdc.nal.usda.gov/fdc-app.html#/food-details/2724234/nutrients
USDA-FDC-2724353,GERBER CEREAL FOR BABY POWER BLEND Oatmeal Lentil Carrot Pea Probiotic BL 8oz Canister,Société des Produits Nestlé S.A.,Processed Cereal Products,United States,015000080068,00015000080068,0,15,400,GROCERY,2025-03-20,2025-02-20,,UNKNOWN,https://fdc.nal.usda.gov/fdc-app.html#/food-details/2724353/nutrients
USDA-FDC-2724867,MAGGI Masala Spicy Chilli Sauce 14.1 oz.,Société des Produits Nestlé S.A.,Sauces/Spreads/Dips/Condiments,United States,028000696719,00028000696719,0,32,156,GROCERY,2025-03-20,2025-02-24,,UNKNOWN,https://fdc.nal.usda.gov/fdc-app.html#/food-details/2724867/nutrients
USDA-FDC-2724869,MAGGI 2-MINUTE NOODLES Mas 280g,Société des Produits Nestlé S.A.,Pasta/Noodles,United States,028000862916,00028000862916,0,70,443,GROCERY,2025-03-20,2025-02-24,,UNKNOWN,https://fdc.nal.usda.gov/fdc-app.html#/food-details/2724869/nutrients
USDA-FDC-2725122,"Swanson White and Dark Premium Chunk Canned Chicken Breast in Water, 9.75 OZ Can",CAMPBELL SOUP COMPANY,Meat/Poultry/Other Animals - Prepared/Processed,United States,051000103499,00051000103499,0,85,106,GROCERY,2025-04-24,2025-03-15,,UNKNOWN,https://fdc.nal.usda.gov/fdc-app.html#/food-details/2725122/nutrients
USDA-FDC-2725124,"Campbell's Chunky Creamy Chicken and Dumplings Soup, 15.25 oz Bowl",CAMPBELL SOUP COMPANY,Prepared Soups,United States,051000149190,00051000149190,0,432,72,GROCERY,2025-04-24,2025-03-29,,UNKNOWN,https://fdc.nal.usda.gov/fdc-app.html#/food-details/2725124/nutrients
USDA-FDC-2725125,"Campbell's Sipping Soup, Chicken Soup With Star-Shaped Pasta, 10.75 oz Microwavable Cup",CAMPBELL SOUP COMPANY,Prepared Soups,United States,051000150769,00051000150769,0,305,20,GROCERY,2025-04-24,2025-03-26,,UNKNOWN,https://fdc.nal.usda.gov/fdc-app.html#/food-details/2725125/nutrients
USDA-FDC-2725132,"Swanson 25% Less Sodium White Premium Chunk Canned Chicken Breast in Water, 12.5 OZ Can",CAMPBELL SOUP COMPANY,Meat/Poultry/Other Animals - Prepared/Processed,United States,051000278029,00051000278029,0,85,94,GROCERY,2025-04-24,2025-03-22,,UNKNOWN,https://fdc.nal.usda.gov/fdc-app.html#/food-details/2725132/nutrients
USDA-FDC-2725165,CALIFORNIA PIZZA KITCHEN BBQ Recipe Chicken Crispy Thin Crust Frozen Pizza 14.7 oz. Box,Société des Produits Nestlé S.A.,Savoury Bakery Products,United States,071921624910,00071921624910,0,139,209,GROCERY,2025-04-24,2025-03-25,,UNKNOWN,https://fdc.nal.usda.gov/fdc-app.html#/food-details/2725165/nutrients
USDA-FDC-2725166,"TOMBSTONE Original 12"" Pizza Chipotle Chicken 17.2oz Box",Société des Produits Nestlé S.A.,Savoury Bakery Products,United States,071921179021,00071921179021,0,122,246,GROCERY,2025-04-24,2025-03-21,,UNKNOWN,https://fdc.nal.usda.gov/fdc-app.html#/food-details/2725166/nutrients
USDA-FDC-2725239,"Hot Pockets Pepperoni Pizza Garlic Buttery Crust Frozen Snacks, Pizza Snacks Made with Mozzarella Cheese, 17 Count Frozen Sandwiches",Société des Produits Nestlé S.A.,Sandwiches/Filled Rolls/Wraps,United States,043695076752,00043695076752,0,127,244,GROCERY,2025-04-24,2025-03-18,,UNKNOWN,https://fdc.nal.usda.gov/fdc-app.html#/food-details/2725239/nutrients
USDA-FDC-2725269,"Campbell's Chunky Spicy Mexican-Style Chili With Beans, 15.25 oz Bowl",CAMPBELL SOUP COMPANY,Prepared Soups,United States,051000292490,00051000292490,0,432,102,GROCERY,2025-04-24,2025-03-26,,UNKNOWN,https://fdc.nal.usda.gov/fdc-app.html#/food-details/2725269/nutrients
USDA-FDC-2725287,"Swanson White Premium Chunk Canned Chicken Breast in Water, 4.5 OZ Can",CAMPBELL SOUP COMPANY,Meat/Poultry/Other Animals - Prepared/Processed,United States,051000023797,00051000023797,0,67,90,GROCERY,2025-04-24,2025-03-15,,UNKNOWN,https://fdc.nal.usda.gov/fdc-app.html#/food-details/2725287/nutrients
USDA-FDC-2725450,"Cape Cod Potato Chips, Less Fat Original Kettle Chips, 1 Oz",Snyder's-Lance INC.,Snacks,United States,020685002298,00020685002298,0,28,464,GROCERY,2025-04-24,2025-03-28,,UNKNOWN,https://fdc.nal.usda.gov/fdc-app.html#/food-details/2725450/nutrients
USDA-FDC-2725496,GERBER CEREAL FOR BABY Infant Dry Cereal MultiGrain Apple 8oz,Société des Produits Nestlé S.A.,Processed Cereal Products,United States,015000797676,00015000797676,0,15,400,GROCERY,2025-04-24,2025-03-14,,UNKNOWN,https://fdc.nal.usda.gov/fdc-app.html#/food-details/2725496/nutrients
USDA-FDC-2725504,GERBER SNACK FOR TODDLER Banana Cookies 5oz Box,Société des Produits Nestlé S.A.,Biscuits/Cookies,United States,015000005504,00015000005504,0,9,389,GROCERY,2025-04-24,2025-03-05,,UNKNOWN,https://fdc.nal.usda.gov/fdc-app.html#/food-details/2725504/nutrients
USDA-FDC-2725611,NIDO 1+ PREBIOTIC 12.69oz (360g) Can,Société des Produits Nestlé S.A.,Milk/Milk Substitutes,United States,028000333171,00028000333171,0,34,471,GROCERY,2025-04-24,2025-03-14,,UNKNOWN,https://fdc.nal.usda.gov/fdc-app.html#/food-details/2725611/nutrients
USDA-FDC-2725612,ABUELITA Chocolate Granulated 120g N1 Can,Société des Produits Nestlé S.A.,Non Alcoholic Beverages - Not Ready to Drink,United States,028000471019,00028000471019,0,20,400,GROCERY,2025-04-24,2025-04-01,,UNKNOWN,https://fdc.nal.usda.gov/fdc-app.html#/food-details/2725612/nutrients
USDA-FDC-2725645,NESTLE Hot cocoa mix Mini Marshmallow Envelopes (6X0.71oz),Société des Produits Nestlé S.A.,Non Alcoholic Beverages - Not Ready to Drink,United States,050000397600,00050000397600,0,20,400,GROCERY,2025-04-24,2025-03-21,,UNKNOWN,https://fdc.nal.usda.gov/fdc-app.html#/food-details/2725645/nutrients
USDA-FDC-2725648,NESTL TOLL HOUSE Chocolate Chip Edible Cookie Dough 15oz Tub,Société des Produits Nestlé S.A.,Baking/Cooking Mixes/Supplies,United States,050000826131,00050000826131,0,38,368,GROCERY,2025-04-24,2025-03-20,,UNKNOWN,https://fdc.nal.usda.gov/fdc-app.html#/food-details/2725648/nutrients
USDA-FDC-2731139,CALIFORNIA PIZZA KITCHEN Crispy Thin Crust Signature Pepperoni Pizza 12.9 oz Box,Société des Produits Nestlé S.A.,Savoury Bakery Products,United States,071921007799,00071921007799,0,122,270,GROCERY,2025-05-15,2025-04-24,,UNKNOWN,https://fdc.nal.usda.gov/fdc-app.html#/food-details/2731139/nutrients
USDA-FDC-2731140,DiGiorno Original Rising Crust Frozen Pizza Pepperoni 12in 2-pack 55oz Box,Société des Produits Nestlé S.A.,Savoury Bakery Products,United States,071921033392,00071921033392,0,130,231,GROCERY,2025-05-15,2025-04-03,,UNKNOWN,https://fdc.nal.usda.gov/fdc-app.html#/food-details/2731140/nutrients
USDA-FDC-2731143,DiGiorno Classic Crust Meat Lovers Frozen Pizza 12 in 19.1 oz Box,Société des Produits Nestlé S.A.,Savoury Bakery Products,United States,071921744007,00071921744007,0,135,267,GROCERY,2025-05-15,2025-04-09,,UNKNOWN,https://fdc.nal.usda.gov/fdc-app.html#/food-details/2731143/nutrients
USDA-FDC-2731522,HOT POCKETS Pepperoni Pizza Frozen Sandwiches 2 ct Box,Société des Produits Nestlé S.A.,Sandwiches/Filled Rolls/Wraps,United States,043695056310,00043695056310,0,127,260,GROCERY,2025-05-15,2025-04-10,,UNKNOWN,https://fdc.nal.usda.gov/fdc-app.html#/food-details/2731522/nutrients
USDA-FDC-2731523,HOT POCKETS Four Cheese Pizza Frozen Sandwiches 2-Count Box,Société des Produits Nestlé S.A.,Sandwiches/Filled Rolls/Wraps,United States,043695071092,00043695071092,0,120,225,GROCERY,2025-05-15,2025-04-11,,UNKNOWN,https://fdc.nal.usda.gov/fdc-app.html#/food-details/2731523/nutrients
USDA-FDC-2731668,NESTL TOLL HOUSE White Chip Macadamia Nut Cookie Dough 16oz Pack,Société des Produits Nestlé S.A.,Baking/Cooking Mixes/Supplies,United States,050000009237,00050000009237,0,19,474,GROCERY,2025-05-15,2025-04-02,,UNKNOWN,https://fdc.nal.usda.gov/fdc-app.html#/food-details/2731668/nutrients
USDA-FDC-2731679,"Swanson Canned Chicken and Dumplings With White and Dark Chicken Meat, 10.5 OZ Can",CAMPBELL SOUP COMPANY,Meat/Poultry/Other Animals - Prepared/Processed,United States,051000225351,00051000225351,0,298,87,GROCERY,2025-05-15,2025-04-18,,UNKNOWN,https://fdc.nal.usda.gov/fdc-app.html#/food-details/2731679/nutrients
USDA-FDC-2731688,"Pepperidge Farm Frozen Mozzarella Garlic Bread, 11.75 oz. Bag",CAMPBELL SOUP COMPANY,Bread,United States,051000076885,00051000076885,0,50,360,GROCERY,2025-05-15,2025-04-12,,UNKNOWN,https://fdc.nal.usda.gov/fdc-app.html#/food-details/2731688/nutrients
USDA-FDC-2731689,"Nestl Toll House Pecan Turtle Delight Cookie Dough with Caramel, Pecans & Semi-Sweet Chocolate Chips 16oz Pack",Société des Produits Nestlé S.A.,Baking/Cooking Mixes/Supplies,United States,050000009282,00050000009282,0,38,447,GROCERY,2025-05-15,2025-04-02,,UNKNOWN,https://fdc.nal.usda.gov/fdc-app.html#/food-details/2731689/nutrients
USDA-FDC-2731694,NESTL TOLL HOUSE Chocolate Chip Cookie Dough 36oz Tub,Société des Produits Nestlé S.A.,Baking/Cooking Mixes/Supplies,United States,050000622641,00050000622641,0,28,429,GROCERY,2025-05-15,2025-04-08,,UNKNOWN,https://fdc.nal.usda.gov/fdc-app.html#/food-details/2731694/nutrients
USDA-FDC-2731701,"Swanson Canned Chicken a la King With White and Dark Chicken Meat, 10.5 OZ Can",CAMPBELL SOUP COMPANY,Meat/Poultry/Other Animals - Prepared/Processed,United States,051000024022,00051000024022,0,298,74,GROCERY,2025-05-15,2025-04-18,,UNKNOWN,https://fdc.nal.usda.gov/fdc-app.html#/food-details/2731701/nutrients
USDA-FDC-2731706,"Snyder's of Hanover Variety Pack Pretzels, 60 Count 0.92 Oz",Snyder's-Lance INC.,Biscuits/Cookies,United States,077975099636,00077975099636,0,26,385,GROCERY,2025-05-15,2025-04-26,,UNKNOWN,https://fdc.nal.usda.gov/fdc-app.html#/food-details/2731706/nutrients
USDA-FDC-2731899,GERBER ORGANIC FOR BABY GRAIN AND GROW 1st Food Oatmeal Cereal 8oz N1 Canister,Société des Produits Nestlé S.A.,Processed Cereal Products,United States,015000070212,00015000070212,0,15,400,GROCERY,2025-05-15,2025-05-05,,UNKNOWN,https://fdc.nal.usda.gov/fdc-app.html#/food-details/2731899/nutrients
USDA-FDC-2731900,GERBER CEREAL FOR BABY GRAIN AND GROW Lil Bits Oatmeal Banana Strawberry 8oz N1 Canister,Société des Produits Nestlé S.A.,Processed Cereal Products,United States,015000070311,00015000070311,0,15,400,GROCERY,2025-05-15,2025-05-05,,UNKNOWN,https://fdc.nal.usda.gov/fdc-app.html#/food-details/2731900/nutrients
USDA-FDC-2731910,"Hot Pockets Frozen Snack Applewood Bacon, Egg and Cheese Croissant Crust Frozen Breakfast Sandwiches",Société des Produits Nestlé S.A.,Sandwiches/Filled Rolls/Wraps,United States,043695453638,00043695453638,0,127,236,GROCERY,2025-05-15,2025-04-02,,UNKNOWN,https://fdc.nal.usda.gov/fdc-app.html#/food-details/2731910/nutrients
USDA-FDC-2731911,Hot Pocket Pepperoni Pizza 20 Pack Frozen Sandwiches,Société des Produits Nestlé S.A.,Ready-Made Combination Meals,United States,043695630633,00043695630633,0,127,252,GROCERY,2025-05-15,2025-04-02,,UNKNOWN,https://fdc.nal.usda.gov/fdc-app.html#/food-details/2731911/nutrients
USDA-FDC-2732722,Stouffers Baked Macaroni and Cheese 10oz Box,Société des Produits Nestlé S.A.,Ready-Made Combination Meals,United States,013800188311,00013800188311,0,283,177,GROCERY,2025-05-15,2025-04-25,,UNKNOWN,https://fdc.nal.usda.gov/fdc-app.html#/food-details/2732722/nutrients
USDA-FDC-2732723,LEAN CUISINE Features Sweet and Spicy Korean-Style Beef 8.75oz. Box,Société des Produits Nestlé S.A.,Ready-Made Combination Meals,United States,013800245694,00013800245694,0,248,145,GROCERY,2025-05-15,2025-04-13,,UNKNOWN,https://fdc.nal.usda.gov/fdc-app.html#/food-details/2732723/nutrients
USDA-FDC-2732730,DISCO STOUFFER'S Five Cheese Lasagna 18.25oz Box,Société des Produits Nestlé S.A.,Ready-Made Combination Meals,United States,013800447197,00013800447197,0,237,122,GROCERY,2025-05-15,2025-04-25,,UNKNOWN,https://fdc.nal.usda.gov/fdc-app.html#/food-details/2732730/nutrients
USDA-FDC-2732732,LEAN CUISINE Low Carb Pasta Garlic Parmesan Cavatappi Broccoli 9oz. box,Société des Produits Nestlé S.A.,Ready-Made Combination Meals,United States,013800705976,00013800705976,0,255,98,GROCERY,2025-05-15,2025-04-17,,UNKNOWN,https://fdc.nal.usda.gov/fdc-app.html#/food-details/2732732/nutrients
USDA-FDC-2733105,MAGGI Chicken Bouillon Tab 12ct Carton,Société des Produits Nestlé S.A.,Herbs/Spices/Extracts,United States,028000115678,00028000115678,0,6,250,GROCERY,2025-05-15,2025-04-09,,UNKNOWN,https://fdc.nal.usda.gov/fdc-app.html#/food-details/2733105/nutrients
USDA-FDC-2733106,MAGGI Chicken Bouillon Tab 24ct carton,Société des Produits Nestlé S.A.,Herbs/Spices/Extracts,United States,028000123871,00028000123871,0,6,250,GROCERY,2025-05-15,2025-04-13,,UNKNOWN,https://fdc.nal.usda.gov/fdc-app.html#/food-details/2733106/nutrients
USDA-FDC-2733107,TOLL HOUSE Caramel Morsel 9 Ounce Bags 24 Count Case,Société des Produits Nestlé S.A.,Baking/Cooking Mixes/Supplies,United States,028000158606,00028000158606,0,14,500,GROCERY,2025-05-15,2025-05-01,,UNKNOWN,https://fdc.nal.usda.gov/fdc-app.html#/food-details/2733107/nutrients
USDA-FDC-2733111,NESTLE CARLOS V Chocolate Flavored Drink Mix 14.1 oz. Canister,Société des Produits Nestlé S.A.,Non Alcoholic Beverages - Not Ready to Drink,United States,028000036812,00028000036812,0,25,400,GROCERY,2025-05-15,2025-04-30,,UNKNOWN,https://fdc.nal.usda.gov/fdc-app.html#/food-details/2733111/nutrients
USDA-FDC-2734077,NESTLE HOT COCOA Mix Rich Milk Chocolate Flavor 6-0.71 oz. Packets,Société des Produits Nestlé S.A.,Non Alcoholic Beverages - Not Ready to Drink,United States,050000397587,00050000397587,0,20,400,GROCERY,2025-06-19,2025-05-15,,UNKNOWN,https://fdc.nal.usda.gov/fdc-app.html#/food-details/2734077/nutrients
USDA-FDC-2734647,"Campbell's Chunky White Bean Chicken Chili, 15.25 oz Bowl",CAMPBELL SOUP COMPANY,Prepared Soups,United States,051000295101,00051000295101,0,432,100,GROCERY,2025-06-19,2025-05-30,,UNKNOWN,https://fdc.nal.usda.gov/fdc-app.html#/food-details/2734647/nutrients
USDA-FDC-2734657,The Good Bean Mexicali Seasoned Beans Heat and Eat 10 oz pouch,"The Good Bean, LLC",Vegetable Based Products / Meals,United States,856651002470,00856651002470,0,142,71,GROCERY,2025-06-19,2025-02-27,,UNKNOWN,https://fdc.nal.usda.gov/fdc-app.html#/food-details/2734657/nutrients
USDA-FDC-2734796,Bear Naked Cereal Granola Cacao And Cashew Butter Soft Baked 11oz,BEAR NAKED FOODS,Processed Cereal Products,United States,884623101654,00884623101654,0,54,461,GROCERY|ONLINE,2025-06-19,2025-01-23,,UNKNOWN,https://fdc.nal.usda.gov/fdc-app.html#/food-details/2734796/nutrients
USDA-FDC-2734799,Bear Naked Cereal Granola Maple Pecan 12oz,BEAR NAKED FOODS,Processed Cereal Products,United States,884623486195,00884623486195,0,60,433,CONVENIENCE|FOOD_SERVICE|GROCERY|ONLINE,2025-06-19,2025-01-24,,UNKNOWN,https://fdc.nal.usda.gov/fdc-app.html#/food-details/2734799/nutrients
USDA-FDC-2734918,Bear Naked Cereal Granola All Natural Granola Banana Nut 12oz,BEAR NAKED FOODS,Processed Cereal Products,United States,856416000178,00856416000178,0,54,467,CONVENIENCE|FOOD_SERVICE|GROCERY|ONLINE,2025-06-19,2025-01-23,,UNKNOWN,https://fdc.nal.usda.gov/fdc-app.html#/food-details/2734918/nutrients
USDA-FDC-2734919,Bear Naked Cereal Granola All Natural Fit Vanilla Almond 12oz,BEAR NAKED FOODS,Processed Cereal Products,United States,856416000710,00856416000710,0,52,422,CONVENIENCE|FOOD_SERVICE|GROCERY|ONLINE,2025-06-19,2025-01-23,,UNKNOWN,https://fdc.nal.usda.gov/fdc-app.html#/food-details/2734919/nutrients
USDA-FDC-2735535,SWEET EARTH Frozen Meal Cauliflower Mac and Cheese Bowl 9oz,Société des Produits Nestlé S.A.,Vegetable Based Products / Meals,United States,016741000704,00016741000704,0,255,133,GROCERY,2025-06-19,2025-05-21,,UNKNOWN,https://fdc.nal.usda.gov/fdc-app.html#/food-details/2735535/nutrients
USDA-FDC-2735644,STOUFFER'S Creamed Spinach Frozen Entre,Société des Produits Nestlé S.A.,Ready-Made Combination Meals,United States,013800637222,00013800637222,0,112,152,GROCERY,2025-06-19,2025-06-01,,UNKNOWN,https://fdc.nal.usda.gov/fdc-app.html#/food-details/2735644/nutrients
USDA-FDC-2735645,STOUFFER'S Green Bean Casserole Frozen Entre,Société des Produits Nestlé S.A.,Ready-Made Combination Meals,United States,013800774767,00013800774767,0,104,115,GROCERY,2025-06-19,2025-05-26,,UNKNOWN,https://fdc.nal.usda.gov/fdc-app.html#/food-details/2735645/nutrients
USDA-FDC-2735646,STOUFFER'S Creamy Street Corn Frozen Entre,Société des Produits Nestlé S.A.,Ready-Made Combination Meals,United States,013800916068,00013800916068,0,107,121,GROCERY,2025-06-19,2025-06-01,,UNKNOWN,https://fdc.nal.usda.gov/fdc-app.html#/food-details/2735646/nutrients
USDA-FDC-2736043,Kellogg's Cocoa Krispies Cereal 2.3oz,WK KELLOGG CO,Processed Cereal Products,United States,038000094569,00038000094569,0,65,387,GROCERY|ONLINE,2025-06-19,2025-01-23,,UNKNOWN,https://fdc.nal.usda.gov/fdc-app.html#/food-details/2736043/nutrients
USDA-FDC-2736056,Kellogg's Special K Cereal Red Berries 2.5oz,WK KELLOGG CO,Processed Cereal Products,United States,038000009174,00038000009174,0,71,361,GROCERY|ONLINE,2025-06-19,2024-10-17,,UNKNOWN,https://fdc.nal.usda.gov/fdc-app.html#/food-details/2736056/nutrients
USDA-FDC-2736257,Kellogg's Nutri-Grain Cereal Bars Apple Cinnamon 20.8oz,Kellogg Company US,Processed Cereal Products,United States,038000350016,00038000350016,0,37,355,GROCERY|ONLINE,2025-06-19,2025-05-02,,UNKNOWN,https://fdc.nal.usda.gov/fdc-app.html#/food-details/2736257/nutrients
USDA-FDC-2736258,Kellogg's Nutri-Grain Cereal Bars Strawberry 20.8oz,Kellogg Company US,Processed Cereal Products,United States,038000350047,00038000350047,0,37,355,GROCERY|ONLINE,2025-06-19,2025-05-02,,UNKNOWN,https://fdc.nal.usda.gov/fdc-app.html#/food-details/2736258/nutrients
USDA-FDC-2736282,Kellogg's Corn Flakes Cereal .81oz,WK KELLOGG CO,Processed Cereal Products,United States,038000219290,00038000219290,0,23,362,CONVENIENCE|FOOD_SERVICE|GROCERY|ONLINE,2025-06-19,2024-08-21,,UNKNOWN,https://fdc.nal.usda.gov/fdc-app.html#/food-details/2736282/nutrients
USDA-FDC-2736284,Kellogg's Corn Pops Cereal .95oz,WK KELLOGG CO,Processed Cereal Products,United States,038000219474,00038000219474,0,27,384,CONVENIENCE|FOOD_SERVICE|GROCERY|MASS_MERCHANDISING|ONLINE,2025-06-19,2025-01-23,,UNKNOWN,https://fdc.nal.usda.gov/fdc-app.html#/food-details/2736284/nutrients
USDA-FDC-2736285,Kellogg's Special K Cereal .81oz,WK KELLOGG CO,Processed Cereal Products,United States,038000219696,00038000219696,0,23,380,CONVENIENCE|FOOD_SERVICE|GROCERY|ONLINE,2025-06-19,2024-10-17,,UNKNOWN,https://fdc.nal.usda.gov/fdc-app.html#/food-details/2736285/nutrients
USDA-FDC-2736286,Kellogg's Froot Loops Cereal .95oz,WK KELLOGG CO,Processed Cereal Products,United States,038000219740,00038000219740,0,27,374,CONVENIENCE|FOOD_SERVICE|GROCERY|ONLINE,2025-06-19,2024-09-07,,UNKNOWN,https://fdc.nal.usda.gov/fdc-app.html#/food-details/2736286/nutrients
USDA-FDC-2736288,Kellogg's Apple Jacks Cereal Original .95oz,WK KELLOGG CO,Processed Cereal Products,United States,038000219856,00038000219856,0,27,376,CONVENIENCE|FOOD_SERVICE|GROCERY|ONLINE,2025-06-19,2024-10-16,,UNKNOWN,https://fdc.nal.usda.gov/fdc-app.html#/food-details/2736288/nutrients
USDA-FDC-2736316,Kellogg's Special K Cereal Low Fat Granola 11.3oz,WK KELLOGG CO,Processed Cereal Products,United States,038000914881,00038000914881,0,52,372,FOOD_SERVICE|GROCERY|ONLINE,2025-06-19,2024-05-29,,UNKNOWN,https://fdc.nal.usda.gov/fdc-app.html#/food-details/2736316/nutrients
USDA-FDC-2736469,Kashi Organic Cereal Strawberry Fields 10.3oz,KASHI SALES LLC,Processed Cereal Products,United States,018627703389,00018627703389,0,55,361,GROCERY|ONLINE,2025-06-19,2024-05-24,,UNKNOWN,https://fdc.nal.usda.gov/fdc-app.html#/food-details/2736469/nutrients
USDA-FDC-2736471,Kashi Heart To Heart Cereal Cinnamon 12oz,KASHI SALES LLC,Processed Cereal Products,United States,018627703662,00018627703662,0,42,364,GROCERY|ONLINE,2025-06-19,2024-05-24,,UNKNOWN,https://fdc.nal.usda.gov/fdc-app.html#/food-details/2736471/nutrients
USDA-FDC-2736497,Kashi Organic Cereal Berry Fruitful 15.6oz,KASHI SALES LLC,Processed Cereal Products,United States,018627739180,00018627739180,0,61,324,GROCERY|ONLINE,2025-06-19,2024-10-16,,UNKNOWN,https://fdc.nal.usda.gov/fdc-app.html#/food-details/2736497/nutrients
USDA-FDC-2736878,"Huy Fong Hot Chili Sauce Sriracha Packets, 7 gram Packets","Red Gold, Inc.",Sauces/Spreads/Dips/Condiments,United States,072940997092,00072940997092,0,7,71,FOOD_SERVICE|GROCERY,2025-07-24,2025-06-18,,UNKNOWN,https://fdc.nal.usda.gov/fdc-app.html#/food-details/2736878/nutrients
USDA-FDC-2736879,"Redpack Marinara Sauce, 105oz Pouch","Red Gold, Inc.",Sauces/Spreads/Dips/Condiments,United States,072940997078,00072940997078,0,125,40,FOOD_SERVICE|GROCERY,2025-07-24,2025-07-01,,UNKNOWN,https://fdc.nal.usda.gov/fdc-app.html#/food-details/2736879/nutrients
USDA-FDC-2736880,"Redpack Zucchini and Tomatoes, 102oz Can","Red Gold, Inc.",Vegetables - Prepared/Processed,United States,072940825005,00072940825005,0,123,24,FOOD_SERVICE|GROCERY,2025-07-24,2025-06-18,,UNKNOWN,https://fdc.nal.usda.gov/fdc-app.html#/food-details/2736880/nutrients
USDA-FDC-2736881,Sacramento Bloody Mary Mix 46oz,"Red Gold, Inc.",Non Alcoholic Beverages - Ready to Drink,United States,072940762010,00072940762010,0,240,33,CHILD_NUTRITION_FOOD_PROGRAMS|FOOD_SERVICE|GROCERY,2025-07-24,2025-06-18,,UNKNOWN,https://fdc.nal.usda.gov/fdc-app.html#/food-details/2736881/nutrients
USDA-FDC-2736882,"Redpack Petite Diced Tomatoes, 102oz Can","Red Gold, Inc.",Vegetables - Prepared/Processed,United States,072940811008,00072940811008,0,121,21,CHILD_NUTRITION_FOOD_PROGRAMS|FOOD_SERVICE|GROCERY,2025-07-24,2025-06-18,,UNKNOWN,https://fdc.nal.usda.gov/fdc-app.html#/food-details/2736882/nutrients
USDA-FDC-2736883,"Migliore Whole Peeled Tomatoes, 102oz Can","Red Gold, Inc.",Vegetables - Prepared/Processed,United States,072940811015,00072940811015,0,121,21,FOOD_SERVICE|GROCERY,2025-07-24,2025-06-18,,UNKNOWN,https://fdc.nal.usda.gov/fdc-app.html#/food-details/2736883/nutrients
USDA-FDC-2736884,"Redpack Whole Peeled Tomatoes in Puree, 102oz Can","Red Gold, Inc.",Vegetables - Prepared/Processed,United States,072940811077,00072940811077,0,121,21,FOOD_SERVICE|GROCERY,2025-07-24,2025-06-18,,UNKNOWN,https://fdc.nal.usda.gov/fdc-app.html#/food-details/2736884/nutrients
USDA-FDC-2736885,"Redpack Diced Tomatoes, 102oz Can","Red Gold, Inc.",Vegetables - Prepared/Processed,United States,072940812012,00072940812012,0,121,21,FOOD_SERVICE|GROCERY,2025-07-24,2025-06-18,,UNKNOWN,https://fdc.nal.usda.gov/fdc-app.html#/food-details/2736885/nutrients
USDA-FDC-2736886,"Redpack Chopped Tomatoes in Puree, 102oz Can","Red Gold, Inc.",Vegetables - Prepared/Processed,United States,072940812043,00072940812043,0,121,21,FOOD_SERVICE|GROCERY,2025-07-24,2025-05-07,,UNKNOWN,https://fdc.nal.usda.gov/fdc-app.html#/food-details/2736886/nutrients
USDA-FDC-2736887,"Redpack Stewed Tomatoes, 102oz Can","Red Gold, Inc.",Vegetables - Prepared/Processed,United States,072940813002,00072940813002,0,123,28,FOOD_SERVICE|GROCERY,2025-07-24,2025-05-07,,UNKNOWN,https://fdc.nal.usda.gov/fdc-app.html#/food-details/2736887/nutrients
USDA-FDC-2736888,"Redpack Crushed Tomatoes, 105oz Can","Red Gold, Inc.",Sauces/Spreads/Dips/Condiments,United States,072940814009,00072940814009,0,61,49,FOOD_SERVICE|GROCERY,2025-07-24,2025-07-01,,UNKNOWN,https://fdc.nal.usda.gov/fdc-app.html#/food-details/2736888/nutrients
USDA-FDC-2736889,"Teresa White Crushed Tomatoes, 105oz Can","Red Gold, Inc.",Sauces/Spreads/Dips/Condiments,United States,072940814030,00072940814030,0,61,49,FOOD_SERVICE|GROCERY,2025-07-24,2025-05-07,,UNKNOWN,https://fdc.nal.usda.gov/fdc-app.html#/food-details/2736889/nutrients
USDA-FDC-2736890,"Migliore Diced Tomatoes, 102oz Can","Red Gold, Inc.",Vegetables - Prepared/Processed,United States,072940814078,00072940814078,0,121,21,FOOD_SERVICE|GROCERY,2025-07-24,2025-05-07,,UNKNOWN,https://fdc.nal.usda.gov/fdc-app.html#/food-details/2736890/nutrients
USDA-FDC-2736891,"Migliore Tomato Sauce, 106oz Can","Red Gold, Inc.",Sauces/Spreads/Dips/Condiments,United States,072940814115,00072940814115,0,61,33,FOOD_SERVICE|GROCERY,2025-07-24,2025-05-07,,UNKNOWN,https://fdc.nal.usda.gov/fdc-app.html#/food-details/2736891/nutrients
USDA-FDC-2736893,"Teresa Traditional Spaghetti Sauce, 106oz Can","Red Gold, Inc.",Sauces/Spreads/Dips/Condiments,United States,072940814139,00072940814139,0,128,47,FOOD_SERVICE|GROCERY,2025-07-24,2025-05-07,,UNKNOWN,https://fdc.nal.usda.gov/fdc-app.html#/food-details/2736893/nutrients
USDA-FDC-2736894,"Redpack Tomato Puree, 106oz Can","Red Gold, Inc.",Sauces/Spreads/Dips/Condiments,United States,072940817017,00072940817017,0,63,56,CHILD_NUTRITION_FOOD_PROGRAMS|FOOD_SERVICE|GROCERY,2025-07-24,2025-07-01,,UNKNOWN,https://fdc.nal.usda.gov/fdc-app.html#/food-details/2736894/nutrients
USDA-FDC-2736895,"Redpack Tomato Sauce, 106oz Can","Red Gold, Inc.",Sauces/Spreads/Dips/Condiments,United States,072940818007,00072940818007,0,61,33,CHILD_NUTRITION_FOOD_PROGRAMS|FOOD_SERVICE|GROCERY,2025-07-24,2025-07-01,,UNKNOWN,https://fdc.nal.usda.gov/fdc-app.html#/food-details/2736895/nutrients
USDA-FDC-2736896,"Redpack Pizza Sauce with Basil, 105oz Can","Red Gold, Inc.",Sauces/Spreads/Dips/Condiments,United States,072940819035,00072940819035,0,61,49,CHILD_NUTRITION_FOOD_PROGRAMS|FOOD_SERVICE|GROCERY,2025-07-24,2025-07-01,,UNKNOWN,https://fdc.nal.usda.gov/fdc-app.html#/food-details/2736896/nutrients
USDA-FDC-2736897,"Teresa White Extra Heavy Pizza Sauce with Basil, 105oz Can","Red Gold, Inc.",Sauces/Spreads/Dips/Condiments,United States,072940819059,00072940819059,0,61,49,FOOD_SERVICE|GROCERY,2025-07-24,2025-06-18,,UNKNOWN,https://fdc.nal.usda.gov/fdc-app.html#/food-details/2736897/nutrients
USDA-FDC-2736898,"Redpack Chili Sauce, 113oz Can","Red Gold, Inc.",Sauces/Spreads/Dips/Condiments,United States,072940820000,00072940820000,0,34,103,FOOD_SERVICE|GROCERY,2025-07-24,2025-06-18,,UNKNOWN,https://fdc.nal.usda.gov/fdc-app.html#/food-details/2736898/nutrients
USDA-FDC-2736899,"Redpack Traditional Pasta Sauce, 106oz Can","Red Gold, Inc.",Sauces/Spreads/Dips/Condiments,United States,072940821007,00072940821007,0,125,40,CHILD_NUTRITION_FOOD_PROGRAMS|FOOD_SERVICE|GROCERY,2025-07-24,2025-07-01,,UNKNOWN,https://fdc.nal.usda.gov/fdc-app.html#/food-details/2736899/nutrients
USDA-FDC-2736900,"Redpack Nutritionally Enhanced Traditional Spaghetti Sauce, 106oz Can","Red Gold, Inc.",Sauces/Spreads/Dips/Condiments,United States,072940821076,00072940821076,0,125,48,FOOD_SERVICE|GROCERY,2025-07-24,2025-07-01,,UNKNOWN,https://fdc.nal.usda.gov/fdc-app.html#/food-details/2736900/nutrients
USDA-FDC-2736902,"Redpack Marinara Sauce, 105oz Can","Red Gold, Inc.",Sauces/Spreads/Dips/Condiments,United States,072940822004,00072940822004,0,128,39,FOOD_SERVICE|GROCERY,2025-07-24,2025-07-01,,UNKNOWN,https://fdc.nal.usda.gov/fdc-app.html#/food-details/2736902/nutrients
USDA-FDC-2736903,"Redpack Nutritionally Enhanced Marinara Sauce, 105oz Can","Red Gold, Inc.",Sauces/Spreads/Dips/Condiments,United States,072940822066,00072940822066,0,125,48,FOOD_SERVICE|GROCERY,2025-07-24,2025-07-01,,UNKNOWN,https://fdc.nal.usda.gov/fdc-app.html#/food-details/2736903/nutrients
USDA-FDC-2736904,"Redpack Tomato Paste, 111oz Can","Red Gold, Inc.",Vegetable Based Products / Meals,United States,072940823001,00072940823001,0,33,91,FOOD_SERVICE|GROCERY,2025-07-24,2025-07-01,,UNKNOWN,https://fdc.nal.usda.gov/fdc-app.html#/food-details/2736904/nutrients
USDA-FDC-2736905,"Migliore Tomato Puree 1.045, 105oz Can","Red Gold, Inc.",Sauces/Spreads/Dips/Condiments,United States,072940816003,00072940816003,0,63,40,FOOD_SERVICE|GROCERY,2025-07-24,2025-05-07,,UNKNOWN,https://fdc.nal.usda.gov/fdc-app.html#/food-details/2736905/nutrients
USDA-FDC-2736924,Kellogg's Kellogg Graham Crumbs 13.5oz,Kellogg Company US,Biscuits/Cookies,United States,078913280024,00078913280024,0,34,412,GROCERY|ONLINE,2025-07-24,2025-06-16,,UNKNOWN,https://fdc.nal.usda.gov/fdc-app.html#/food-details/2736924/nutrients
USDA-FDC-2737182,"Tuttorosso Fresh Marinara Sauce, 105oz Can","Red Gold, Inc.",Sauces/Spreads/Dips/Condiments,United States,072940750369,00072940750369,0,125,40,CHILD_NUTRITION_FOOD_PROGRAMS|FOOD_SERVICE|GROCERY,2025-07-24,2025-06-18,,UNKNOWN,https://fdc.nal.usda.gov/fdc-app.html#/food-details/2737182/nutrients
USDA-FDC-2737394,NESTL TOLL HOUSE Milk Chocolate M&M's Chocolate Candies Halloween Mix Sugar Cookie Dough Topped With Halloween Sprinkles 14oz Pack,Société des Produits Nestlé S.A.,Baking/Cooking Mixes/Supplies,United States,050000837335,00050000837335,0,20,450,GROCERY,2025-07-24,2025-07-07,,UNKNOWN,https://fdc.nal.usda.gov/fdc-app.html#/food-details/2737394/nutrients
USDA-FDC-2737395,COFFEE MATE Powder Italian Sweet Creme 15oz Bottle,Société des Produits Nestlé S.A.,Cream/Cream Substitutes,United States,050000838189,00050000838189,0,2,750,GROCERY,2025-07-24,2025-07-02,,UNKNOWN,https://fdc.nal.usda.gov/fdc-app.html#/food-details/2737395/nutrients
USDA-FDC-2737415,"Red Gold Ketchup, 14oz Bottle","Red Gold, Inc.",Sauces/Spreads/Dips/Condiments,United States,072940000075,00072940000075,0,17,118,CHILD_NUTRITION_FOOD_PROGRAMS|FOOD_SERVICE|GROCERY,2025-07-24,2025-06-18,,UNKNOWN,https://fdc.nal.usda.gov/fdc-app.html#/food-details/2737415/nutrients
USDA-FDC-2737416,"Red Gold Ketchup with Sugar, 1.5 Gallon Pouch","Red Gold, Inc.",Sauces/Spreads/Dips/Condiments,United States,072940000136,00072940000136,0,17,88,CHILD_NUTRITION_FOOD_PROGRAMS|FOOD_SERVICE|GROCERY,2025-07-24,2025-05-07,,UNKNOWN,https://fdc.nal.usda.gov/fdc-app.html#/food-details/2737416/nutrients
USDA-FDC-2737418,"Red Gold Naturally Balanced Barbecue Sauce, 1 Gallon Jug","Red Gold, Inc.",Sauces/Spreads/Dips/Condiments,United States,072940001188,00072940001188,0,32,125,FOOD_SERVICE|GROCERY,2025-07-24,2025-06-18,,UNKNOWN,https://fdc.nal.usda.gov/fdc-app.html#/food-details/2737418/nutrients
USDA-FDC-2737419,"Vine Ripe Whole Peeled Tomatoes, 102oz Can","Red Gold, Inc.",Vegetables - Prepared/Processed,United States,072940100126,00072940100126,0,128,20,FOOD_SERVICE|GROCERY,2025-07-24,2025-05-07,,UNKNOWN,https://fdc.nal.usda.gov/fdc-app.html#/food-details/2737419/nutrients
USDA-FDC-2737420,"Vine Ripe Spaghetti Sauce, 106oz Can","Red Gold, Inc.",Sauces/Spreads/Dips/Condiments,United States,072940100157,00072940100157,0,126,36,CHILD_NUTRITION_FOOD_PROGRAMS|FOOD_SERVICE|GROCERY,2025-07-24,2025-07-01,,UNKNOWN,https://fdc.nal.usda.gov/fdc-app.html#/food-details/2737420/nutrients
USDA-FDC-2737421,"Vine Ripe Low Sodium Tomato Sauce, 106oz Can","Red Gold, Inc.",Sauces/Spreads/Dips/Condiments,United States,072940100522,00072940100522,0,122,37,CHILD_NUTRITION_FOOD_PROGRAMS|FOOD_SERVICE|GROCERY,2025-07-24,2025-07-01,,UNKNOWN,https://fdc.nal.usda.gov/fdc-app.html#/food-details/2737421/nutrients
USDA-FDC-2737422,"Red Gold Low Sodium Enchilada Sauce, 106oz Can","Red Gold, Inc.",Sauces/Spreads/Dips/Condiments,United States,072940100942,00072940100942,0,60,25,FOOD_SERVICE|GROCERY,2025-07-24,2025-07-01,,UNKNOWN,https://fdc.nal.usda.gov/fdc-app.html#/food-details/2737422/nutrients
USDA-FDC-2737423,"Red Gold Ketchup, 7 gram Packet","Red Gold, Inc.",Sauces/Spreads/Dips/Condiments,United States,072940100959,00072940100959,0,7,143,FOOD_SERVICE|GROCERY,2025-07-24,2025-05-07,,UNKNOWN,https://fdc.nal.usda.gov/fdc-app.html#/food-details/2737423/nutrients
USDA-FDC-2737424,"Red Gold Whole Peeled Tomatoes, 102oz Can","Red Gold, Inc.",Vegetables - Prepared/Processed,United States,072940110019,00072940110019,0,121,21,CHILD_NUTRITION_FOOD_PROGRAMS|FOOD_SERVICE|GROCERY,2025-07-24,2025-06-18,,UNKNOWN,https://fdc.nal.usda.gov/fdc-app.html#/food-details/2737424/nutrients
USDA-FDC-2737425,DiGiorno Personal Size Breakfast Croissant Crust Ham & Egg Scramble Frozen Pizza,Société des Produits Nestlé S.A.,Savoury Bakery Products,United States,071921935160,00071921935160,0,259,255,GROCERY,2025-07-24,2025-06-20,,UNKNOWN,https://fdc.nal.usda.gov/fdc-app.html#/food-details/2737425/nutrients
USDA-FDC-2737426,"Red Gold Ketchup, 115oz Can","Red Gold, Inc.",Sauces/Spreads/Dips/Condiments,United States,072940110026,00072940110026,0,17,118,FOOD_SERVICE|GROCERY,2025-07-24,2025-06-18,,UNKNOWN,https://fdc.nal.usda.gov/fdc-app.html#/food-details/2737426/nutrients
USDA-FDC-2737453,"Red Gold Marinara Sauce, 105oz Can","Red Gold, Inc.",Sauces/Spreads/Dips/Condiments,United States,072940110040,00072940110040,0,128,39,FOOD_SERVICE|GROCERY,2025-07-24,2025-06-18,,UNKNOWN,https://fdc.nal.usda.gov/fdc-app.html#/food-details/2737453/nutrients
USDA-FDC-2737454,"Red Gold Mild Salsa, 103oz Can","Red Gold, Inc.",Sauces/Spreads/Dips/Condiments,United States,072940110057,00072940110057,0,29,34,FOOD_SERVICE|GROCERY,2025-07-24,2025-07-01,,UNKNOWN,https://fdc.nal.usda.gov/fdc-app.html#/food-details/2737454/nutrients
USDA-FDC-2737455,"Red Gold Tomato Puree, 106oz Can","Red Gold, Inc.",Sauces/Spreads/Dips/Condiments,United States,072940110064,00072940110064,0,63,56,FOOD_SERVICE|GROCERY,2025-07-24,2025-07-01,,UNKNOWN,https://fdc.nal.usda.gov/fdc-app.html#/food-details/2737455/nutrients
USDA-FDC-2737457,"Red Gold Ketchup, 1.5 Gallon Pouch","Red Gold, Inc.",Sauces/Spreads/Dips/Condiments,United States,072940115632,00072940115632,0,17,118,CHILD_NUTRITION_FOOD_PROGRAMS|FOOD_SERVICE|GROCERY,2025-07-24,2025-06-18,,UNKNOWN,https://fdc.nal.usda.gov/fdc-app.html#/food-details/2737457/nutrients
USDA-FDC-2737458,"Red Gold Ketchup, 64oz Bottle","Red Gold, Inc.",Sauces/Spreads/Dips/Condiments,United States,072940115649,00072940115649,0,17,118,CHILD_NUTRITION_FOOD_PROGRAMS|FOOD_SERVICE|GROCERY,2025-07-24,2025-05-27,,UNKNOWN,https://fdc.nal.usda.gov/fdc-app.html#/food-details/2737458/nutrients
USDA-FDC-2737462,"Red Gold Ketchup, 9 gram Packet","Red Gold, Inc.",Sauces/Spreads/Dips/Condiments,United States,072940115816,00072940115816,0,9,111,FOOD_SERVICE|GROCERY,2025-07-24,2025-06-18,,UNKNOWN,https://fdc.nal.usda.gov/fdc-app.html#/food-details/2737462/nutrients
USDA-FDC-2737463,Red Gold Ketchup with Natural Sugar Low Sodium 114oz,"Red Gold, Inc.",Sauces/Spreads/Dips/Condiments,United States,072940115830,00072940115830,0,17,88,FOOD_SERVICE|GROCERY,2025-07-24,2025-06-18,,UNKNOWN,https://fdc.nal.usda.gov/fdc-app.html#/food-details/2737463/nutrients
USDA-FDC-2737464,"Red Gold Ketchup with Sugar, 7lb 2oz Pouch","Red Gold, Inc.",Sauces/Spreads/Dips/Condiments,United States,072940115854,00072940115854,0,17,88,FOOD_SERVICE|GROCERY,2025-07-24,2025-06-18,,UNKNOWN,https://fdc.nal.usda.gov/fdc-app.html#/food-details/2737464/nutrients
USDA-FDC-2737465,"Red Gold Ketchup with Sugar, 9g Packet","Red Gold, Inc.",Sauces/Spreads/Dips/Condiments,United States,072940115953,00072940115953,0,9,111,FOOD_SERVICE|GROCERY,2025-07-24,2025-06-18,,UNKNOWN,https://fdc.nal.usda.gov/fdc-app.html#/food-details/2737465/nutrients
USDA-FDC-2737466,"Red Gold Ketchup, 112oz Can","Red Gold, Inc.",Sauces/Spreads/Dips/Condiments,United States,072940115991,00072940115991,0,17,88,FOOD_SERVICE|GROCERY,2025-07-24,2025-05-07,,UNKNOWN,https://fdc.nal.usda.gov/fdc-app.html#/food-details/2737466/nutrients
USDA-FDC-2737467,"Red Gold Sweet Fancy Ketchup, 115oz Can","Red Gold, Inc.",Sauces/Spreads/Dips/Condiments,United States,072940116004,00072940116004,0,17,118,FOOD_SERVICE|GROCERY,2025-07-24,2025-06-18,,UNKNOWN,https://fdc.nal.usda.gov/fdc-app.html#/food-details/2737467/nutrients
USDA-FDC-2737468,"Vine Ripe Diced Tomatoes No Salt Added, 14.5oz Can","Red Gold, Inc.",Vegetables - Prepared/Processed,United States,072940120049,00072940120049,0,121,21,CHILD_NUTRITION_FOOD_PROGRAMS|FOOD_SERVICE|GROCERY,2025-07-24,2025-05-06,,UNKNOWN,https://fdc.nal.usda.gov/fdc-app.html#/food-details/2737468/nutrients
USDA-FDC-2737469,"Vine Ripe Diced Tomatoes, 102oz Can","Red Gold, Inc.",Vegetables - Prepared/Processed,United States,072940120209,00072940120209,0,121,21,FOOD_SERVICE|GROCERY,2025-07-24,2025-05-07,,UNKNOWN,https://fdc.nal.usda.gov/fdc-app.html#/food-details/2737469/nutrients
USDA-FDC-2737470,"Red Gold Tomatoes Diced No Salt Added, 102oz Can","Red Gold, Inc.",Vegetables - Prepared/Processed,United States,072940146100,00072940146100,0,121,21,FOOD_SERVICE|GROCERY,2025-07-24,2025-06-18,,UNKNOWN,https://fdc.nal.usda.gov/fdc-app.html#/food-details/2737470/nutrients
USDA-FDC-2737471,"Redpack Sloppy Joe Sauce, 108oz Can","Red Gold, Inc.",Sauces/Spreads/Dips/Condiments,United States,072940741503,00072940741503,0,64,47,FOOD_SERVICE|GROCERY,2025-07-24,2025-07-01,,UNKNOWN,https://fdc.nal.usda.gov/fdc-app.html#/food-details/2737471/nutrients
USDA-FDC-2737472,"Red Gold Ketchup with Natural Sugar Low Sodium, 112.5oz Tub","Red Gold, Inc.",Sauces/Spreads/Dips/Condiments,United States,072940747376,00072940747376,0,17,88,FOOD_SERVICE|GROCERY,2025-07-24,2025-06-18,,UNKNOWN,https://fdc.nal.usda.gov/fdc-app.html#/food-details/2737472/nutrients
USDA-FDC-2737474,"Red Gold Tomato Paste, 1.5oz Packet","Red Gold, Inc.",Vegetables - Prepared/Processed,United States,072940747567,00072940747567,0,33,121,FOOD_SERVICE|GROCERY,2025-07-24,2025-05-07,,UNKNOWN,https://fdc.nal.usda.gov/fdc-app.html#/food-details/2737474/nutrients
USDA-FDC-2737475,"Redpack Fully Prepared Pizza Sauce, 106oz Can","Red Gold, Inc.",Sauces/Spreads/Dips/Condiments,United States,072940748861,00072940748861,0,63,48,CHILD_NUTRITION_FOOD_PROGRAMS|FOOD_SERVICE|GROCERY,2025-07-24,2025-07-01,,UNKNOWN,https://fdc.nal.usda.gov/fdc-app.html#/food-details/2737475/nutrients
USDA-FDC-2737476,"Tuttorosso Fresh Pizza Sauce, 105oz Can","Red Gold, Inc.",Sauces/Spreads/Dips/Condiments,United States,072940748885,00072940748885,0,60,42,FOOD_SERVICE|GROCERY,2025-07-24,2025-06-18,,UNKNOWN,https://fdc.nal.usda.gov/fdc-app.html#/food-details/2737476/nutrients
USDA-FDC-2737477,"Red Gold Ketchup, 1oz Dip Cups","Red Gold, Inc.",Sauces/Spreads/Dips/Condiments,United States,072940749547,00072940749547,0,28,125,FOOD_SERVICE|GROCERY,2025-07-24,2025-06-18,,UNKNOWN,https://fdc.nal.usda.gov/fdc-app.html#/food-details/2737477/nutrients
USDA-FDC-2737479,"Red Gold Ketchup, 7lb 2oz Pouch","Red Gold, Inc.",Sauces/Spreads/Dips/Condiments,United States,072940115618,00072940115618,0,17,118,FOOD_SERVICE|GROCERY,2025-07-24,2025-06-18,,UNKNOWN,https://fdc.nal.usda.gov/fdc-app.html#/food-details/2737479/nutrients
USDA-FDC-2737480,"Red Gold Ketchup, 3 Gallon","Red Gold, Inc.",Sauces/Spreads/Dips/Condiments,United States,072940115601,00072940115601,0,17,118,CHILD_NUTRITION_FOOD_PROGRAMS|FOOD_SERVICE|GROCERY,2025-07-24,2025-06-18,,UNKNOWN,https://fdc.nal.usda.gov/fdc-app.html#/food-details/2737480/nutrients
USDA-FDC-2737481,Red Gold Ketchup with Natural Sugar Low Sodium 1.5 Gallon,"Red Gold, Inc.",Sauces/Spreads/Dips/Condiments,United States,072940115502,00072940115502,0,17,88,FOOD_SERVICE|GROCERY,2025-07-24,2025-06-18,,UNKNOWN,https://fdc.nal.usda.gov/fdc-app.html#/food-details/2737481/nutrients
USDA-FDC-2737482,"Red Gold Colts Ketchup, 20oz Bottle","Red Gold, Inc.",Sauces/Spreads/Dips/Condiments,United States,072940115311,00072940115311,0,17,118,CHILD_NUTRITION_FOOD_PROGRAMS|FOOD_SERVICE|GROCERY,2025-07-24,2025-06-18,,UNKNOWN,https://fdc.nal.usda.gov/fdc-app.html#/food-details/2737482/nutrients
USDA-FDC-2737483,"Red Gold Tomato Puree 1.045, 105oz Can","Red Gold, Inc.",Sauces/Spreads/Dips/Condiments,United States,072940110071,00072940110071,0,63,40,CHILD_NUTRITION_FOOD_PROGRAMS|FOOD_SERVICE|GROCERY,2025-07-24,2025-05-07,,UNKNOWN,https://fdc.nal.usda.gov/fdc-app.html#/food-details/2737483/nutrients
USDA-FDC-2737484,"Red Gold Extra Heavy Pizza Sauce with Basil, 105oz Can","Red Gold, Inc.",Sauces/Spreads/Dips/Condiments,United States,072940110095,00072940110095,0,61,49,FOOD_SERVICE|GROCERY,2025-07-24,2025-05-07,,UNKNOWN,https://fdc.nal.usda.gov/fdc-app.html#/food-details/2737484/nutrients
USDA-FDC-2737486,"Red Gold Traditional Spaghetti Sauce, 106oz Can","Red Gold, Inc.",Sauces/Spreads/Dips/Condiments,United States,072940110118,00072940110118,0,128,47,FOOD_SERVICE|GROCERY,2025-07-24,2025-06-18,,UNKNOWN,https://fdc.nal.usda.gov/fdc-app.html#/food-details/2737486/nutrients
USDA-FDC-2737487,"Red Gold Chili Sauce, 113oz Can","Red Gold, Inc.",Sauces/Spreads/Dips/Condiments,United States,072940110125,00072940110125,0,34,103,FOOD_SERVICE|GROCERY,2025-07-24,2025-06-18,,UNKNOWN,https://fdc.nal.usda.gov/fdc-app.html#/food-details/2737487/nutrients
USDA-FDC-2737488,"Red Gold Crushed Tomatoes, 105oz Can","Red Gold, Inc.",Sauces/Spreads/Dips/Condiments,United States,072940110132,00072940110132,0,61,49,FOOD_SERVICE|GROCERY,2025-07-24,2025-06-18,,UNKNOWN,https://fdc.nal.usda.gov/fdc-app.html#/food-details/2737488/nutrients
USDA-FDC-2737489,"Red Gold Stewed Tomatoes, 102oz Can","Red Gold, Inc.",Vegetables - Prepared/Processed,United States,072940110149,00072940110149,0,123,28,CHILD_NUTRITION_FOOD_PROGRAMS|FOOD_SERVICE|GROCERY,2025-07-24,2025-06-18,,UNKNOWN,https://fdc.nal.usda.gov/fdc-app.html#/food-details/2737489/nutrients
USDA-FDC-2737491,"Red Gold Tomato Paste, 111oz Can","Red Gold, Inc.",Vegetable Based Products / Meals,United States,072940110163,00072940110163,0,33,91,FOOD_SERVICE|GROCERY,2025-07-24,2025-07-01,,UNKNOWN,https://fdc.nal.usda.gov/fdc-app.html#/food-details/2737491/nutrients
USDA-FDC-2737492,"Red Gold Diced Tomatoes, 102oz Can","Red Gold, Inc.",Vegetables - Prepared/Processed,United States,072940110170,00072940110170,0,121,21,CHILD_NUTRITION_FOOD_PROGRAMS|FOOD_SERVICE|GROCERY,2025-07-24,2025-06-18,,UNKNOWN,https://fdc.nal.usda.gov/fdc-app.html#/food-details/2737492/nutrients
USDA-FDC-2737493,"Red Gold Cocktail Sauce, 115oz Can","Red Gold, Inc.",Sauces/Spreads/Dips/Condiments,United States,072940110194,00072940110194,0,64,94,FOOD_SERVICE|GROCERY,2025-07-24,2025-06-18,,UNKNOWN,https://fdc.nal.usda.gov/fdc-app.html#/food-details/2737493/nutrients
USDA-FDC-2737495,"Red Gold Tomato Strips and Pieces in Puree, 102oz Can","Red Gold, Inc.",Vegetables - Prepared/Processed,United States,072940110354,00072940110354,0,121,21,CHILD_NUTRITION_FOOD_PROGRAMS|FOOD_SERVICE|GROCERY,2025-07-24,2025-05-07,,UNKNOWN,https://fdc.nal.usda.gov/fdc-app.html#/food-details/2737495/nutrients
USDA-FDC-2737496,"Red Gold Chopped Tomatoes in Puree, 102oz Can","Red Gold, Inc.",Vegetables - Prepared/Processed,United States,072940110415,00072940110415,0,121,21,FOOD_SERVICE|GROCERY,2025-07-24,2025-05-07,,UNKNOWN,https://fdc.nal.usda.gov/fdc-app.html#/food-details/2737496/nutrients
USDA-FDC-2737497,"Red Gold Mild Salsa, 1.5oz Dipping Cups","Red Gold, Inc.",Sauces/Spreads/Dips/Condiments,United States,072940110576,00072940110576,0,43,35,FOOD_SERVICE|GROCERY,2025-07-24,2025-07-01,,UNKNOWN,https://fdc.nal.usda.gov/fdc-app.html#/food-details/2737497/nutrients
USDA-FDC-2737498,"Red Gold Marinara Sauce, 1.25oz Dip Cup","Red Gold, Inc.",Sauces/Spreads/Dips/Condiments,United States,072940110583,00072940110583,0,35,57,FOOD_SERVICE|GROCERY,2025-07-24,2025-07-01,,UNKNOWN,https://fdc.nal.usda.gov/fdc-app.html#/food-details/2737498/nutrients
USDA-FDC-2737499,"Red Gold Barbecue Sauce, 1.5 Gallon Pouch","Red Gold, Inc.",Sauces/Spreads/Dips/Condiments,United States,072940111191,00072940111191,0,36,139,FOOD_SERVICE|GROCERY,2025-07-24,2025-06-18,,UNKNOWN,https://fdc.nal.usda.gov/fdc-app.html#/food-details/2737499/nutrients
USDA-FDC-2737500,"Red Gold Organic Ketchup, 20oz Bottle","Red Gold, Inc.",Sauces/Spreads/Dips/Condiments,United States,072940111207,00072940111207,0,17,88,CHILD_NUTRITION_FOOD_PROGRAMS|FOOD_SERVICE|GROCERY,2025-07-24,2025-06-18,,UNKNOWN,https://fdc.nal.usda.gov/fdc-app.html#/food-details/2737500/nutrients
USDA-FDC-2737501,"Red Gold Marinara Sauce, 1oz Dip Cup","Red Gold, Inc.",Sauces/Spreads/Dips/Condiments,United States,072940111351,00072940111351,0,28,54,FOOD_SERVICE|GROCERY,2025-07-24,2025-06-18,,UNKNOWN,https://fdc.nal.usda.gov/fdc-app.html#/food-details/2737501/nutrients
USDA-FDC-2737502,"Red Gold Mild Salsa, 3oz Dip Cup","Red Gold, Inc.",Sauces/Spreads/Dips/Condiments,United States,072940111399,00072940111399,0,29,34,FOOD_SERVICE|GROCERY,2025-07-24,2025-07-01,,UNKNOWN,https://fdc.nal.usda.gov/fdc-app.html#/food-details/2737502/nutrients
USDA-FDC-2737503,"Red Gold Pasta Sauce Plant Based Bolognese Pasta Sauce, 105oz Can","Red Gold, Inc.",Sauces/Spreads/Dips/Condiments,United States,072940111429,00072940111429,0,125,88,CHILD_NUTRITION_FOOD_PROGRAMS|FOOD_SERVICE|GROCERY,2025-07-24,2025-07-01,,UNKNOWN,https://fdc.nal.usda.gov/fdc-app.html#/food-details/2737503/nutrients
USDA-FDC-2737504,"Huy Fong Sriracha Hot Chili Sauce Ketchup, 20 oz Bottle","Red Gold, Inc.",Sauces/Spreads/Dips/Condiments,United States,072940112075,00072940112075,0,17,88,CHILD_NUTRITION_FOOD_PROGRAMS|FOOD_SERVICE|GROCERY,2025-07-24,2025-06-18,,UNKNOWN,https://fdc.nal.usda.gov/fdc-app.html#/food-details/2737504/nutrients
USDA-FDC-2737505,"Red Gold Diced Tomatoes with Green Chilies, 28oz Can","Red Gold, Inc.",Vegetables - Prepared/Processed,United States,072940113232,00072940113232,0,121,17,FOOD_SERVICE|GROCERY,2025-07-24,2025-06-19,,UNKNOWN,https://fdc.nal.usda.gov/fdc-app.html#/food-details/2737505/nutrients
USDA-FDC-2737506,"Red Gold Ketchup, 20oz Bottle","Red Gold, Inc.",Sauces/Spreads/Dips/Condiments,United States,072940115212,00072940115212,0,17,118,CHILD_NUTRITION_FOOD_PROGRAMS|FOOD_SERVICE|GROCERY,2025-07-24,2025-06-18,,UNKNOWN,https://fdc.nal.usda.gov/fdc-app.html#/food-details/2737506/nutrients
USDA-FDC-2737507,"Red Gold Traditional Spaghetti Sauce, Deluxe 106oz Can","Red Gold, Inc.",Sauces/Spreads/Dips/Condiments,United States,072940110378,00072940110378,0,125,64,FOOD_SERVICE|GROCERY,2025-07-24,2025-06-18,,UNKNOWN,https://fdc.nal.usda.gov/fdc-app.html#/food-details/2737507/nutrients
USDA-FDC-2737677,"Vine Ripe Whole Peeled Tomatoes, 102oz Can - Case of 6","Red Gold, Inc.",Vegetables - Prepared/Processed,United States,30072940100127,30072940100127,0,128,20,CHILD_NUTRITION_FOOD_PROGRAMS|FOOD_SERVICE|GROCERY,2025-07-24,2025-05-07,,UNKNOWN,https://fdc.nal.usda.gov/fdc-app.html#/food-details/2737677/nutrients
USDA-FDC-2737678,"Vine Ripe Spaghetti Sauce, 106oz Can - CS of 6","Red Gold, Inc.",Sauces/Spreads/Dips/Condiments,United States,30072940100158,30072940100158,0,126,36,CHILD_NUTRITION_FOOD_PROGRAMS|FOOD_SERVICE|GROCERY,2025-07-24,2025-07-01,,UNKNOWN,https://fdc.nal.usda.gov/fdc-app.html#/food-details/2737678/nutrients
USDA-FDC-2737679,"Vine Ripe Low Sodium Tomato Sauce, 106oz Can - CS of 6","Red Gold, Inc.",Sauces/Spreads/Dips/Condiments,United States,30072940100523,30072940100523,0,122,37,CHILD_NUTRITION_FOOD_PROGRAMS|FOOD_SERVICE|GROCERY,2025-07-24,2025-07-01,,UNKNOWN,https://fdc.nal.usda.gov/fdc-app.html#/food-details/2737679/nutrients
USDA-FDC-2737680,"Red Gold Low Sodium Enchilada Sauce, 106oz Can - Case of 6","Red Gold, Inc.",Sauces/Spreads/Dips/Condiments,United States,30072940100943,30072940100943,0,60,25,CHILD_NUTRITION_FOOD_PROGRAMS|FOOD_SERVICE|GROCERY,2025-07-24,2025-07-01,,UNKNOWN,https://fdc.nal.usda.gov/fdc-app.html#/food-details/2737680/nutrients
USDA-FDC-2737681,"Red Gold Ketchup, 115oz Can - Case of 6","Red Gold, Inc.",Sauces/Spreads/Dips/Condiments,United States,30072940110027,30072940110027,0,17,118,CHILD_NUTRITION_FOOD_PROGRAMS|FOOD_SERVICE|GROCERY,2025-07-24,2025-06-18,,UNKNOWN,https://fdc.nal.usda.gov/fdc-app.html#/food-details/2737681/nutrients
USDA-FDC-2737682,"Red Gold Marinara Sauce, 105oz Can - Case of 6","Red Gold, Inc.",Sauces/Spreads/Dips/Condiments,United States,30072940110041,30072940110041,0,128,39,CHILD_NUTRITION_FOOD_PROGRAMS|FOOD_SERVICE|GROCERY,2025-07-24,2025-06-18,,UNKNOWN,https://fdc.nal.usda.gov/fdc-app.html#/food-details/2737682/nutrients
USDA-FDC-2737683,"Red Gold Mild Salsa, 103oz Can - CS of 6","Red Gold, Inc.",Sauces/Spreads/Dips/Condiments,United States,30072940110058,30072940110058,0,29,8,CHILD_NUTRITION_FOOD_PROGRAMS|FOOD_SERVICE|GROCERY,2025-07-24,2025-07-01,,UNKNOWN,https://fdc.nal.usda.gov/fdc-app.html#/food-details/2737683/nutrients
USDA-FDC-2737684,"Red Gold Tomato Puree, 106oz Can - Case of 6","Red Gold, Inc.",Sauces/Spreads/Dips/Condiments,United States,30072940110065,30072940110065,0,63,56,CHILD_NUTRITION_FOOD_PROGRAMS|FOOD_SERVICE|GROCERY,2025-07-24,2025-07-01,,UNKNOWN,https://fdc.nal.usda.gov/fdc-app.html#/food-details/2737684/nutrients
USDA-FDC-2737685,"Red Gold Tomato Puree 1.045, 105oz Can - Case of 6","Red Gold, Inc.",Sauces/Spreads/Dips/Condiments,United States,30072940110072,30072940110072,0,63,40,CHILD_NUTRITION_FOOD_PROGRAMS|FOOD_SERVICE|GROCERY,2025-07-24,2025-05-07,,UNKNOWN,https://fdc.nal.usda.gov/fdc-app.html#/food-details/2737685/nutrients
USDA-FDC-2737686,"Red Gold Extra Heavy Pizza Sauce with Basil, 105oz Can - Case of 6","Red Gold, Inc.",Sauces/Spreads/Dips/Condiments,United States,30072940110096,30072940110096,0,61,49,CHILD_NUTRITION_FOOD_PROGRAMS|FOOD_SERVICE|GROCERY,2025-07-24,2025-05-07,,UNKNOWN,https://fdc.nal.usda.gov/fdc-app.html#/food-details/2737686/nutrients
USDA-FDC-2737688,"Red Gold Traditional Spaghetti Sauce, 106oz Can - CS of 6","Red Gold, Inc.",Sauces/Spreads/Dips/Condiments,United States,30072940110119,30072940110119,0,128,47,CHILD_NUTRITION_FOOD_PROGRAMS|FOOD_SERVICE|GROCERY,2025-07-24,2025-06-18,,UNKNOWN,https://fdc.nal.usda.gov/fdc-app.html#/food-details/2737688/nutrients
USDA-FDC-2737689,"Red Gold Chili Sauce, 113oz Can - CS of 6","Red Gold, Inc.",Sauces/Spreads/Dips/Condiments,United States,30072940110126,30072940110126,0,34,103,CHILD_NUTRITION_FOOD_PROGRAMS|FOOD_SERVICE|GROCERY,2025-07-24,2025-06-18,,UNKNOWN,https://fdc.nal.usda.gov/fdc-app.html#/food-details/2737689/nutrients
USDA-FDC-2737690,"Red Gold Crushed Tomatoes, 105oz Can - Case of 6","Red Gold, Inc.",Sauces/Spreads/Dips/Condiments,United States,30072940110133,30072940110133,0,61,49,CHILD_NUTRITION_FOOD_PROGRAMS|FOOD_SERVICE|GROCERY,2025-07-24,2025-06-18,,UNKNOWN,https://fdc.nal.usda.gov/fdc-app.html#/food-details/2737690/nutrients
USDA-FDC-2737691,"Red Gold Stewed Tomatoes, 102oz Can - CS of 6","Red Gold, Inc.",Vegetables - Prepared/Processed,United States,30072940110140,30072940110140,0,123,28,CHILD_NUTRITION_FOOD_PROGRAMS|FOOD_SERVICE|GROCERY,2025-07-24,2025-06-18,,UNKNOWN,https://fdc.nal.usda.gov/fdc-app.html#/food-details/2737691/nutrients
USDA-FDC-2737692,"Red Gold Diced Tomatoes, 102oz Can - CS of 6","Red Gold, Inc.",Vegetables - Prepared/Processed,United States,30072940110157,30072940110157,0,121,21,CHILD_NUTRITION_FOOD_PROGRAMS|FOOD_SERVICE|GROCERY,2025-07-24,2025-06-18,,UNKNOWN,https://fdc.nal.usda.gov/fdc-app.html#/food-details/2737692/nutrients
USDA-FDC-2737693,"Red Gold Tomato Paste, 111oz Can - CS of 6","Red Gold, Inc.",Vegetable Based Products / Meals,United States,30072940110164,30072940110164,0,33,91,CHILD_NUTRITION_FOOD_PROGRAMS|FOOD_SERVICE|GROCERY,2025-07-24,2025-07-01,,UNKNOWN,https://fdc.nal.usda.gov/fdc-app.html#/food-details/2737693/nutrients
USDA-FDC-2737695,"Red Gold Cocktail Sauce, 115oz Can - Case of 6","Red Gold, Inc.",Sauces/Spreads/Dips/Condiments,United States,30072940110195,30072940110195,0,64,94,CHILD_NUTRITION_FOOD_PROGRAMS|FOOD_SERVICE|GROCERY,2025-07-24,2025-06-18,,UNKNOWN,https://fdc.nal.usda.gov/fdc-app.html#/food-details/2737695/nutrients
USDA-FDC-2737696,"Red Gold Tomato Strips and Pieces in Puree, 102oz Can - CS of 6","Red Gold, Inc.",Vegetables - Prepared/Processed,United States,30072940110355,30072940110355,0,121,21,CHILD_NUTRITION_FOOD_PROGRAMS|FOOD_SERVICE|GROCERY,2025-07-24,2025-05-07,,UNKNOWN,https://fdc.nal.usda.gov/fdc-app.html#/food-details/2737696/nutrients
USDA-FDC-2737697,"Red Gold Traditional Spaghetti Sauce, Deluxe 106oz Can - CS of 6","Red Gold, Inc.",Sauces/Spreads/Dips/Condiments,United States,30072940110379,30072940110379,0,125,64,CHILD_NUTRITION_FOOD_PROGRAMS|FOOD_SERVICE|GROCERY,2025-07-24,2025-06-18,,UNKNOWN,https://fdc.nal.usda.gov/fdc-app.html#/food-details/2737697/nutrients
USDA-FDC-2737701,"Vine Ripe No Salt Added Diced Tomatoes, 14.5oz Can - CS of 24","Red Gold, Inc.",Vegetables - Prepared/Processed,United States,20072940120043,20072940120043,0,121,21,CHILD_NUTRITION_FOOD_PROGRAMS|FOOD_SERVICE|GROCERY,2025-07-24,2025-05-06,,UNKNOWN,https://fdc.nal.usda.gov/fdc-app.html#/food-details/2737701/nutrients
USDA-FDC-2737725,"Red Gold Ketchup, 14oz Bottle - Case of 24","Red Gold, Inc.",Sauces/Spreads/Dips/Condiments,United States,20072940000079,20072940000079,0,17,118,CHILD_NUTRITION_FOOD_PROGRAMS|FOOD_SERVICE|GROCERY,2025-07-24,2025-06-18,,UNKNOWN,https://fdc.nal.usda.gov/fdc-app.html#/food-details/2737725/nutrients
USDA-FDC-2737782,"Red Gold Chopped Tomatoes in Puree, 102oz Can - Case of 6","Red Gold, Inc.",Vegetables - Prepared/Processed,United States,30072940110416,30072940110416,0,121,21,CHILD_NUTRITION_FOOD_PROGRAMS|FOOD_SERVICE|GROCERY,2025-07-24,2025-05-07,,UNKNOWN,https://fdc.nal.usda.gov/fdc-app.html#/food-details/2737782/nutrients
USDA-FDC-2737838,"Red Gold Plant Based Bolognese Pasta Sauce, 105oz Can - Case of 6","Red Gold, Inc.",Sauces/Spreads/Dips/Condiments,United States,30072940111420,30072940111420,0,125,88,CHILD_NUTRITION_FOOD_PROGRAMS|FOOD_SERVICE|GROCERY,2025-07-24,2025-07-01,,UNKNOWN,https://fdc.nal.usda.gov/fdc-app.html#/food-details/2737838/nutrients
USDA-FDC-2737839,"Red Gold Ketchup, 7lb 2oz Pouch - Case of 6","Red Gold, Inc.",Sauces/Spreads/Dips/Condiments,United States,30072940115619,30072940115619,0,17,118,CHILD_NUTRITION_FOOD_PROGRAMS|FOOD_SERVICE|GROCERY,2025-07-24,2025-06-18,,UNKNOWN,https://fdc.nal.usda.gov/fdc-app.html#/food-details/2737839/nutrients
USDA-FDC-2737949,"Teresa White Extra Heavy Pizza Sauce with Basil, 105oz Can - Case of 6","Red Gold, Inc.",Sauces/Spreads/Dips/Condiments,United States,30072940819050,30072940819050,0,61,49,CHILD_NUTRITION_FOOD_PROGRAMS|FOOD_SERVICE|GROCERY,2025-07-24,2025-06-18,,UNKNOWN,https://fdc.nal.usda.gov/fdc-app.html#/food-details/2737949/nutrients
USDA-FDC-2737950,"Redpack Chili Sauce, 113oz Can - CS of 6","Red Gold, Inc.",Sauces/Spreads/Dips/Condiments,United States,30072940820001,30072940820001,0,34,103,CHILD_NUTRITION_FOOD_PROGRAMS|FOOD_SERVICE|GROCERY,2025-07-24,2025-06-18,,UNKNOWN,https://fdc.nal.usda.gov/fdc-app.html#/food-details/2737950/nutrients
USDA-FDC-2737951,"Redpack Traditional Pasta Sauce, 106oz Can - Case of 6","Red Gold, Inc.",Sauces/Spreads/Dips/Condiments,United States,30072940821008,30072940821008,0,125,40,CHILD_NUTRITION_FOOD_PROGRAMS|FOOD_SERVICE|GROCERY,2025-07-24,2025-07-01,,UNKNOWN,https://fdc.nal.usda.gov/fdc-app.html#/food-details/2737951/nutrients
USDA-FDC-2737952,"Redpack Nutritionally Enhanced Traditional Spaghetti Sauce, 106oz Can - CS of 6","Red Gold, Inc.",Sauces/Spreads/Dips/Condiments,United States,30072940821077,30072940821077,0,125,48,CHILD_NUTRITION_FOOD_PROGRAMS|FOOD_SERVICE|GROCERY,2025-07-24,2025-07-01,,UNKNOWN,https://fdc.nal.usda.gov/fdc-app.html#/food-details/2737952/nutrients
USDA-FDC-2737954,"Redpack Marinara Sauce, 105oz Can - Case of 6","Red Gold, Inc.",Sauces/Spreads/Dips/Condiments,United States,30072940822005,30072940822005,0,128,39,CHILD_NUTRITION_FOOD_PROGRAMS|FOOD_SERVICE|GROCERY,2025-07-24,2025-07-01,,UNKNOWN,https://fdc.nal.usda.gov/fdc-app.html#/food-details/2737954/nutrients
USDA-FDC-2737955,"Redpack Nutritionally Enhanced Marinara Sauce, 105oz Can - Case of 6","Red Gold, Inc.",Sauces/Spreads/Dips/Condiments,United States,30072940822067,30072940822067,0,125,48,CHILD_NUTRITION_FOOD_PROGRAMS|FOOD_SERVICE|GROCERY,2025-07-24,2025-07-01,,UNKNOWN,https://fdc.nal.usda.gov/fdc-app.html#/food-details/2737955/nutrients
USDA-FDC-2737956,"Redpack Tomato Paste, 111oz Can - CS of 6","Red Gold, Inc.",Vegetable Based Products / Meals,United States,30072940823002,30072940823002,0,33,91,CHILD_NUTRITION_FOOD_PROGRAMS|FOOD_SERVICE|GROCERY,2025-07-24,2025-07-01,,UNKNOWN,https://fdc.nal.usda.gov/fdc-app.html#/food-details/2737956/nutrients
USDA-FDC-2737957,"Redpack Zucchini and Tomatoes, 102oz Can - Case of 6","Red Gold, Inc.",Vegetables - Prepared/Processed,United States,30072940825006,30072940825006,0,123,24,CHILD_NUTRITION_FOOD_PROGRAMS|FOOD_SERVICE|GROCERY,2025-07-24,2025-06-18,,UNKNOWN,https://fdc.nal.usda.gov/fdc-app.html#/food-details/2737957/nutrients
USDA-FDC-2737958,"Redpack Marinara Sauce, 105oz Pouch - Case of 6","Red Gold, Inc.",Sauces/Spreads/Dips/Condiments,United States,30072940997079,30072940997079,0,125,40,CHILD_NUTRITION_FOOD_PROGRAMS|FOOD_SERVICE|GROCERY,2025-07-24,2025-07-01,,UNKNOWN,https://fdc.nal.usda.gov/fdc-app.html#/food-details/2737958/nutrients
USDA-FDC-2737959,"Red Gold Mild Salsa, 3oz Dip Cup - Case of 168","Red Gold, Inc.",Sauces/Spreads/Dips/Condiments,United States,40072940111397,40072940111397,0,29,34,CHILD_NUTRITION_FOOD_PROGRAMS|FOOD_SERVICE|GROCERY,2025-07-24,2025-07-01,,UNKNOWN,https://fdc.nal.usda.gov/fdc-app.html#/food-details/2737959/nutrients
USDA-FDC-2737961,"Red Gold Ketchup, 64oz Bottle - Case of 9","Red Gold, Inc.",Sauces/Spreads/Dips/Condiments,United States,50072940115644,50072940115644,0,17,118,CHILD_NUTRITION_FOOD_PROGRAMS|FOOD_SERVICE|GROCERY,2025-07-24,2025-05-27,,UNKNOWN,https://fdc.nal.usda.gov/fdc-app.html#/food-details/2737961/nutrients
USDA-FDC-2737965,"Red Gold Ketchup with Sugar, 1.5 Gallon Pouch - Case of 2","Red Gold, Inc.",Sauces/Spreads/Dips/Condiments,United States,60072940000138,60072940000138,0,17,88,CHILD_NUTRITION_FOOD_PROGRAMS|FOOD_SERVICE|GROCERY,2025-07-24,2025-05-07,,UNKNOWN,https://fdc.nal.usda.gov/fdc-app.html#/food-details/2737965/nutrients
USDA-FDC-2737966,"Red Gold Ketchup, 7 gram Packet - Case of 1000","Red Gold, Inc.",Sauces/Spreads/Dips/Condiments,United States,60072940100951,60072940100951,0,7,143,CHILD_NUTRITION_FOOD_PROGRAMS|FOOD_SERVICE|GROCERY,2025-07-24,2025-05-07,,UNKNOWN,https://fdc.nal.usda.gov/fdc-app.html#/food-details/2737966/nutrients
USDA-FDC-2737968,"Red Gold Marinara Sauce, 1.25oz Dip Cup - Case of 264","Red Gold, Inc.",Sauces/Spreads/Dips/Condiments,United States,60072940110585,60072940110585,0,35,57,CHILD_NUTRITION_FOOD_PROGRAMS|FOOD_SERVICE|GROCERY,2025-07-24,2025-07-01,,UNKNOWN,https://fdc.nal.usda.gov/fdc-app.html#/food-details/2737968/nutrients
USDA-FDC-2737969,"Red Gold Ketchup, 20oz Bottle - Case of 25","Red Gold, Inc.",Sauces/Spreads/Dips/Condiments,United States,60072940115191,60072940115191,0,17,118,CHILD_NUTRITION_FOOD_PROGRAMS|FOOD_SERVICE|GROCERY,2025-07-24,2025-06-18,,UNKNOWN,https://fdc.nal.usda.gov/fdc-app.html#/food-details/2737969/nutrients
USDA-FDC-2737970,"Red Gold Ketchup, 20oz Bottle - Case of 16","Red Gold, Inc.",Sauces/Spreads/Dips/Condiments,United States,60072940115214,60072940115214,0,17,118,CHILD_NUTRITION_FOOD_PROGRAMS|FOOD_SERVICE|GROCERY,2025-07-24,2025-06-18,,UNKNOWN,https://fdc.nal.usda.gov/fdc-app.html#/food-details/2737970/nutrients
USDA-FDC-2737971,"Red Gold Colts Ketchup, 20oz Bottle - Case of 16","Red Gold, Inc.",Sauces/Spreads/Dips/Condiments,United States,60072940115313,60072940115313,0,17,118,CHILD_NUTRITION_FOOD_PROGRAMS|FOOD_SERVICE|GROCERY,2025-07-24,2025-06-18,,UNKNOWN,https://fdc.nal.usda.gov/fdc-app.html#/food-details/2737971/nutrients
USDA-FDC-2737972,"Redpack Pizza Sauce with Basil, 105oz Can - CS of 6","Red Gold, Inc.",Sauces/Spreads/Dips/Condiments,United States,30072940819036,30072940819036,0,61,49,CHILD_NUTRITION_FOOD_PROGRAMS|FOOD_SERVICE|GROCERY,2025-07-24,2025-07-01,,UNKNOWN,https://fdc.nal.usda.gov/fdc-app.html#/food-details/2737972/nutrients
USDA-FDC-2737973,"Redpack Tomato Sauce, 106oz Can - Case of 6","Red Gold, Inc.",Sauces/Spreads/Dips/Condiments,United States,30072940818008,30072940818008,0,61,33,CHILD_NUTRITION_FOOD_PROGRAMS|FOOD_SERVICE|GROCERY,2025-07-24,2025-07-01,,UNKNOWN,https://fdc.nal.usda.gov/fdc-app.html#/food-details/2737973/nutrients
USDA-FDC-2737974,"Redpack Tomato Puree, 106oz Can - Case of 6","Red Gold, Inc.",Sauces/Spreads/Dips/Condiments,United States,30072940817018,30072940817018,0,63,56,CHILD_NUTRITION_FOOD_PROGRAMS|FOOD_SERVICE|GROCERY,2025-07-24,2025-07-01,,UNKNOWN,https://fdc.nal.usda.gov/fdc-app.html#/food-details/2737974/nutrients
USDA-FDC-2737977,"Red Gold Low Sodium Ketchup with Natural Sugar, 114oz - Case of 6","Red Gold, Inc.",Sauces/Spreads/Dips/Condiments,United States,30072940115831,30072940115831,0,17,88,CHILD_NUTRITION_FOOD_PROGRAMS|FOOD_SERVICE|GROCERY,2025-07-24,2025-06-18,,UNKNOWN,https://fdc.nal.usda.gov/fdc-app.html#/food-details/2737977/nutrients
USDA-FDC-2737978,"Red Gold Ketchup with Sugar, 7lb 2oz Pouch - Case of 6","Red Gold, Inc.",Sauces/Spreads/Dips/Condiments,United States,30072940115855,30072940115855,0,17,88,CHILD_NUTRITION_FOOD_PROGRAMS|FOOD_SERVICE|GROCERY,2025-07-24,2025-06-18,,UNKNOWN,https://fdc.nal.usda.gov/fdc-app.html#/food-details/2737978/nutrients
USDA-FDC-2737979,"Red Gold Ketchup, 112oz Can - Case of 6","Red Gold, Inc.",Sauces/Spreads/Dips/Condiments,United States,30072940115992,30072940115992,0,17,88,CHILD_NUTRITION_FOOD_PROGRAMS|FOOD_SERVICE|GROCERY,2025-07-24,2025-05-07,,UNKNOWN,https://fdc.nal.usda.gov/fdc-app.html#/food-details/2737979/nutrients
USDA-FDC-2737980,"Red Gold Sweet Fancy Ketchup, 115oz Can - Case of 6","Red Gold, Inc.",Sauces/Spreads/Dips/Condiments,United States,30072940116005,30072940116005,0,17,118,CHILD_NUTRITION_FOOD_PROGRAMS|FOOD_SERVICE|GROCERY,2025-07-24,2025-06-18,,UNKNOWN,https://fdc.nal.usda.gov/fdc-app.html#/food-details/2737980/nutrients
USDA-FDC-2737981,"Vine Ripe Diced Tomatoes, 102oz Can - CS of 6","Red Gold, Inc.",Vegetables - Prepared/Processed,United States,30072940120200,30072940120200,0,121,21,CHILD_NUTRITION_FOOD_PROGRAMS|FOOD_SERVICE|GROCERY,2025-07-24,2025-05-07,,UNKNOWN,https://fdc.nal.usda.gov/fdc-app.html#/food-details/2737981/nutrients
USDA-FDC-2737982,"Red Gold Tomatoes Diced No Salt Added, 102oz Can - CS of 6","Red Gold, Inc.",Vegetables - Prepared/Processed,United States,30072940146101,30072940146101,0,121,21,CHILD_NUTRITION_FOOD_PROGRAMS|FOOD_SERVICE|GROCERY,2025-07-24,2025-06-18,,UNKNOWN,https://fdc.nal.usda.gov/fdc-app.html#/food-details/2737982/nutrients
USDA-FDC-2737983,"Redpack Sloppy Joe Sauce, 108oz Can - Case of 6","Red Gold, Inc.",Sauces/Spreads/Dips/Condiments,United States,30072940741504,30072940741504,0,64,47,CHILD_NUTRITION_FOOD_PROGRAMS|FOOD_SERVICE|GROCERY,2025-07-24,2025-07-01,,UNKNOWN,https://fdc.nal.usda.gov/fdc-app.html#/food-details/2737983/nutrients
USDA-FDC-2737984,"Redpack Fully Prepared Pizza Sauce, 106oz Can - Case of 6","Red Gold, Inc.",Sauces/Spreads/Dips/Condiments,United States,30072940748862,30072940748862,0,63,48,CHILD_NUTRITION_FOOD_PROGRAMS|FOOD_SERVICE|GROCERY,2025-07-24,2025-07-01,,UNKNOWN,https://fdc.nal.usda.gov/fdc-app.html#/food-details/2737984/nutrients
USDA-FDC-2737985,"Tuttorosso Fresh Pizza Sauce, 105oz Can - Case of 6","Red Gold, Inc.",Sauces/Spreads/Dips/Condiments,United States,30072940748886,30072940748886,0,60,42,CHILD_NUTRITION_FOOD_PROGRAMS|FOOD_SERVICE|GROCERY,2025-07-24,2025-06-18,,UNKNOWN,https://fdc.nal.usda.gov/fdc-app.html#/food-details/2737985/nutrients
USDA-FDC-2737986,"Tuttorosso Fresh Marinara Sauce, 105oz Can - Case of 6","Red Gold, Inc.",Sauces/Spreads/Dips/Condiments,United States,30072940750360,30072940750360,0,125,40,CHILD_NUTRITION_FOOD_PROGRAMS|FOOD_SERVICE|GROCERY,2025-07-24,2025-06-18,,UNKNOWN,https://fdc.nal.usda.gov/fdc-app.html#/food-details/2737986/nutrients
USDA-FDC-2737987,Red Gold Ketchup with Natural Sugar Low Sodium 1.5 Gallon - Case of 2,"Red Gold, Inc.",Sauces/Spreads/Dips/Condiments,United States,60072940115504,60072940115504,0,17,88,CHILD_NUTRITION_FOOD_PROGRAMS|FOOD_SERVICE|GROCERY,2025-07-24,2025-06-18,,UNKNOWN,https://fdc.nal.usda.gov/fdc-app.html#/food-details/2737987/nutrients
USDA-FDC-2737989,"Redpack Petite Diced Tomatoes, 102oz Can - CS of 6","Red Gold, Inc.",Vegetables - Prepared/Processed,United States,30072940811009,30072940811009,0,121,21,CHILD_NUTRITION_FOOD_PROGRAMS|FOOD_SERVICE|GROCERY,2025-07-24,2025-06-18,,UNKNOWN,https://fdc.nal.usda.gov/fdc-app.html#/food-details/2737989/nutrients
USDA-FDC-2737991,"Redpack Whole Peeled Tomatoes in Puree, 102oz Can - CS of 6","Red Gold, Inc.",Vegetables - Prepared/Processed,United States,30072940811078,30072940811078,0,121,21,CHILD_NUTRITION_FOOD_PROGRAMS|FOOD_SERVICE|GROCERY,2025-07-24,2025-06-18,,UNKNOWN,https://fdc.nal.usda.gov/fdc-app.html#/food-details/2737991/nutrients
USDA-FDC-2737992,"Redpack Diced Tomatoes, 102oz Can - CS of 6","Red Gold, Inc.",Vegetables - Prepared/Processed,United States,30072940812013,30072940812013,0,121,21,CHILD_NUTRITION_FOOD_PROGRAMS|FOOD_SERVICE|GROCERY,2025-07-24,2025-06-18,,UNKNOWN,https://fdc.nal.usda.gov/fdc-app.html#/food-details/2737992/nutrients
USDA-FDC-2737993,"Redpack Chopped Tomatoes in Puree, 102oz Can - Case of 6","Red Gold, Inc.",Vegetables - Prepared/Processed,United States,30072940812044,30072940812044,0,121,21,CHILD_NUTRITION_FOOD_PROGRAMS|FOOD_SERVICE|GROCERY,2025-07-24,2025-05-07,,UNKNOWN,https://fdc.nal.usda.gov/fdc-app.html#/food-details/2737993/nutrients
USDA-FDC-2737994,"Redpack Stewed Tomatoes, 102oz Can - CS of 6","Red Gold, Inc.",Vegetables - Prepared/Processed,United States,30072940813003,30072940813003,0,123,28,CHILD_NUTRITION_FOOD_PROGRAMS|FOOD_SERVICE|GROCERY,2025-07-24,2025-05-07,,UNKNOWN,https://fdc.nal.usda.gov/fdc-app.html#/food-details/2737994/nutrients
USDA-FDC-2737995,"Redpack Crushed Tomatoes, 105oz Can - Case of 6","Red Gold, Inc.",Sauces/Spreads/Dips/Condiments,United States,30072940814000,30072940814000,0,61,49,CHILD_NUTRITION_FOOD_PROGRAMS|FOOD_SERVICE|GROCERY,2025-07-24,2025-07-01,,UNKNOWN,https://fdc.nal.usda.gov/fdc-app.html#/food-details/2737995/nutrients
USDA-FDC-2737996,"Teresa White Crushed Tomatoes, 105oz Can - Case of 6","Red Gold, Inc.",Sauces/Spreads/Dips/Condiments,United States,30072940814031,30072940814031,0,61,49,CHILD_NUTRITION_FOOD_PROGRAMS|FOOD_SERVICE|GROCERY,2025-07-24,2025-05-07,,UNKNOWN,https://fdc.nal.usda.gov/fdc-app.html#/food-details/2737996/nutrients
USDA-FDC-2737999,"Teresa Traditional Spaghetti Sauce, 106oz Can - CS of 6","Red Gold, Inc.",Sauces/Spreads/Dips/Condiments,United States,30072940814130,30072940814130,0,128,47,CHILD_NUTRITION_FOOD_PROGRAMS|FOOD_SERVICE|GROCERY,2025-07-24,2025-05-07,,UNKNOWN,https://fdc.nal.usda.gov/fdc-app.html#/food-details/2737999/nutrients
USDA-FDC-2738001,"Huy Fong Sriracha Hot Chili Sauce Ketchup, 20 oz Bottle - Case of 6","Red Gold, Inc.",Sauces/Spreads/Dips/Condiments,United States,30072940112076,30072940112076,0,17,88,CHILD_NUTRITION_FOOD_PROGRAMS|FOOD_SERVICE|GROCERY,2025-07-24,2025-06-18,,UNKNOWN,https://fdc.nal.usda.gov/fdc-app.html#/food-details/2738001/nutrients
USDA-FDC-2738002,"Red Gold Ketchup, 3 Gallon - Case of 1","Red Gold, Inc.",Sauces/Spreads/Dips/Condiments,United States,60072940115603,60072940115603,0,17,118,CHILD_NUTRITION_FOOD_PROGRAMS|FOOD_SERVICE|GROCERY,2025-07-24,2025-06-18,,UNKNOWN,https://fdc.nal.usda.gov/fdc-app.html#/food-details/2738002/nutrients
USDA-FDC-2738003,"Red Gold Ketchup, 1.5 Gallon Pouch - Case of 2","Red Gold, Inc.",Sauces/Spreads/Dips/Condiments,United States,60072940115634,60072940115634,0,17,118,CHILD_NUTRITION_FOOD_PROGRAMS|FOOD_SERVICE|GROCERY,2025-07-24,2025-06-18,,UNKNOWN,https://fdc.nal.usda.gov/fdc-app.html#/food-details/2738003/nutrients
USDA-FDC-2738031,"Red Gold Low Sodium Sugar Ketchup, 3 Gallon Bag in Box - Case of 1","Red Gold, Inc.",Sauces/Spreads/Dips/Condiments,United States,60072940115771,60072940115771,0,17,88,CHILD_NUTRITION_FOOD_PROGRAMS|FOOD_SERVICE|GROCERY,2025-07-24,2025-06-18,,UNKNOWN,https://fdc.nal.usda.gov/fdc-app.html#/food-details/2738031/nutrients
USDA-FDC-2738032,"Red Gold Ketchup, 9 gram Packet - Case of 1000","Red Gold, Inc.",Sauces/Spreads/Dips/Condiments,United States,60072940115818,60072940115818,0,9,111,CHILD_NUTRITION_FOOD_PROGRAMS|FOOD_SERVICE|GROCERY,2025-07-24,2025-06-18,,UNKNOWN,https://fdc.nal.usda.gov/fdc-app.html#/food-details/2738032/nutrients
USDA-FDC-2738033,"Red Gold Ketchup with Sugar, 9g Packet - Case of 1000","Red Gold, Inc.",Sauces/Spreads/Dips/Condiments,United States,60072940115955,60072940115955,0,9,111,CHILD_NUTRITION_FOOD_PROGRAMS|FOOD_SERVICE|GROCERY,2025-07-24,2025-06-18,,UNKNOWN,https://fdc.nal.usda.gov/fdc-app.html#/food-details/2738033/nutrients
USDA-FDC-2738035,"Huy Fong Hot Chili Sauce Sriracha Packets, 7 gram Packets - CS of 500","Red Gold, Inc.",Sauces/Spreads/Dips/Condiments,United States,60072940997094,60072940997094,0,7,71,CHILD_NUTRITION_FOOD_PROGRAMS|FOOD_SERVICE|GROCERY,2025-07-24,2025-06-18,,UNKNOWN,https://fdc.nal.usda.gov/fdc-app.html#/food-details/2738035/nutrients
USDA-FDC-2738037,"Red Gold Ketchup with Natural Sugar, 3 Gal Bag in Box- Case of 1","Red Gold, Inc.",Sauces/Spreads/Dips/Condiments,United States,80072940001139,80072940001139,0,17,88,CHILD_NUTRITION_FOOD_PROGRAMS|FOOD_SERVICE|GROCERY,2025-07-24,2025-06-18,,UNKNOWN,https://fdc.nal.usda.gov/fdc-app.html#/food-details/2738037/nutrients
USDA-FDC-2738038,"Red Gold Whole Peeled Tomatoes, 102oz Can - CS of 6","Red Gold, Inc.",Vegetables - Prepared/Processed,United States,80072940110015,80072940110015,0,121,21,CHILD_NUTRITION_FOOD_PROGRAMS|FOOD_SERVICE|GROCERY,2025-07-24,2025-06-18,,UNKNOWN,https://fdc.nal.usda.gov/fdc-app.html#/food-details/2738038/nutrients
USDA-FDC-2738039,"Red Gold Marinara Sauce, 1oz Dip Cup - Case of 250","Red Gold, Inc.",Sauces/Spreads/Dips/Condiments,United States,80072940111357,80072940111357,0,28,54,CHILD_NUTRITION_FOOD_PROGRAMS|FOOD_SERVICE|GROCERY,2025-07-24,2025-06-18,,UNKNOWN,https://fdc.nal.usda.gov/fdc-app.html#/food-details/2738039/nutrients
USDA-FDC-2738040,"Red Gold Mild Salsa, 3oz Dip Cup - Case of 84","Red Gold, Inc.",Sauces/Spreads/Dips/Condiments,United States,80072940111395,80072940111395,0,29,34,CHILD_NUTRITION_FOOD_PROGRAMS|FOOD_SERVICE|GROCERY,2025-07-24,2025-07-01,,UNKNOWN,https://fdc.nal.usda.gov/fdc-app.html#/food-details/2738040/nutrients
USDA-FDC-2738041,"Red Gold Ketchup, 1oz Dip Cups - Case of 250","Red Gold, Inc.",Sauces/Spreads/Dips/Condiments,United States,80072940115799,80072940115799,0,28,89,CHILD_NUTRITION_FOOD_PROGRAMS|FOOD_SERVICE|GROCERY,2025-07-24,2025-06-18,,UNKNOWN,https://fdc.nal.usda.gov/fdc-app.html#/food-details/2738041/nutrients
USDA-FDC-2738044,"Red Gold Ketchup, 9 gram Packet - Case of 1500","Red Gold, Inc.",Sauces/Spreads/Dips/Condiments,United States,80072940748331,80072940748331,0,9,111,CHILD_NUTRITION_FOOD_PROGRAMS|FOOD_SERVICE|GROCERY,2025-07-24,2025-06-18,,UNKNOWN,https://fdc.nal.usda.gov/fdc-app.html#/food-details/2738044/nutrients
USDA-FDC-2738045,"Red Gold Ketchup, 1oz Dip Cups - CS of 250","Red Gold, Inc.",Sauces/Spreads/Dips/Condiments,United States,80072940749543,80072940749543,0,28,125,CHILD_NUTRITION_FOOD_PROGRAMS|FOOD_SERVICE|GROCERY,2025-07-24,2025-06-18,,UNKNOWN,https://fdc.nal.usda.gov/fdc-app.html#/food-details/2738045/nutrients
USDA-FDC-2738055,"Red Gold Ketchup with Natural Sugar Low Sodium, 112.5oz Tub - Case of 6","Red Gold, Inc.",Sauces/Spreads/Dips/Condiments,United States,80072940747372,80072940747372,0,17,88,CHILD_NUTRITION_FOOD_PROGRAMS|FOOD_SERVICE|GROCERY,2025-07-24,2025-06-18,,UNKNOWN,https://fdc.nal.usda.gov/fdc-app.html#/food-details/2738055/nutrients
USDA-FDC-2738336,"Red Gold Organic Ketchup, 20oz Bottle - Case of 12","Red Gold, Inc.",Sauces/Spreads/Dips/Condiments,United States,10072940111204,10072940111204,0,17,88,CHILD_NUTRITION_FOOD_PROGRAMS|FOOD_SERVICE|GROCERY,2025-07-24,2025-06-18,,UNKNOWN,https://fdc.nal.usda.gov/fdc-app.html#/food-details/2738336/nutrients
USDA-FDC-2738337,"Red Gold Diced Tomatoes with Green Chilies, 28oz Can - CS of 12","Red Gold, Inc.",Vegetables - Prepared/Processed,United States,10072940113239,10072940113239,0,121,17,CHILD_NUTRITION_FOOD_PROGRAMS|FOOD_SERVICE|GROCERY,2025-07-24,2025-06-18,,UNKNOWN,https://fdc.nal.usda.gov/fdc-app.html#/food-details/2738337/nutrients
USDA-FDC-2738338,Sacramento Bloody Mary Mix 46oz - CS of 12,"Red Gold, Inc.",Non Alcoholic Beverages - Ready to Drink,United States,10072940762017,10072940762017,0,240,33,CHILD_NUTRITION_FOOD_PROGRAMS|FOOD_SERVICE|GROCERY,2025-07-24,2025-06-18,,UNKNOWN,https://fdc.nal.usda.gov/fdc-app.html#/food-details/2738338/nutrients
USDA-FDC-2738394,Bush's Vegetarian Baked Beans 12-16 oz,Bush Brothers & Company,Vegetables - Prepared/Processed,United States,10039400016349,10039400016349,0,130,108,CHILD_NUTRITION_FOOD_PROGRAMS|GROCERY,2025-07-24,2025-07-04,,UNKNOWN,https://fdc.nal.usda.gov/fdc-app.html#/food-details/2738394/nutrients
USDA-FDC-2738398,Bush's Homestyle Baked Beans 6-55 oz,Bush Brothers & Company,Vegetables - Prepared/Processed,United States,10039400016493,10039400016493,0,130,115,CHILD_NUTRITION_FOOD_PROGRAMS|FOOD_SERVICE|GROCERY,2025-07-24,2025-07-04,,UNKNOWN,https://fdc.nal.usda.gov/fdc-app.html#/food-details/2738398/nutrients
USDA-FDC-2738400,Bush's Pinto Beans in a Mild Chili Sauce 12-16 oz,Bush Brothers & Company,Vegetables - Prepared/Processed,United States,10039400016837,10039400016837,0,130,85,CHILD_NUTRITION_FOOD_PROGRAMS|GROCERY,2025-07-24,2025-07-04,,UNKNOWN,https://fdc.nal.usda.gov/fdc-app.html#/food-details/2738400/nutrients
USDA-FDC-2738401,Bush's Pinto Beans in a Medium Chili Sauce 12-16 oz,Bush Brothers & Company,Vegetables - Prepared/Processed,United States,10039400016844,10039400016844,0,130,85,CHILD_NUTRITION_FOOD_PROGRAMS|GROCERY,2025-07-24,2025-07-04,,UNKNOWN,https://fdc.nal.usda.gov/fdc-app.html#/food-details/2738401/nutrients
USDA-FDC-2738402,Bush's Pinto Beans in a Hot Chili Sauce 12-16 oz,Bush Brothers & Company,Vegetables - Prepared/Processed,United States,10039400016851,10039400016851,0,130,85,CHILD_NUTRITION_FOOD_PROGRAMS|GROCERY,2025-07-24,2025-07-04,,UNKNOWN,https://fdc.nal.usda.gov/fdc-app.html#/food-details/2738402/nutrients
USDA-FDC-2738405,Bush's Red Beans in a Medium Chili Sauce 12-16 oz,Bush Brothers & Company,Vegetables - Prepared/Processed,United States,10039400016899,10039400016899,0,130,92,CHILD_NUTRITION_FOOD_PROGRAMS|GROCERY,2025-07-24,2025-07-04,,UNKNOWN,https://fdc.nal.usda.gov/fdc-app.html#/food-details/2738405/nutrients
USDA-FDC-2738406,Bush's Red Beans in a Hot Chili Sauce 12-16 oz,Bush Brothers & Company,Vegetables - Prepared/Processed,United States,10039400016912,10039400016912,0,130,92,CHILD_NUTRITION_FOOD_PROGRAMS|GROCERY,2025-07-24,2025-07-04,,UNKNOWN,https://fdc.nal.usda.gov/fdc-app.html#/food-details/2738406/nutrients
USDA-FDC-2738408,Bush's Red Beans in a Mild Chili Sauce 12-27 oz,Bush Brothers & Company,Vegetables - Prepared/Processed,United States,10039400016998,10039400016998,0,130,92,CHILD_NUTRITION_FOOD_PROGRAMS|GROCERY,2025-07-24,2025-07-04,,UNKNOWN,https://fdc.nal.usda.gov/fdc-app.html#/food-details/2738408/nutrients
USDA-FDC-2738414,Bush's Mixed Kidney & Pinto Beans in a Mild Chili Sauce 12-15.5 oz,Bush Brothers & Company,Vegetables - Prepared/Processed,United States,10039400015045,10039400015045,0,130,92,CHILD_NUTRITION_FOOD_PROGRAMS|GROCERY,2025-07-24,2025-07-04,,UNKNOWN,https://fdc.nal.usda.gov/fdc-app.html#/food-details/2738414/nutrients
USDA-FDC-2738433,Bush's Kidney Beans in a Spicy Chili Sauce 12-16 oz,Bush Brothers & Company,Vegetables - Prepared/Processed,United States,10039400010460,10039400010460,0,130,92,CHILD_NUTRITION_FOOD_PROGRAMS|GROCERY,2025-07-24,2025-07-04,,UNKNOWN,https://fdc.nal.usda.gov/fdc-app.html#/food-details/2738433/nutrients
USDA-FDC-2738438,Bush's Kidney Beans in a Mild Chili Sauce 12-16 oz,Bush Brothers & Company,Vegetables - Prepared/Processed,United States,10039400015038,10039400015038,0,130,92,CHILD_NUTRITION_FOOD_PROGRAMS|GROCERY,2025-07-24,2025-07-04,,UNKNOWN,https://fdc.nal.usda.gov/fdc-app.html#/food-details/2738438/nutrients
USDA-FDC-2738441,Bush's Organic Dark Red Kidney Beans 12-15 oz,Bush Brothers & Company,Vegetables - Prepared/Processed,United States,10039400017315,10039400017315,0,130,92,CHILD_NUTRITION_FOOD_PROGRAMS|GROCERY,2025-07-24,2025-07-04,,UNKNOWN,https://fdc.nal.usda.gov/fdc-app.html#/food-details/2738441/nutrients
USDA-FDC-2738449,Dubon Petit Pois Green Pea 12-15 oz,Bush Brothers & Company,Vegetables - Prepared/Processed,United States,10039400202704,10039400202704,0,130,46,CHILD_NUTRITION_FOOD_PROGRAMS|GROCERY,2025-07-24,2025-07-04,,UNKNOWN,https://fdc.nal.usda.gov/fdc-app.html#/food-details/2738449/nutrients
USDA-FDC-2738477,Bush's Reduced Sodium Cannellini Beans 12-15.5 oz,Bush Brothers & Company,Vegetables - Prepared/Processed,United States,10039400018725,10039400018725,0,130,85,CHILD_NUTRITION_FOOD_PROGRAMS|GROCERY,2025-07-24,2025-07-04,,UNKNOWN,https://fdc.nal.usda.gov/fdc-app.html#/food-details/2738477/nutrients
USDA-FDC-2738479,Bush's Seasoned Recipe Black Beans 12-15 oz,Bush Brothers & Company,Vegetables - Prepared/Processed,United States,10039400018879,10039400018879,0,130,92,CHILD_NUTRITION_FOOD_PROGRAMS|GROCERY,2025-07-24,2025-07-04,,UNKNOWN,https://fdc.nal.usda.gov/fdc-app.html#/food-details/2738479/nutrients
USDA-FDC-2738481,Bush's Dark Red Kidney Beans 12-16 oz,Bush Brothers & Company,Vegetables - Prepared/Processed,United States,10039400017353,10039400017353,0,130,92,CHILD_NUTRITION_FOOD_PROGRAMS|GROCERY,2025-07-24,2025-07-04,,UNKNOWN,https://fdc.nal.usda.gov/fdc-app.html#/food-details/2738481/nutrients
USDA-FDC-2738485,Bush's Steakhouse Recipe Grillin' Beans 12-22 oz,Bush Brothers & Company,Vegetables - Prepared/Processed,United States,10039400019166,10039400019166,0,130,146,CHILD_NUTRITION_FOOD_PROGRAMS|GROCERY,2025-07-24,2025-07-04,,UNKNOWN,https://fdc.nal.usda.gov/fdc-app.html#/food-details/2738485/nutrients
USDA-FDC-2738910,Kashi Chewy Bars Trail Mix 7.4oz,Kellogg Company US,Processed Cereal Products,United States,018627030003,00018627030003,0,35,371,CONVENIENCE|DRUG|FOOD_SERVICE|GROCERY|MILITARY|ONLINE|VENDING,2025-07-24,2025-06-05,,UNKNOWN,https://fdc.nal.usda.gov/fdc-app.html#/food-details/2738910/nutrients
USDA-FDC-2738912,Kashi Chewy Bars Trail Mix 1.2oz,Kellogg Company US,Processed Cereal Products,United States,018627032007,00018627032007,0,35,371,CONVENIENCE|FOOD_SERVICE|GROCERY|ONLINE,2025-07-24,2025-06-25,,UNKNOWN,https://fdc.nal.usda.gov/fdc-app.html#/food-details/2738912/nutrients
USDA-FDC-2738915,Kashi Chewy Bars Trail Mix 14.4oz,Kellogg Company US,Processed Cereal Products,United States,018627379485,00018627379485,0,35,371,CONVENIENCE|FOOD_SERVICE|GROCERY|ONLINE,2025-07-24,2025-06-18,,UNKNOWN,https://fdc.nal.usda.gov/fdc-app.html#/food-details/2738915/nutrients
USDA-FDC-2739374,Kellogg's Pop-Tarts Frosted Strawberry Bites 14.1oz,Kellogg Company US,Sweet Bakery Products,United States,038000203084,00038000203084,0,40,375,GROCERY|ONLINE,2025-07-24,2025-06-05,,UNKNOWN,https://fdc.nal.usda.gov/fdc-app.html#/food-details/2739374/nutrients
USDA-FDC-2739375,Kellogg's Pop-Tarts Frosted Brown Sugar Cinnamon Bites 1.4oz,Kellogg Company US,Sweet Bakery Products,United States,038000203992,00038000203992,0,40,375,GROCERY|ONLINE,2025-07-24,2025-06-05,,UNKNOWN,https://fdc.nal.usda.gov/fdc-app.html#/food-details/2739375/nutrients
USDA-FDC-2739376,Kellogg's Pop-Tarts Frosted Strawberry Bites 1.4oz,Kellogg Company US,Sweet Bakery Products,United States,038000204005,00038000204005,0,40,375,GROCERY|ONLINE,2025-07-24,2025-06-05,,UNKNOWN,https://fdc.nal.usda.gov/fdc-app.html#/food-details/2739376/nutrients
USDA-FDC-2739380,Kellogg's Rice Krispies Treats Squares Original 6.2oz,Kellogg Company US,Processed Cereal Products,United States,038000265006,00038000265006,0,22,409,CONVENIENCE|DRUG|FOOD_SERVICE|GROCERY|MASS_MERCHANDISING|ONLINE,2025-07-24,2025-06-25,,UNKNOWN,https://fdc.nal.usda.gov/fdc-app.html#/food-details/2739380/nutrients
USDA-FDC-2739381,Kellogg's Rice Krispies Treats Squares Original .78oz,Kellogg Company US,Processed Cereal Products,United States,038000265013,00038000265013,0,22,409,CONVENIENCE|DRUG|FOOD_SERVICE|GROCERY|MASS_MERCHANDISING|MILITARY|ONLINE|VENDING,2025-07-24,2025-06-16,,UNKNOWN,https://fdc.nal.usda.gov/fdc-app.html#/food-details/2739381/nutrients
USDA-FDC-2739385,Kellogg's Pop-Tarts Frosted Blueberry 3.3oz,Kellogg Company US,Sweet Bakery Products,United States,038000310317,00038000310317,0,96,385,CONVENIENCE|DRUG|FOOD_SERVICE|GROCERY|MILITARY|ONLINE|VENDING,2025-07-24,2025-05-13,,UNKNOWN,https://fdc.nal.usda.gov/fdc-app.html#/food-details/2739385/nutrients
USDA-FDC-2739389,Kellogg's Rice Krispies Treats Squares Original 12.4oz,Kellogg Company US,Processed Cereal Products,United States,038000350559,00038000350559,0,22,409,CONVENIENCE|DRUG|FOOD_SERVICE|GROCERY|MASS_MERCHANDISING|ONLINE,2025-07-24,2025-07-01,,UNKNOWN,https://fdc.nal.usda.gov/fdc-app.html#/food-details/2739389/nutrients
USDA-FDC-2739407,Kellogg's Special K Cereal Bars Brown Sugar Cinnamon 5.28oz,Kellogg Company US,Processed Cereal Products,United States,038000167713,00038000167713,0,25,400,GROCERY|ONLINE,2025-07-24,2025-06-12,,UNKNOWN,https://fdc.nal.usda.gov/fdc-app.html#/food-details/2739407/nutrients
USDA-FDC-2739418,Pringles Crisps Scorchin' Chili & Lime 5.5oz,Kellogg Company US,Snacks,United States,038000180606,00038000180606,0,28,536,CONVENIENCE|FOOD_SERVICE|GROCERY|ONLINE,2025-07-24,2025-05-12,,UNKNOWN,https://fdc.nal.usda.gov/fdc-app.html#/food-details/2739418/nutrients
USDA-FDC-2739448,LIBBY'S 100% Pure Pumpkin 15 oz. Can,Société des Produits Nestlé S.A.,Baking/Cooking Mixes/Supplies,United States,039000045049,00039000045049,0,122,37,GROCERY,2025-07-24,2025-06-10,,UNKNOWN,https://fdc.nal.usda.gov/fdc-app.html#/food-details/2739448/nutrients
USDA-FDC-2739449,LIBBY'S Organic Pumpkin Bisphenol A Non-Intent 15 Ouce Cans,Société des Produits Nestlé S.A.,Baking/Cooking Mixes/Supplies,United States,039000604840,00039000604840,0,122,37,GROCERY,2025-07-24,2025-06-15,,UNKNOWN,https://fdc.nal.usda.gov/fdc-app.html#/food-details/2739449/nutrients
USDA-FDC-2739450,Bush's Kidney Beans in a Spicy Chili Sauce 16 oz,Bush Brothers & Company,Vegetables - Prepared/Processed,United States,039400010463,00039400010463,0,130,92,CHILD_NUTRITION_FOOD_PROGRAMS|GROCERY,2025-07-24,2025-07-04,,UNKNOWN,https://fdc.nal.usda.gov/fdc-app.html#/food-details/2739450/nutrients
USDA-FDC-2739458,Kellogg's Nutri-Grain Cereal Bars Strawberry 10.4oz,Kellogg Company US,Processed Cereal Products,United States,038000359002,00038000359002,0,37,351,CONVENIENCE|DRUG|FOOD_SERVICE|GROCERY|MASS_MERCHANDISING|MILITARY|ONLINE|VENDING,2025-07-24,2025-06-02,,UNKNOWN,https://fdc.nal.usda.gov/fdc-app.html#/food-details/2739458/nutrients
USDA-FDC-2739467,Kellogg's Pop-Tarts Hot Fudge Sundae 13.5oz,Kellogg Company US,Sweet Bakery Products,United States,038000500381,00038000500381,0,96,385,CONVENIENCE|DRUG|FOOD_SERVICE|GROCERY|MILITARY|ONLINE,2025-07-24,2025-05-13,,UNKNOWN,https://fdc.nal.usda.gov/fdc-app.html#/food-details/2739467/nutrients
USDA-FDC-2739479,Kellogg's Pop-Tarts Hot Fudge Sundae 3.3oz,Kellogg Company US,Sweet Bakery Products,United States,038000504716,00038000504716,0,96,385,CONVENIENCE|FOOD_SERVICE|GROCERY|ONLINE|VENDING,2025-07-24,2025-05-13,,UNKNOWN,https://fdc.nal.usda.gov/fdc-app.html#/food-details/2739479/nutrients
USDA-FDC-2739510,Kellogg's Toasted Crackers Butter Crisp 8oz,Kellogg Company US,Biscuits/Cookies,United States,030100322924,00030100322924,0,16,500,GROCERY|ONLINE,2025-07-24,2025-06-05,,UNKNOWN,https://fdc.nal.usda.gov/fdc-app.html#/food-details/2739510/nutrients
USDA-FDC-2739512,Kellogg's Klg Cracker Packs Cheese & Peanut Butter 11oz,Kellogg Company US,Biscuits/Cookies,United States,030100473244,00030100473244,0,39,487,FOOD_SERVICE|GROCERY|ONLINE,2025-07-24,2025-05-12,,UNKNOWN,https://fdc.nal.usda.gov/fdc-app.html#/food-details/2739512/nutrients
USDA-FDC-2739519,Kellogg's Klg Cracker Packs Cheese & Peanut Butter 1.38oz,Kellogg Company US,Biscuits/Cookies,United States,030100545378,00030100545378,0,39,487,FOOD_SERVICE|GROCERY|ONLINE,2025-07-24,2025-05-13,,UNKNOWN,https://fdc.nal.usda.gov/fdc-app.html#/food-details/2739519/nutrients
USDA-FDC-2739540,Kellogg's Rice Krispies Treats Squares Original 31.2oz,Kellogg Company US,Processed Cereal Products,United States,038000077814,00038000077814,0,22,409,GROCERY|ONLINE,2025-07-24,2025-07-02,,UNKNOWN,https://fdc.nal.usda.gov/fdc-app.html#/food-details/2739540/nutrients
USDA-FDC-2739552,Kellogg's Rice Krispies Treats Squares Original Halloween 23.2oz,Kellogg Company US,Processed Cereal Products,United States,038000121746,00038000121746,0,11,409,FOOD_SERVICE|GROCERY|MASS_MERCHANDISING|ONLINE,2025-07-24,2025-07-01,,UNKNOWN,https://fdc.nal.usda.gov/fdc-app.html#/food-details/2739552/nutrients
USDA-FDC-2739553,Kellogg's Rice Krispies Treats Squares Original Halloween .39oz,Kellogg Company US,Processed Cereal Products,United States,038000121753,00038000121753,0,11,409,FOOD_SERVICE|GROCERY|MASS_MERCHANDISING|ONLINE,2025-07-24,2025-07-01,,UNKNOWN,https://fdc.nal.usda.gov/fdc-app.html#/food-details/2739553/nutrients
USDA-FDC-2739555,Kellogg's Special K Cereal Bars Cranberry Almond 1.16oz,Kellogg Company US,Processed Cereal Products,United States,038000129353,00038000129353,0,33,424,GROCERY|ONLINE,2025-07-24,2025-06-05,,UNKNOWN,https://fdc.nal.usda.gov/fdc-app.html#/food-details/2739555/nutrients
USDA-FDC-2739588,Kellogg's Rice Krispies Treats Squares Original 32oz,Kellogg Company US,Processed Cereal Products,United States,038000000317,00038000000317,0,38,421,CONVENIENCE|FOOD_SERVICE|GROCERY|ONLINE,2025-07-24,2025-05-12,,UNKNOWN,https://fdc.nal.usda.gov/fdc-app.html#/food-details/2739588/nutrients
USDA-FDC-2739591,Bush's Barbecue Baked Beans 16 oz,Bush Brothers & Company,Vegetables - Prepared/Processed,United States,039400012016,00039400012016,0,130,115,CHILD_NUTRITION_FOOD_PROGRAMS|GROCERY,2025-07-24,2025-07-04,,UNKNOWN,https://fdc.nal.usda.gov/fdc-app.html#/food-details/2739591/nutrients
USDA-FDC-2739647,"HOT POCKETS Applewood Bacon, Egg and Cheese Frozen Sandwiches 5-Count Box",Société des Produits Nestlé S.A.,Sandwiches/Filled Rolls/Wraps,United States,043695211146,00043695211146,0,120,250,GROCERY,2025-07-24,2025-06-06,,UNKNOWN,https://fdc.nal.usda.gov/fdc-app.html#/food-details/2739647/nutrients
USDA-FDC-2739671,"HOT POCKETS Sausage, Egg & Cheese Frozen Sandwiches 5-Count Box",Société des Produits Nestlé S.A.,Sandwiches/Filled Rolls/Wraps,United States,043695062021,00043695062021,0,120,233,GROCERY,2025-07-24,2025-06-06,,UNKNOWN,https://fdc.nal.usda.gov/fdc-app.html#/food-details/2739671/nutrients
USDA-FDC-2739672,"HOT POCKETS Bacon, Egg and Cheese Frozen Sandwiches 2-Count Box",Société des Produits Nestlé S.A.,Sandwiches/Filled Rolls/Wraps,United States,043695062007,00043695062007,0,120,250,GROCERY,2025-07-24,2025-06-06,,UNKNOWN,https://fdc.nal.usda.gov/fdc-app.html#/food-details/2739672/nutrients
USDA-FDC-2739696,"Country Time Lemonade Ready to Drink Flavored Drink Pouches, 40 ct Pack, 4 Boxes of 10 Drink Pouches",Kraft Foods Inc.,Non Alcoholic Beverages - Ready to Drink,United States,043000093047,00043000093047,0,359.660461426,42,GROCERY,2025-07-24,2025-06-20,,UNKNOWN,https://fdc.nal.usda.gov/fdc-app.html#/food-details/2739696/nutrients
USDA-FDC-2739702,Bush's Golden Hominy 30 oz,Bush Brothers & Company,Vegetables - Prepared/Processed,United States,039400017165,00039400017165,0,130,85,CHILD_NUTRITION_FOOD_PROGRAMS|GROCERY,2025-07-24,2025-07-04,,UNKNOWN,https://fdc.nal.usda.gov/fdc-app.html#/food-details/2739702/nutrients
USDA-FDC-2739703,Bush's Organic Dark Red Kidney Beans 15 oz,Bush Brothers & Company,Vegetables - Prepared/Processed,United States,039400017318,00039400017318,0,130,92,CHILD_NUTRITION_FOOD_PROGRAMS|GROCERY,2025-07-24,2025-07-04,,UNKNOWN,https://fdc.nal.usda.gov/fdc-app.html#/food-details/2739703/nutrients
USDA-FDC-2739704,Bush's Dark Red Kidney Beans 16 oz,Bush Brothers & Company,Vegetables - Prepared/Processed,United States,039400017349,00039400017349,0,130,92,CHILD_NUTRITION_FOOD_PROGRAMS|GROCERY,2025-07-24,2025-07-04,,UNKNOWN,https://fdc.nal.usda.gov/fdc-app.html#/food-details/2739704/nutrients
USDA-FDC-2739705,Bush's Dark Red Kidney Beans 27 oz,Bush Brothers & Company,Vegetables - Prepared/Processed,United States,039400017400,00039400017400,0,130,100,CHILD_NUTRITION_FOOD_PROGRAMS|GROCERY,2025-07-24,2025-07-04,,UNKNOWN,https://fdc.nal.usda.gov/fdc-app.html#/food-details/2739705/nutrients
USDA-FDC-2739706,Bush's Pinto Beans with Jalapenos 16 oz,Bush Brothers & Company,Vegetables - Prepared/Processed,United States,039400018049,00039400018049,0,130,77,CHILD_NUTRITION_FOOD_PROGRAMS|GROCERY,2025-07-24,2025-07-04,,UNKNOWN,https://fdc.nal.usda.gov/fdc-app.html#/food-details/2739706/nutrients
USDA-FDC-2739707,Bush's Organic Pinto Beans 15 oz,Bush Brothers & Company,Vegetables - Prepared/Processed,United States,039400018056,00039400018056,0,130,77,CHILD_NUTRITION_FOOD_PROGRAMS|GROCERY,2025-07-24,2025-07-04,,UNKNOWN,https://fdc.nal.usda.gov/fdc-app.html#/food-details/2739707/nutrients
USDA-FDC-2739708,Bush's Reduced Sodium Pinto Beans 16 oz,Bush Brothers & Company,Vegetables - Prepared/Processed,United States,039400018070,00039400018070,0,130,69,CHILD_NUTRITION_FOOD_PROGRAMS|GROCERY,2025-07-24,2025-07-04,,UNKNOWN,https://fdc.nal.usda.gov/fdc-app.html#/food-details/2739708/nutrients
USDA-FDC-2739709,Bush's Pinto Beans 27 oz,Bush Brothers & Company,Vegetables - Prepared/Processed,United States,039400018148,00039400018148,0,130,77,CHILD_NUTRITION_FOOD_PROGRAMS|GROCERY,2025-07-24,2025-07-04,,UNKNOWN,https://fdc.nal.usda.gov/fdc-app.html#/food-details/2739709/nutrients
USDA-FDC-2739710,Bush's Pinto Beans 41 oz,Bush Brothers & Company,Vegetables - Prepared/Processed,United States,039400018162,00039400018162,0,130,77,CHILD_NUTRITION_FOOD_PROGRAMS|GROCERY,2025-07-24,2025-07-04,,UNKNOWN,https://fdc.nal.usda.gov/fdc-app.html#/food-details/2739710/nutrients
USDA-FDC-2739711,Bush's Pinto Beans with Bacon 15.5 oz,Bush Brothers & Company,Vegetables - Prepared/Processed,United States,039400018216,00039400018216,0,130,77,CHILD_NUTRITION_FOOD_PROGRAMS|GROCERY,2025-07-24,2025-07-04,,UNKNOWN,https://fdc.nal.usda.gov/fdc-app.html#/food-details/2739711/nutrients
USDA-FDC-2739712,Bush's Red Beans 16 oz,Bush Brothers & Company,Vegetables - Prepared/Processed,United States,039400018643,00039400018643,0,130,85,CHILD_NUTRITION_FOOD_PROGRAMS|GROCERY,2025-07-24,2025-07-04,,UNKNOWN,https://fdc.nal.usda.gov/fdc-app.html#/food-details/2739712/nutrients
USDA-FDC-2739713,Bush's Reduced Sodium Cannellini Beans 15.5 oz,Bush Brothers & Company,Vegetables - Prepared/Processed,United States,039400018728,00039400018728,0,130,85,CHILD_NUTRITION_FOOD_PROGRAMS|GROCERY,2025-07-24,2025-07-04,,UNKNOWN,https://fdc.nal.usda.gov/fdc-app.html#/food-details/2739713/nutrients
USDA-FDC-2739714,Bush's Organic Black Beans 15 oz,Bush Brothers & Company,Vegetables - Prepared/Processed,United States,039400018780,00039400018780,0,130,92,CHILD_NUTRITION_FOOD_PROGRAMS|GROCERY,2025-07-24,2025-07-04,,UNKNOWN,https://fdc.nal.usda.gov/fdc-app.html#/food-details/2739714/nutrients
USDA-FDC-2739715,Bush's Reduced Sodium Black Beans 15 oz,Bush Brothers & Company,Vegetables - Prepared/Processed,United States,039400018834,00039400018834,0,130,92,CHILD_NUTRITION_FOOD_PROGRAMS|GROCERY,2025-07-24,2025-07-04,,UNKNOWN,https://fdc.nal.usda.gov/fdc-app.html#/food-details/2739715/nutrients
USDA-FDC-2739716,Bush's Seasoned Recipe Black Beans 15 oz,Bush Brothers & Company,Vegetables - Prepared/Processed,United States,039400018841,00039400018841,0,130,92,CHILD_NUTRITION_FOOD_PROGRAMS|GROCERY,2025-07-24,2025-07-04,,UNKNOWN,https://fdc.nal.usda.gov/fdc-app.html#/food-details/2739716/nutrients
USDA-FDC-2739719,Bushs Campfire Style Chili Magic Chili Starter 15.5 oz,Bush Brothers & Company,Vegetable Based Products / Meals,United States,039400019022,00039400019022,0,130,85,CHILD_NUTRITION_FOOD_PROGRAMS|GROCERY,2025-07-24,2025-07-04,,UNKNOWN,https://fdc.nal.usda.gov/fdc-app.html#/food-details/2739719/nutrients
USDA-FDC-2739721,Bush's Bourbon and Brown Sugar Grillin' Beans 22 oz,Bush Brothers & Company,Vegetables - Prepared/Processed,United States,039400019107,00039400019107,0,130,131,CHILD_NUTRITION_FOOD_PROGRAMS|GROCERY,2025-07-24,2025-07-04,,UNKNOWN,https://fdc.nal.usda.gov/fdc-app.html#/food-details/2739721/nutrients
USDA-FDC-2739722,Bush's Smokehouse Tradition Grillin' Beans 22 oz,Bush Brothers & Company,Vegetables - Prepared/Processed,United States,039400019121,00039400019121,0,130,131,CHILD_NUTRITION_FOOD_PROGRAMS|GROCERY,2025-07-24,2025-07-04,,UNKNOWN,https://fdc.nal.usda.gov/fdc-app.html#/food-details/2739722/nutrients
USDA-FDC-2739723,Bush's Southern Pit Barbecue Grillin' Beans 22 oz,Bush Brothers & Company,Vegetables - Prepared/Processed,United States,039400019145,00039400019145,0,130,131,CHILD_NUTRITION_FOOD_PROGRAMS|GROCERY,2025-07-24,2025-07-04,,UNKNOWN,https://fdc.nal.usda.gov/fdc-app.html#/food-details/2739723/nutrients
USDA-FDC-2739724,Bush's Steakhouse Recipe Grillin' Beans 22 oz,Bush Brothers & Company,Vegetables - Prepared/Processed,United States,039400019169,00039400019169,0,130,146,CHILD_NUTRITION_FOOD_PROGRAMS|GROCERY,2025-07-24,2025-07-04,,UNKNOWN,https://fdc.nal.usda.gov/fdc-app.html#/food-details/2739724/nutrients
USDA-FDC-2739725,Bush's Organic Garbanzo Beans 15 oz,Bush Brothers & Company,Vegetables - Prepared/Processed,United States,039400017080,00039400017080,0,130,92,CHILD_NUTRITION_FOOD_PROGRAMS|GROCERY,2025-07-24,2025-07-04,,UNKNOWN,https://fdc.nal.usda.gov/fdc-app.html#/food-details/2739725/nutrients
USDA-FDC-2739727,Bush's Red Beans in a Mild Chili Sauce 27 oz,Bush Brothers & Company,Vegetables - Prepared/Processed,United States,039400016991,00039400016991,0,130,92,CHILD_NUTRITION_FOOD_PROGRAMS|GROCERY,2025-07-24,2025-07-04,,UNKNOWN,https://fdc.nal.usda.gov/fdc-app.html#/food-details/2739727/nutrients
USDA-FDC-2739728,Bush's Red Beans in a Hot Chili Sauce 16 oz,Bush Brothers & Company,Vegetables - Prepared/Processed,United States,039400016984,00039400016984,0,130,92,CHILD_NUTRITION_FOOD_PROGRAMS|GROCERY,2025-07-24,2025-07-04,,UNKNOWN,https://fdc.nal.usda.gov/fdc-app.html#/food-details/2739728/nutrients
USDA-FDC-2739729,Bush's Kidney Beans in a Mild Chili Sauce 16 oz,Bush Brothers & Company,Vegetables - Prepared/Processed,United States,039400015031,00039400015031,0,130,92,CHILD_NUTRITION_FOOD_PROGRAMS|GROCERY,2025-07-24,2025-07-04,,UNKNOWN,https://fdc.nal.usda.gov/fdc-app.html#/food-details/2739729/nutrients
USDA-FDC-2739731,Bush's Homestyle Baked Beans 8.3 oz,Bush Brothers & Company,Vegetables - Prepared/Processed,United States,039400015901,00039400015901,0,235,111,CHILD_NUTRITION_FOOD_PROGRAMS|GROCERY,2025-07-24,2025-07-04,,UNKNOWN,https://fdc.nal.usda.gov/fdc-app.html#/food-details/2739731/nutrients
USDA-FDC-2739732,Bush's Homestyle Baked Beans 16 oz,Bush Brothers & Company,Vegetables - Prepared/Processed,United States,039400015925,00039400015925,0,130,115,CHILD_NUTRITION_FOOD_PROGRAMS|GROCERY,2025-07-24,2025-07-04,,UNKNOWN,https://fdc.nal.usda.gov/fdc-app.html#/food-details/2739732/nutrients
USDA-FDC-2739733,Bush's Homestyle Baked Beans 28 oz,Bush Brothers & Company,Vegetables - Prepared/Processed,United States,039400015949,00039400015949,0,130,115,CHILD_NUTRITION_FOOD_PROGRAMS|GROCERY,2025-07-24,2025-07-04,,UNKNOWN,https://fdc.nal.usda.gov/fdc-app.html#/food-details/2739733/nutrients
USDA-FDC-2739734,Bush's Baked Beans with Onion 16 oz,Bush Brothers & Company,Vegetables - Prepared/Processed,United States,039400016014,00039400016014,0,130,123,CHILD_NUTRITION_FOOD_PROGRAMS|GROCERY,2025-07-24,2025-07-04,,UNKNOWN,https://fdc.nal.usda.gov/fdc-app.html#/food-details/2739734/nutrients
USDA-FDC-2739735,Bush's Baked Beans with Onion 28 oz,Bush Brothers & Company,Vegetables - Prepared/Processed,United States,039400016038,00039400016038,0,130,123,CHILD_NUTRITION_FOOD_PROGRAMS|GROCERY,2025-07-24,2025-07-04,,UNKNOWN,https://fdc.nal.usda.gov/fdc-app.html#/food-details/2739735/nutrients
USDA-FDC-2739736,Bush's Original Baked Beans 8.3 oz,Bush Brothers & Company,Vegetables - Prepared/Processed,United States,039400016069,00039400016069,0,235,115,CHILD_NUTRITION_FOOD_PROGRAMS|GROCERY,2025-07-24,2025-07-04,,UNKNOWN,https://fdc.nal.usda.gov/fdc-app.html#/food-details/2739736/nutrients
USDA-FDC-2739737,Bush's Original Baked Beans 21 oz,Bush Brothers & Company,Vegetables - Prepared/Processed,United States,039400016137,00039400016137,0,130,115,CHILD_NUTRITION_FOOD_PROGRAMS|GROCERY,2025-07-24,2025-07-04,,UNKNOWN,https://fdc.nal.usda.gov/fdc-app.html#/food-details/2739737/nutrients
USDA-FDC-2739739,Bush's Original Baked Beans 55 oz,Bush Brothers & Company,Vegetables - Prepared/Processed,United States,039400016175,00039400016175,0,130,115,CHILD_NUTRITION_FOOD_PROGRAMS|FOOD_SERVICE|GROCERY,2025-07-24,2025-07-04,,UNKNOWN,https://fdc.nal.usda.gov/fdc-app.html#/food-details/2739739/nutrients
USDA-FDC-2739740,Bush's Boston Recipe Baked Beans 16 oz,Bush Brothers & Company,Vegetables - Prepared/Processed,United States,039400019541,00039400019541,0,130,123,CHILD_NUTRITION_FOOD_PROGRAMS|GROCERY,2025-07-24,2025-07-04,,UNKNOWN,https://fdc.nal.usda.gov/fdc-app.html#/food-details/2739740/nutrients
USDA-FDC-2739741,Bush's Homestyle Baked Beans 55 oz,Bush Brothers & Company,Vegetables - Prepared/Processed,United States,039400016298,00039400016298,0,130,115,CHILD_NUTRITION_FOOD_PROGRAMS|FOOD_SERVICE|GROCERY,2025-07-24,2025-07-04,,UNKNOWN,https://fdc.nal.usda.gov/fdc-app.html#/food-details/2739741/nutrients
USDA-FDC-2739742,Bush's Vegetarian Baked Beans 16 oz,Bush Brothers & Company,Vegetables - Prepared/Processed,United States,039400016335,00039400016335,0,130,108,CHILD_NUTRITION_FOOD_PROGRAMS|GROCERY,2025-07-24,2025-07-04,,UNKNOWN,https://fdc.nal.usda.gov/fdc-app.html#/food-details/2739742/nutrients
USDA-FDC-2739743,Bush's Vegetarian Baked Beans 28 oz,Bush Brothers & Company,Vegetables - Prepared/Processed,United States,039400016359,00039400016359,0,130,108,CHILD_NUTRITION_FOOD_PROGRAMS|GROCERY,2025-07-24,2025-07-04,,UNKNOWN,https://fdc.nal.usda.gov/fdc-app.html#/food-details/2739743/nutrients
USDA-FDC-2739745,Bush's Large Butter Beans 16 oz,Bush Brothers & Company,Vegetables - Prepared/Processed,United States,039400016731,00039400016731,0,130,85,CHILD_NUTRITION_FOOD_PROGRAMS|GROCERY,2025-07-24,2025-07-04,,UNKNOWN,https://fdc.nal.usda.gov/fdc-app.html#/food-details/2739745/nutrients
USDA-FDC-2739746,Bush's Pinto Beans in a Medium Chili Sauce 16 oz,Bush Brothers & Company,Vegetables - Prepared/Processed,United States,039400016809,00039400016809,0,130,85,CHILD_NUTRITION_FOOD_PROGRAMS|GROCERY,2025-07-24,2025-07-04,,UNKNOWN,https://fdc.nal.usda.gov/fdc-app.html#/food-details/2739746/nutrients
USDA-FDC-2739747,Bush's Pinto Beans in a Hot Chili Sauce 16 oz,Bush Brothers & Company,Vegetables - Prepared/Processed,United States,039400016816,00039400016816,0,130,85,CHILD_NUTRITION_FOOD_PROGRAMS|GROCERY,2025-07-24,2025-07-04,,UNKNOWN,https://fdc.nal.usda.gov/fdc-app.html#/food-details/2739747/nutrients
USDA-FDC-2739748,Bush's Pinto Beans in a Mild Chili Sauce 27 oz,Bush Brothers & Company,Vegetables - Prepared/Processed,United States,039400016878,00039400016878,0,130,77,CHILD_NUTRITION_FOOD_PROGRAMS|GROCERY,2025-07-24,2025-07-04,,UNKNOWN,https://fdc.nal.usda.gov/fdc-app.html#/food-details/2739748/nutrients
USDA-FDC-2739749,Bush's Pinto Beans in a Mild Chili Sauce 16 oz,Bush Brothers & Company,Vegetables - Prepared/Processed,United States,039400016908,00039400016908,0,130,85,CHILD_NUTRITION_FOOD_PROGRAMS|GROCERY,2025-07-24,2025-07-04,,UNKNOWN,https://fdc.nal.usda.gov/fdc-app.html#/food-details/2739749/nutrients
USDA-FDC-2739751,Bush's Red Beans in a Medium Chili Sauce 16 oz,Bush Brothers & Company,Vegetables - Prepared/Processed,United States,039400016939,00039400016939,0,130,92,CHILD_NUTRITION_FOOD_PROGRAMS|GROCERY,2025-07-24,2025-07-04,,UNKNOWN,https://fdc.nal.usda.gov/fdc-app.html#/food-details/2739751/nutrients
USDA-FDC-2739753,Bush's Vegetarian Baked Beans 8.3 oz,Bush Brothers & Company,Vegetables - Prepared/Processed,United States,039400016304,00039400016304,0,235,111,CHILD_NUTRITION_FOOD_PROGRAMS|GROCERY,2025-07-24,2025-07-04,,UNKNOWN,https://fdc.nal.usda.gov/fdc-app.html#/food-details/2739753/nutrients
USDA-FDC-2739754,Bush's White Chili Beans in a Mild Chili Sauce 15.5 oz,Bush Brothers & Company,Vegetables - Prepared/Processed,United States,039400015017,00039400015017,0,130,85,CHILD_NUTRITION_FOOD_PROGRAMS|GROCERY,2025-07-24,2025-07-04,,UNKNOWN,https://fdc.nal.usda.gov/fdc-app.html#/food-details/2739754/nutrients
USDA-FDC-2739755,Bush's Boston Recipe Baked Beans 28 oz,Bush Brothers & Company,Vegetables - Prepared/Processed,United States,039400019565,00039400019565,0,130,123,CHILD_NUTRITION_FOOD_PROGRAMS|GROCERY,2025-07-24,2025-07-04,,UNKNOWN,https://fdc.nal.usda.gov/fdc-app.html#/food-details/2739755/nutrients
USDA-FDC-2739756,Bush's Maple & Cured Bacon Baked Beans 28 oz,Bush Brothers & Company,Vegetables - Prepared/Processed,United States,039400019701,00039400019701,0,130,115,CHILD_NUTRITION_FOOD_PROGRAMS|GROCERY,2025-07-24,2025-07-04,,UNKNOWN,https://fdc.nal.usda.gov/fdc-app.html#/food-details/2739756/nutrients
USDA-FDC-2739784,Bush's Country Style Baked Beans 8.3 oz,Bush Brothers & Company,Vegetables - Prepared/Processed,United States,039400019718,00039400019718,0,235,128,CHILD_NUTRITION_FOOD_PROGRAMS|GROCERY,2025-07-24,2025-07-04,,UNKNOWN,https://fdc.nal.usda.gov/fdc-app.html#/food-details/2739784/nutrients
USDA-FDC-2739785,Bush's Country Style Baked Beans 16 oz,Bush Brothers & Company,Vegetables - Prepared/Processed,United States,039400019725,00039400019725,0,130,131,CHILD_NUTRITION_FOOD_PROGRAMS|GROCERY,2025-07-24,2025-07-04,,UNKNOWN,https://fdc.nal.usda.gov/fdc-app.html#/food-details/2739785/nutrients
USDA-FDC-2739786,Bush's Country Style Baked Beans 28 oz,Bush Brothers & Company,Vegetables - Prepared/Processed,United States,039400019749,00039400019749,0,130,123,CHILD_NUTRITION_FOOD_PROGRAMS|GROCERY,2025-07-24,2025-07-04,,UNKNOWN,https://fdc.nal.usda.gov/fdc-app.html#/food-details/2739786/nutrients
USDA-FDC-2739787,Bush's Brown Sugar Hickory Baked Beans 16 oz,Bush Brothers & Company,Vegetables - Prepared/Processed,United States,039400019763,00039400019763,0,130,123,CHILD_NUTRITION_FOOD_PROGRAMS|GROCERY,2025-07-24,2025-07-04,,UNKNOWN,https://fdc.nal.usda.gov/fdc-app.html#/food-details/2739787/nutrients
USDA-FDC-2739788,Bush's Honey Sweet Baked Beans 16 oz,Bush Brothers & Company,Vegetables - Prepared/Processed,United States,039400019848,00039400019848,0,130,131,CHILD_NUTRITION_FOOD_PROGRAMS|GROCERY,2025-07-24,2025-07-04,,UNKNOWN,https://fdc.nal.usda.gov/fdc-app.html#/food-details/2739788/nutrients
USDA-FDC-2739789,Bush's Honey Sweet Baked Beans 28 oz,Bush Brothers & Company,Vegetables - Prepared/Processed,United States,039400019855,00039400019855,0,130,123,CHILD_NUTRITION_FOOD_PROGRAMS|GROCERY,2025-07-24,2025-07-04,,UNKNOWN,https://fdc.nal.usda.gov/fdc-app.html#/food-details/2739789/nutrients
USDA-FDC-2739790,SHOWBOAT Pork & Bean 15 oz,Bush Brothers & Company,Vegetables - Prepared/Processed,United States,039400028345,00039400028345,0,130,100,CHILD_NUTRITION_FOOD_PROGRAMS|GROCERY,2025-07-24,2025-07-04,,UNKNOWN,https://fdc.nal.usda.gov/fdc-app.html#/food-details/2739790/nutrients
USDA-FDC-2739791,SHOWBOAT Pork & Bean 27.5 oz,Bush Brothers & Company,Vegetables - Prepared/Processed,United States,039400028437,00039400028437,0,130,100,CHILD_NUTRITION_FOOD_PROGRAMS|GROCERY,2025-07-24,2025-07-04,,UNKNOWN,https://fdc.nal.usda.gov/fdc-app.html#/food-details/2739791/nutrients
USDA-FDC-2739792,SHOWBOAT Pork & Bean 53 oz,Bush Brothers & Company,Vegetables - Prepared/Processed,United States,039400028482,00039400028482,0,130,100,CHILD_NUTRITION_FOOD_PROGRAMS|GROCERY,2025-07-24,2025-07-04,,UNKNOWN,https://fdc.nal.usda.gov/fdc-app.html#/food-details/2739792/nutrients
USDA-FDC-2739794,Bush's Original Bean Dip 9.5 oz,Bush Brothers & Company,Vegetables - Prepared/Processed,United States,039400099161,00039400099161,0,30,100,CHILD_NUTRITION_FOOD_PROGRAMS|FOOD_SERVICE|GROCERY,2025-07-24,2025-07-04,,UNKNOWN,https://fdc.nal.usda.gov/fdc-app.html#/food-details/2739794/nutrients
USDA-FDC-2739795,Bush's Maple & Cured Bacon Baked Beans 16 oz,Bush Brothers & Company,Vegetables - Prepared/Processed,United States,039400019695,00039400019695,0,130,115,CHILD_NUTRITION_FOOD_PROGRAMS|GROCERY,2025-07-24,2025-07-04,,UNKNOWN,https://fdc.nal.usda.gov/fdc-app.html#/food-details/2739795/nutrients
USDA-FDC-2739796,Bush's Black Bean Bean Dip 9.5 oz,Bush Brothers & Company,Vegetables - Prepared/Processed,United States,039400099192,00039400099192,0,30,117,CHILD_NUTRITION_FOOD_PROGRAMS|FOOD_SERVICE|GROCERY,2025-07-24,2025-07-04,,UNKNOWN,https://fdc.nal.usda.gov/fdc-app.html#/food-details/2739796/nutrients
USDA-FDC-2739797,Bush's Low Sodium Red Beans in a Mild Chili Sauce 15 oz,Bush Brothers & Company,Vegetables - Prepared/Processed,United States,039400106746,00039400106746,0,130,100,CHILD_NUTRITION_FOOD_PROGRAMS|GROCERY,2025-07-24,2025-07-04,,UNKNOWN,https://fdc.nal.usda.gov/fdc-app.html#/food-details/2739797/nutrients
USDA-FDC-2739798,Dubon Petit Pois Green Peas 15 oz,Bush Brothers & Company,Vegetables - Prepared/Processed,United States,039400202714,00039400202714,0,130,46,CHILD_NUTRITION_FOOD_PROGRAMS|GROCERY,2025-07-24,2025-07-04,,UNKNOWN,https://fdc.nal.usda.gov/fdc-app.html#/food-details/2739798/nutrients
USDA-FDC-2739808,Bush's Low Sodium Pinto Beans in a Mild Chili Sauce 15 oz,Bush Brothers & Company,Vegetables - Prepared/Processed,United States,039400106739,00039400106739,0,130,100,CHILD_NUTRITION_FOOD_PROGRAMS|GROCERY,2025-07-24,2025-07-04,,UNKNOWN,https://fdc.nal.usda.gov/fdc-app.html#/food-details/2739808/nutrients
USDA-FDC-2739809,Kellogg's Klg Licensed Crackers Scooby-Doo Cinnamon Graham Bones 1oz,Kellogg Company US,Biscuits/Cookies,United States,030100215981,00030100215981,0,28,429,CHILD_NUTRITION_FOOD_PROGRAMS|FOOD_SERVICE|GROCERY|MASS_MERCHANDISING|ONLINE,2025-07-24,2025-06-02,,UNKNOWN,https://fdc.nal.usda.gov/fdc-app.html#/food-details/2739809/nutrients
USDA-FDC-2740091,Kellogg's Grahams Crackers Original 15oz,Kellogg Company US,Biscuits/Cookies,United States,030100026006,00030100026006,0,29,448,GROCERY|ONLINE,2025-07-24,2025-06-04,,UNKNOWN,https://fdc.nal.usda.gov/fdc-app.html#/food-details/2740091/nutrients
USDA-FDC-2740101,Kellogg's Toasted Crackers Onion 8oz,Kellogg Company US,Biscuits/Cookies,United States,030100119654,00030100119654,0,16,500,GROCERY|ONLINE,2025-07-24,2025-06-04,,UNKNOWN,https://fdc.nal.usda.gov/fdc-app.html#/food-details/2740101/nutrients
USDA-FDC-2740105,Kellogg's Zesta Saltines Crackers Export Soda 28oz,Kellogg Company US,Biscuits/Cookies,United States,030100132196,00030100132196,0,15,400,CONVENIENCE|GROCERY|MASS_MERCHANDISING|ONLINE,2025-07-24,2025-06-16,,UNKNOWN,https://fdc.nal.usda.gov/fdc-app.html#/food-details/2740105/nutrients
USDA-FDC-2740109,Morningstar Farms Breakfast Bacon Strips 5.25oz,Kellogg Company US,Vegetable Based Products / Meals,United States,028989971951,00028989971951,0,16,375,FOOD_SERVICE|GROCERY|ONLINE,2025-07-24,2025-05-29,,UNKNOWN,https://fdc.nal.usda.gov/fdc-app.html#/food-details/2740109/nutrients
USDA-FDC-2740116,Morningstar Farms Veggie Burgers Spicy Black Bean 9.5oz,Kellogg Company US,Vegetable Based Products / Meals,United States,028989100641,00028989100641,0,67,179,GROCERY|ONLINE,2025-07-24,2025-06-02,,UNKNOWN,https://fdc.nal.usda.gov/fdc-app.html#/food-details/2740116/nutrients
USDA-FDC-2740117,Morningstar Farms Veggie Burgers Spicy Black Bean 18.9oz,Kellogg Company US,Vegetable Based Products / Meals,United States,028989100665,00028989100665,0,67,179,GROCERY|ONLINE,2025-07-24,2025-06-04,,UNKNOWN,https://fdc.nal.usda.gov/fdc-app.html#/food-details/2740117/nutrients
USDA-FDC-2740118,Morningstar Farms Veggie Burgers Garden Veggie Patties 9.5oz,Kellogg Company US,Vegetable Based Products / Meals,United States,028989100689,00028989100689,0,67,149,FOOD_SERVICE|GROCERY|ONLINE,2025-07-24,2025-06-04,,UNKNOWN,https://fdc.nal.usda.gov/fdc-app.html#/food-details/2740118/nutrients
USDA-FDC-2740119,Morningstar Farms Veggie Burgers Grillers 18oz,Kellogg Company US,Vegetable Based Products / Meals,United States,028989100801,00028989100801,0,64,219,GROCERY|ONLINE,2025-07-24,2025-05-12,,UNKNOWN,https://fdc.nal.usda.gov/fdc-app.html#/food-details/2740119/nutrients
USDA-FDC-2740120,Morningstar Farms Veggie Burgers Grillers 9oz,Kellogg Company US,Vegetable Based Products / Meals,United States,028989100825,00028989100825,0,64,219,CONVENIENCE|GROCERY|ONLINE,2025-07-24,2025-07-01,,UNKNOWN,https://fdc.nal.usda.gov/fdc-app.html#/food-details/2740120/nutrients
USDA-FDC-2740121,Morningstar Farms Veggie Burgers Veggie Grillers Prime 10oz,Kellogg Company US,Vegetable Based Products / Meals,United States,028989100849,00028989100849,0,71,197,FOOD_SERVICE|GROCERY|ONLINE,2025-07-24,2025-07-01,,UNKNOWN,https://fdc.nal.usda.gov/fdc-app.html#/food-details/2740121/nutrients
USDA-FDC-2740122,Morningstar Farms Breakfast Sausage Patties 8oz,Kellogg Company US,Vegetable Based Products / Meals,United States,028989100887,00028989100887,0,38,211,GROCERY|ONLINE,2025-07-24,2025-07-01,,UNKNOWN,https://fdc.nal.usda.gov/fdc-app.html#/food-details/2740122/nutrients
USDA-FDC-2740125,Morningstar Farms Breakfast Maple Patties 8oz,Kellogg Company US,Vegetable Based Products / Meals,United States,028989100924,00028989100924,0,38,237,GROCERY|ONLINE,2025-07-24,2025-07-01,,UNKNOWN,https://fdc.nal.usda.gov/fdc-app.html#/food-details/2740125/nutrients
USDA-FDC-2740126,Morningstar Farms Poultry Original Chik'N Patties 10oz,Kellogg Company US,Vegetable Based Products / Meals,United States,028989101020,00028989101020,0,71,225,GROCERY|ONLINE,2025-07-24,2025-05-12,,UNKNOWN,https://fdc.nal.usda.gov/fdc-app.html#/food-details/2740126/nutrients
USDA-FDC-2740137,Morningstar Farms Breakfast Hot & Spicy Sausage Patties 8oz,Kellogg Company US,Vegetable Based Products / Meals,United States,028989100948,00028989100948,0,38,211,GROCERY|ONLINE,2025-07-24,2025-07-01,,UNKNOWN,https://fdc.nal.usda.gov/fdc-app.html#/food-details/2740137/nutrients
USDA-FDC-2740156,Kellogg's Cheez It Crackers Grooves Bold Cheddar 9oz,Kellogg Company US,Biscuits/Cookies,United States,024100104451,00024100104451,0,29,483,GROCERY|ONLINE,2025-07-24,2025-07-03,,UNKNOWN,https://fdc.nal.usda.gov/fdc-app.html#/food-details/2740156/nutrients
USDA-FDC-2740195,Kellogg's Cheez It Caddies Crackers Halloween .38oz,Kellogg Company US,Biscuits/Cookies,United States,024100113804,00024100113804,0,10,500,GROCERY,2025-07-24,2025-06-05,,UNKNOWN,https://fdc.nal.usda.gov/fdc-app.html#/food-details/2740195/nutrients
USDA-FDC-2740196,Kellogg's Cheez It Crackers Grooves Cheddar Ranch 9oz,Kellogg Company US,Biscuits/Cookies,United States,024100594733,00024100594733,0,29,483,CONVENIENCE|GROCERY|MASS_MERCHANDISING|ONLINE,2025-07-24,2025-07-02,,UNKNOWN,https://fdc.nal.usda.gov/fdc-app.html#/food-details/2740196/nutrients
USDA-FDC-2740199,Kellogg's Cheez It Crackers Reduced Fat 6oz,Kellogg Company US,Biscuits/Cookies,United States,024100705825,00024100705825,0,30,467,GROCERY|ONLINE,2025-07-24,2025-07-02,,UNKNOWN,https://fdc.nal.usda.gov/fdc-app.html#/food-details/2740199/nutrients
USDA-FDC-2740229,Kellogg's Cheez It Crackers Cheddar Sour Cream And Onion 7.5oz,Kellogg Company US,Biscuits/Cookies,United States,024100114870,00024100114870,0,30,500,DRUG|FOOD_SERVICE|GROCERY|MASS_MERCHANDISING|ONLINE,2025-07-24,2025-07-01,,UNKNOWN,https://fdc.nal.usda.gov/fdc-app.html#/food-details/2740229/nutrients
USDA-FDC-2740314,TOLL HOUSE Peanut Butter Chocolate Chip Frozen Cookie Dough Puck 168 Count 2 Ounce Case,Société des Produits Nestlé S.A.,Desserts/Dessert Sauces/Toppings,US,050000878635,00050000878635,0,57,474,GROCERY,2025-08-21,2025-07-23,,UNKNOWN,https://fdc.nal.usda.gov/fdc-app.html#/food-details/2740314/nutrients
USDA-FDC-2740315,TOLL HOUSE White Chocolate Macadamia FrozenCookie Dough Puck 168 Count 2 Ounce Each Case,Société des Produits Nestlé S.A.,Desserts/Dessert Sauces/Toppings,US,050000455492,00050000455492,0,57,474,GROCERY,2025-08-21,2025-07-23,,UNKNOWN,https://fdc.nal.usda.gov/fdc-app.html#/food-details/2740315/nutrients
USDA-FDC-2740316,TOLL HOUSE Sugar Frozen Cookie Dough Puck 168 Count 1.73 Ounce Each Case,Société des Produits Nestlé S.A.,Desserts/Dessert Sauces/Toppings,US,050000406913,00050000406913,0,49,429,GROCERY,2025-08-21,2025-07-23,,UNKNOWN,https://fdc.nal.usda.gov/fdc-app.html#/food-details/2740316/nutrients
USDA-FDC-2740361,DIGIORNO Stuffed Bite Pepperoni 14oz Box,Société des Produits Nestlé S.A.,Sandwiches/Filled Rolls/Wraps,US,071921591977,00071921591977,0,85,271,GROCERY,2025-08-21,2025-07-30,,UNKNOWN,https://fdc.nal.usda.gov/fdc-app.html#/food-details/2740361/nutrients
USDA-FDC-2740362,DIGIORNO Stuffed Bite Three Meat 14oz Box,Société des Produits Nestlé S.A.,Sandwiches/Filled Rolls/Wraps,US,071921214739,00071921214739,0,85,259,GROCERY,2025-08-21,2025-07-30,,UNKNOWN,https://fdc.nal.usda.gov/fdc-app.html#/food-details/2740362/nutrients
USDA-FDC-2740653,Hot Pockets Italian Style Meatballs and Mozzarella Frozen Sandwiches 36 oz 8 pack Box,Société des Produits Nestlé S.A.,Sandwiches/Filled Rolls/Wraps,US,043695658408,00043695658408,0,127,244,GROCERY,2025-08-21,2025-07-25,,UNKNOWN,https://fdc.nal.usda.gov/fdc-app.html#/food-details/2740653/nutrients
USDA-FDC-2740654,Hot Pockets Four Meat and Four Cheese Pizza Frozen Sandwiches 34 oz 8 pack Box,Société des Produits Nestlé S.A.,Sandwiches/Filled Rolls/Wraps,US,043695497281,00043695497281,0,120,242,GROCERY,2025-08-21,2025-07-29,,UNKNOWN,https://fdc.nal.usda.gov/fdc-app.html#/food-details/2740654/nutrients
USDA-FDC-2740656,Hot Pockets Four Cheese Pizza Frozen Sandwiches 34 oz 8 pack Box,Société des Produits Nestlé S.A.,Sandwiches/Filled Rolls/Wraps,US,043695106473,00043695106473,0,120,233,GROCERY,2025-08-21,2025-07-25,,UNKNOWN,https://fdc.nal.usda.gov/fdc-app.html#/food-details/2740656/nutrients
USDA-FDC-2740757,Lean Cuisine Santa Fe Style Rice and Beans Frozen Entre 10.375oz Box,Société des Produits Nestlé S.A.,Ready-Made Combination Meals,US,013800172198,00013800172198,0,294,112,GROCERY,2025-08-21,2025-07-25,,UNKNOWN,https://fdc.nal.usda.gov/fdc-app.html#/food-details/2740757/nutrients
USDA-FDC-2740778,Bush's Red Beans in a Mild Chili Sauce 12-16 oz - DP,Bush Brothers & Company,Vegetables - Prepared/Processed,US,039400916888,00039400916888,0,130,92,CHILD_NUTRITION_FOOD_PROGRAMS|GROCERY,2025-08-21,2025-07-04,,UNKNOWN,https://fdc.nal.usda.gov/fdc-app.html#/food-details/2740778/nutrients
USDA-FDC-2740779,Bush's Pinto Beans in a Mild Chili Sauce 12-16 oz - DP,Bush Brothers & Company,Vegetables - Prepared/Processed,US,039400916833,00039400916833,0,130,85,CHILD_NUTRITION_FOOD_PROGRAMS|GROCERY,2025-08-21,2025-07-04,,UNKNOWN,https://fdc.nal.usda.gov/fdc-app.html#/food-details/2740779/nutrients
USDA-FDC-2740780,Bush's Kidney Beans in a Mild Chili Sauce 12-16 oz - DP,Bush Brothers & Company,Vegetables - Prepared/Processed,US,039400915034,00039400915034,0,130,92,CHILD_NUTRITION_FOOD_PROGRAMS|GROCERY,2025-08-21,2025-07-04,,UNKNOWN,https://fdc.nal.usda.gov/fdc-app.html#/food-details/2740780/nutrients
USDA-FDC-2740985,Bush's Original Baked Beans 12-16 oz,Bush Brothers & Company,Vegetables - Prepared/Processed,US,10039400016080,10039400016080,0,130,123,CHILD_NUTRITION_FOOD_PROGRAMS|GROCERY,2025-08-21,2025-07-16,,UNKNOWN,https://fdc.nal.usda.gov/fdc-app.html#/food-details/2740985/nutrients
USDA-FDC-2741082,Bush's Black Beans 15 oz,Bush Brothers & Company,Vegetables - Prepared/Processed,US,039400018803,00039400018803,0,130,100,CHILD_NUTRITION_FOOD_PROGRAMS|GROCERY,2025-08-21,2025-07-17,,UNKNOWN,https://fdc.nal.usda.gov/fdc-app.html#/food-details/2741082/nutrients
USDA-FDC-2741084,Bush's Reduced Sodium Great Northern Beans 15.8 oz,Bush Brothers & Company,Vegetables - Prepared/Processed,US,039400017790,00039400017790,0,130,77,CHILD_NUTRITION_FOOD_PROGRAMS|GROCERY,2025-08-21,2025-07-19,,UNKNOWN,https://fdc.nal.usda.gov/fdc-app.html#/food-details/2741084/nutrients
USDA-FDC-2741371,LIFE CUISINE Gluten Free Bolognese Bowl 10.5oz. Bowl,Société des Produits Nestlé S.A.,Ready-Made Combination Meals,US,013800112774,00013800112774,0,297,185,GROCERY,2025-08-21,2025-08-01,,UNKNOWN,https://fdc.nal.usda.gov/fdc-app.html#/food-details/2741371/nutrients
USDA-FDC-2741384,STOUFFER'S White Macaroni Bacon Bites 12oz Box,Société des Produits Nestlé S.A.,Sandwiches/Filled Rolls/Wraps,US,013800494979,00013800494979,0,78,295,GROCERY,2025-08-21,2025-07-30,,UNKNOWN,https://fdc.nal.usda.gov/fdc-app.html#/food-details/2741384/nutrients
USDA-FDC-2741385,Lean Cuisine Balsamic Glazed Chicken Bowl Frozen Entre,Société des Produits Nestlé S.A.,Ready-Made Combination Meals,US,013800312518,00013800312518,0,269,97,GROCERY,2025-08-21,2025-07-20,,UNKNOWN,https://fdc.nal.usda.gov/fdc-app.html#/food-details/2741385/nutrients
USDA-FDC-2741387,LEAN CUISINE Maple Bourbon Chicken Frozen Entre 9oz,Société des Produits Nestlé S.A.,Ready-Made Combination Meals,US,013800266804,00013800266804,0,255,137,GROCERY,2025-08-21,2025-07-31,,UNKNOWN,https://fdc.nal.usda.gov/fdc-app.html#/food-details/2741387/nutrients
USDA-FDC-2741391,LEAN CUISINE Cheese Ravioli Frozen Entre,Société des Produits Nestlé S.A.,Ready-Made Combination Meals,US,013800166869,00013800166869,0,241,87,GROCERY,2025-08-21,2025-07-22,,UNKNOWN,https://fdc.nal.usda.gov/fdc-app.html#/food-details/2741391/nutrients
USDA-FDC-2741595,Kellogg's Cheez It Caddies Crackers White Cheddar 2.2oz,Kellogg Company US,Biscuits/Cookies,US,024100704965,00024100704965,0,30,500,GROCERY|ONLINE,2025-08-21,2025-07-11,,UNKNOWN,https://fdc.nal.usda.gov/fdc-app.html#/food-details/2741595/nutrients
USDA-FDC-2741596,Kellogg's Cheez It Crackers Original 11.7oz,Kellogg Company US,Biscuits/Cookies,US,024100594412,00024100594412,0,30,500,CONVENIENCE|GROCERY|MILITARY|ONLINE,2025-08-21,2025-07-28,,UNKNOWN,https://fdc.nal.usda.gov/fdc-app.html#/food-details/2741596/nutrients
USDA-FDC-2741597,Kellogg's Cheez It Crackers Snack Mix Original 10.5oz,Kellogg Company US,Biscuits/Cookies,US,024100514458,00024100514458,0,29,448,GROCERY|MILITARY|ONLINE,2025-08-21,2025-07-28,,UNKNOWN,https://fdc.nal.usda.gov/fdc-app.html#/food-details/2741597/nutrients
USDA-FDC-2741598,Kellogg's Cheez It Crackers Reduced Fat 11.5oz,Kellogg Company US,Biscuits/Cookies,US,024100440771,00024100440771,0,30,467,GROCERY|ONLINE,2025-08-21,2025-07-28,,UNKNOWN,https://fdc.nal.usda.gov/fdc-app.html#/food-details/2741598/nutrients
USDA-FDC-2741600,Kellogg's Cheez It Crackers Double Cheese 7.5oz,Kellogg Company US,Biscuits/Cookies,US,024100114412,00024100114412,0,30,500,CONVENIENCE|DRUG|FOOD_SERVICE|GROCERY|MASS_MERCHANDISING|ONLINE,2025-08-21,2025-07-08,,UNKNOWN,https://fdc.nal.usda.gov/fdc-app.html#/food-details/2741600/nutrients
USDA-FDC-2741603,Kellogg's Cheez It Crackers Snack Mix Original 40oz,Kellogg Company US,Biscuits/Cookies,US,024100921904,00024100921904,0,29,448,GROCERY|ONLINE,2025-08-21,2025-07-28,,UNKNOWN,https://fdc.nal.usda.gov/fdc-app.html#/food-details/2741603/nutrients
USDA-FDC-2741633,Bush's Baby Butter Beans 16 oz,Bush Brothers & Company,Vegetables - Prepared/Processed,US,039400016700,00039400016700,0,130,92,CHILD_NUTRITION_FOOD_PROGRAMS|GROCERY,2025-08-21,2025-07-19,,UNKNOWN,https://fdc.nal.usda.gov/fdc-app.html#/food-details/2741633/nutrients
USDA-FDC-2741634,Bush's Original Baked Beans 16 oz,Bush Brothers & Company,Vegetables - Prepared/Processed,US,039400016120,00039400016120,0,130,123,CHILD_NUTRITION_FOOD_PROGRAMS|GROCERY,2025-08-21,2025-07-16,,UNKNOWN,https://fdc.nal.usda.gov/fdc-app.html#/food-details/2741634/nutrients
USDA-FDC-2741640,Kellogg's Rice Krispies Treats Squares Original 1.3oz,Kellogg Company US,Processed Cereal Products,US,038000765414,00038000765414,0,37,405,CONVENIENCE|FOOD_SERVICE|GROCERY|ONLINE|VENDING,2025-08-21,2025-07-29,,UNKNOWN,https://fdc.nal.usda.gov/fdc-app.html#/food-details/2741640/nutrients
USDA-FDC-2741641,Kellogg's Rice Krispies Treats Squares Original 26oz,Kellogg Company US,Processed Cereal Products,US,038000765407,00038000765407,0,37,405,CONVENIENCE|FOOD_SERVICE|GROCERY|ONLINE|VENDING,2025-08-21,2025-07-30,,UNKNOWN,https://fdc.nal.usda.gov/fdc-app.html#/food-details/2741641/nutrients
USDA-FDC-2741647,Kellogg's Nutri-Grain Cereal Bars Blueberry 1.3oz,Kellogg Company US,Processed Cereal Products,US,038000357213,00038000357213,0,37,351,CHILD_NUTRITION_FOOD_PROGRAMS|CONVENIENCE|DRUG|FOOD_SERVICE|GROCERY|MASS_MERCHANDISING|MILITARY|ONLINE|VENDING,2025-08-21,2025-07-18,,UNKNOWN,https://fdc.nal.usda.gov/fdc-app.html#/food-details/2741647/nutrients
USDA-FDC-2741651,Kellogg's Special K Protein Bars Brownie Batter 12.7oz,Kellogg Company US,Processed Cereal Products,US,038000291883,00038000291883,0,45,400,CONVENIENCE|FOOD_SERVICE|GROCERY|ONLINE|VENDING,2025-08-21,2025-07-17,,UNKNOWN,https://fdc.nal.usda.gov/fdc-app.html#/food-details/2741651/nutrients
USDA-FDC-2741660,Morningstar Farms Meal Solutions Chik'N Strips 10oz,Kellogg Company US,Vegetable Based Products / Meals,US,028989101297,00028989101297,0,85,165,GROCERY|ONLINE,2025-08-21,2025-07-18,,UNKNOWN,https://fdc.nal.usda.gov/fdc-app.html#/food-details/2741660/nutrients
USDA-FDC-2741663,MAGGI Soup Black Beans 3.17oz(90g) Packet,Société des Produits Nestlé S.A.,Prepared Soups,US,028000586164,00028000586164,0,23,348,GROCERY,2025-08-21,2025-07-29,,UNKNOWN,https://fdc.nal.usda.gov/fdc-app.html#/food-details/2741663/nutrients
USDA-FDC-2741664,NESTLE TOLL HOUSE Milk Chocolate Morsels 11.5 oz. Bag,Société des Produits Nestlé S.A.,Baking/Cooking Mixes/Supplies,US,028000217600,00028000217600,0,14,500,GROCERY,2025-08-21,2025-07-13,,UNKNOWN,https://fdc.nal.usda.gov/fdc-app.html#/food-details/2741664/nutrients
USDA-FDC-2741667,MAGGI Bouillon Chicken Granulated PET 56.4oz Jar,Société des Produits Nestlé S.A.,Herbs/Spices/Extracts,US,028000104627,00028000104627,0,4,125,GROCERY,2025-08-21,2025-07-29,,UNKNOWN,https://fdc.nal.usda.gov/fdc-app.html#/food-details/2741667/nutrients
USDA-FDC-2741692,Kellogg's Klg Cracker Packs Toast & Peanut Butter 1.38oz,Kellogg Company US,Biscuits/Cookies,US,030100545521,00030100545521,0,39,487,FOOD_SERVICE|GROCERY|ONLINE,2025-08-21,2025-07-17,,UNKNOWN,https://fdc.nal.usda.gov/fdc-app.html#/food-details/2741692/nutrients
USDA-FDC-2741693,Kellogg's Klg Cracker Packs Cheddar 1.38oz,Kellogg Company US,Biscuits/Cookies,US,030100545101,00030100545101,0,39,487,FOOD_SERVICE|GROCERY|ONLINE,2025-08-21,2025-07-17,,UNKNOWN,https://fdc.nal.usda.gov/fdc-app.html#/food-details/2741693/nutrients
USDA-FDC-2741694,Kellogg's Klg Cracker Packs Cheese & Cheddar 1.38oz,Kellogg Company US,Biscuits/Cookies,US,030100487197,00030100487197,0,39,487,GROCERY|ONLINE,2025-08-21,2025-07-17,,UNKNOWN,https://fdc.nal.usda.gov/fdc-app.html#/food-details/2741694/nutrients
USDA-FDC-2741695,Kellogg's Klg Cracker Packs Cheese & Cheddar 11oz,Kellogg Company US,Biscuits/Cookies,US,030100487180,00030100487180,0,39,487,GROCERY|ONLINE,2025-08-21,2025-07-28,,UNKNOWN,https://fdc.nal.usda.gov/fdc-app.html#/food-details/2741695/nutrients
USDA-FDC-2741696,Kellogg's Klg Cracker Packs Toast & Peanut Butter 11oz,Kellogg Company US,Biscuits/Cookies,US,030100473572,00030100473572,0,39,487,FOOD_SERVICE|GROCERY|ONLINE,2025-08-21,2025-07-28,,UNKNOWN,https://fdc.nal.usda.gov/fdc-app.html#/food-details/2741696/nutrients
USDA-FDC-2741707,Morningstar Farms Corn Dogs Original 10oz,Kellogg Company US,Vegetable Based Products / Meals,US,028989975003,00028989975003,0,71,211,GROCERY|ONLINE,2025-08-21,2025-07-18,,UNKNOWN,https://fdc.nal.usda.gov/fdc-app.html#/food-details/2741707/nutrients
USDA-FDC-2741857,Kashi Chewy Bars Honey Almond Flax 7.4oz,Kellogg Company US,Processed Cereal Products,US,018627030010,00018627030010,0,35,400,CONVENIENCE|DRUG|FOOD_SERVICE|GROCERY|MILITARY|ONLINE|VENDING,2025-08-21,2025-07-17,,UNKNOWN,https://fdc.nal.usda.gov/fdc-app.html#/food-details/2741857/nutrients
USDA-FDC-2742230,"Red Gold Tomato Sauce, 106oz Can","Red Gold, Inc.",Sauces/Spreads/Dips/Condiments,US,072940110101,00072940110101,0,61,33,FOOD_SERVICE|GROCERY,2025-09-18,2025-08-27,,UNKNOWN,https://fdc.nal.usda.gov/fdc-app.html#/food-details/2742230/nutrients
USDA-FDC-2742360,"Campbell's Sipping Soup, Butternut Squash and Sweet Potato Soup, 11.1 oz Microwavable Cup",CAMPBELL SOUP COMPANY,Prepared Soups,US,051000290519,00051000290519,0,316,63,GROCERY,2025-09-18,2025-08-08,,UNKNOWN,https://fdc.nal.usda.gov/fdc-app.html#/food-details/2742360/nutrients
USDA-FDC-2742380,NESTL TOLL HOUSE Milk Chocolate M&M's Chocolate Candies Minis Holiday Sugar Cookie Dough 14oz Pack,Société des Produits Nestlé S.A.,Baking/Cooking Mixes/Supplies,US,050000881697,00050000881697,0,20,450,GROCERY,2025-09-18,2025-08-22,,UNKNOWN,https://fdc.nal.usda.gov/fdc-app.html#/food-details/2742380/nutrients
USDA-FDC-2742385,"Mama Selita's Jalapeno Ketchup, 20oz Bottle","Red Gold, Inc.",Sauces/Spreads/Dips/Condiments,US,072940001171,00072940001171,0,17,118,CHILD_NUTRITION_FOOD_PROGRAMS|FOOD_SERVICE|GROCERY,2025-09-18,2025-08-12,,UNKNOWN,https://fdc.nal.usda.gov/fdc-app.html#/food-details/2742385/nutrients
USDA-FDC-2742455,DIGIORNO Ultra Thin Crust LoadedVeggie Lovers Pizza 14oz Box,Société des Produits Nestlé S.A.,Savoury Bakery Products,US,071921506292,00071921506292,0,132,182,GROCERY,2025-09-18,2025-08-01,,UNKNOWN,https://fdc.nal.usda.gov/fdc-app.html#/food-details/2742455/nutrients
USDA-FDC-2742556,"Red Gold Tomato Sauce, 106oz Can - Case of 6","Red Gold, Inc.",Sauces/Spreads/Dips/Condiments,US,30072940110102,30072940110102,0,61,33,CHILD_NUTRITION_FOOD_PROGRAMS|FOOD_SERVICE|GROCERY,2025-09-18,2025-08-27,,UNKNOWN,https://fdc.nal.usda.gov/fdc-app.html#/food-details/2742556/nutrients
USDA-FDC-2742793,"Pepperidge Farm Chessmen Cinnamon Sugar Cookies, 7.25 Oz Bag",Pepperidge Farm Inc.,Biscuits/Cookies,US,014100056652,00014100056652,0,26,462,GROCERY,2025-09-18,2025-08-15,,UNKNOWN,https://fdc.nal.usda.gov/fdc-app.html#/food-details/2742793/nutrients
USDA-FDC-2742812,"Pepperidge Farm Texas Toast Frozen Spicy Garlic Bread, 8 Slices, 11.25 Oz Box",CAMPBELL SOUP COMPANY,Bread,US,014100056409,00014100056409,0,40,375,GROCERY,2025-09-18,2025-08-25,,UNKNOWN,https://fdc.nal.usda.gov/fdc-app.html#/food-details/2742812/nutrients
USDA-FDC-2742832,Bush's Pinto Beans 12-16 oz - DP,Bush Brothers & Company,Vegetables - Prepared/Processed,US,039400918097,00039400918097,0,130,69,CHILD_NUTRITION_FOOD_PROGRAMS|GROCERY,2025-09-18,2025-07-17,,UNKNOWN,https://fdc.nal.usda.gov/fdc-app.html#/food-details/2742832/nutrients
USDA-FDC-2742833,Bush's Hot Honey Grillin' Beans 55oz,Bush Brothers & Company,Vegetables - Prepared/Processed,US,039400001041,00039400001041,0,130,123,CHILD_NUTRITION_FOOD_PROGRAMS|FOOD_SERVICE|GROCERY,2025-09-18,2025-08-08,,UNKNOWN,https://fdc.nal.usda.gov/fdc-app.html#/food-details/2742833/nutrients
USDA-FDC-2743132,Bush's Cannellini Beans 12-15.5 oz,Bush Brothers & Company,Vegetables - Prepared/Processed,US,10039400018718,10039400018718,0,130,85,CHILD_NUTRITION_FOOD_PROGRAMS|GROCERY,2025-09-18,2025-08-29,,UNKNOWN,https://fdc.nal.usda.gov/fdc-app.html#/food-details/2743132/nutrients
USDA-FDC-2743134,Bush's Black Beans 12-15 oz,Bush Brothers & Company,Vegetables - Prepared/Processed,US,10039400018817,10039400018817,0,130,100,CHILD_NUTRITION_FOOD_PROGRAMS|GROCERY,2025-09-18,2025-08-29,,UNKNOWN,https://fdc.nal.usda.gov/fdc-app.html#/food-details/2743134/nutrients
USDA-FDC-2743153,Bush's Blackeye Peas 12-15.8 oz,Bush Brothers & Company,Vegetables - Prepared/Processed,US,10039400013676,10039400013676,0,130,69,CHILD_NUTRITION_FOOD_PROGRAMS|GROCERY,2025-09-18,2025-08-29,,UNKNOWN,https://fdc.nal.usda.gov/fdc-app.html#/food-details/2743153/nutrients
USDA-FDC-2743559,"Goldfish Halloween Cheddar Cheese Crackers Multipack, 65 Pack",Pepperidge Farm Inc.,Biscuits/Cookies,US,014100055556,00014100055556,0,14,500,GROCERY,2025-09-18,2025-08-29,,UNKNOWN,https://fdc.nal.usda.gov/fdc-app.html#/food-details/2743559/nutrients
USDA-FDC-2743581,LEAN CUISINE Steak Portabella Frozen Entre 7.5oz,Société des Produits Nestlé S.A.,Ready-Made Combination Meals,US,013800156501,00013800156501,0,212,90,GROCERY,2025-09-18,2025-08-22,,UNKNOWN,https://fdc.nal.usda.gov/fdc-app.html#/food-details/2743581/nutrients
USDA-FDC-2743679,Kashi Chewy Bars Honey Almond Flax 14.4oz,Kellogg Company US,Processed Cereal Products,US,018627379508,00018627379508,0,35,400,CONVENIENCE|FOOD_SERVICE|GROCERY|ONLINE,2025-09-18,2025-08-18,,UNKNOWN,https://fdc.nal.usda.gov/fdc-app.html#/food-details/2743679/nutrients
USDA-FDC-2743792,Pringles Crisps Original 6.8oz,Kellogg Company US,Snacks,US,038000169663,00038000169663,0,28,536,CONVENIENCE|DRUG|GROCERY|MASS_MERCHANDISING|ONLINE,2025-09-18,2025-08-01,,UNKNOWN,https://fdc.nal.usda.gov/fdc-app.html#/food-details/2743792/nutrients
USDA-FDC-2743798,Kellogg's Nutri-Grain Cereal Bars Apple Cinnamon 1.3oz,Kellogg Company US,Processed Cereal Products,US,038000356216,00038000356216,0,37,351,CHILD_NUTRITION_FOOD_PROGRAMS|CONVENIENCE|DRUG|FOOD_SERVICE|GROCERY|MASS_MERCHANDISING|ONLINE|VENDING,2025-09-18,2025-08-15,,UNKNOWN,https://fdc.nal.usda.gov/fdc-app.html#/food-details/2743798/nutrients
USDA-FDC-2743804,Kellogg's Special K Cereal Bars Blueberry Fruit Crisp .88oz,Kellogg Company US,Processed Cereal Products,US,038000490620,00038000490620,0,25,400,DRUG|GROCERY|MASS_MERCHANDISING|ONLINE,2025-09-18,2025-08-05,,UNKNOWN,https://fdc.nal.usda.gov/fdc-app.html#/food-details/2743804/nutrients
USDA-FDC-2743805,Kellogg's Special K Cereal Bars Strawberry .88oz,Kellogg Company US,Processed Cereal Products,US,038000490668,00038000490668,0,25,400,CONVENIENCE|DRUG|FOOD_SERVICE|GROCERY|MASS_MERCHANDISING|ONLINE|VENDING,2025-09-18,2025-08-05,,UNKNOWN,https://fdc.nal.usda.gov/fdc-app.html#/food-details/2743805/nutrients
USDA-FDC-2743807,Kellogg's Special K Cereal Bars Strawberry 5.28oz,Kellogg Company US,Processed Cereal Products,US,038000167782,00038000167782,0,25,400,DRUG|GROCERY|MASS_MERCHANDISING|ONLINE,2025-09-18,2025-08-05,,UNKNOWN,https://fdc.nal.usda.gov/fdc-app.html#/food-details/2743807/nutrients
USDA-FDC-2743826,Pringles Crisps Original 5.2oz,Kellogg Company US,Snacks,US,038000138416,00038000138416,0,28,536,CONVENIENCE|DRUG|DRUG_STORE|FOOD_SERVICE|GROCERY|MASS_MERCHANDISING|ONLINE|SPECIALTY_RETAIL|VENDING,2025-09-18,2025-08-01,,UNKNOWN,https://fdc.nal.usda.gov/fdc-app.html#/food-details/2743826/nutrients
USDA-FDC-2743835,Bush's Cannellini Beans 15.5 oz,Bush Brothers & Company,Vegetables - Prepared/Processed,US,039400018704,00039400018704,0,130,85,CHILD_NUTRITION_FOOD_PROGRAMS|GROCERY,2025-09-18,2025-08-29,,UNKNOWN,https://fdc.nal.usda.gov/fdc-app.html#/food-details/2743835/nutrients
USDA-FDC-2743866,Bush's Blackeye Peas 15.8 oz,Bush Brothers & Company,Vegetables - Prepared/Processed,US,039400013686,00039400013686,0,130,69,CHILD_NUTRITION_FOOD_PROGRAMS|GROCERY,2025-09-18,2025-08-29,,UNKNOWN,https://fdc.nal.usda.gov/fdc-app.html#/food-details/2743866/nutrients
USDA-FDC-2744191,Kellogg's Cheez It Crackers Duoz Jalapeno & Cheddar Jack 12.4oz,Kellogg Company US,Biscuits/Cookies,US,024100110605,00024100110605,0,30,500,GROCERY|ONLINE,2025-09-18,2025-08-08,,UNKNOWN,https://fdc.nal.usda.gov/fdc-app.html#/food-details/2744191/nutrients
USDA-FDC-2744287,Kellogg's Town House Crackers Original 13.8oz,Kellogg Company US,Biscuits/Cookies,US,030100100553,00030100100553,0,16,500,CONVENIENCE|DRUG|DRUG_STORE|FOOD_SERVICE|GROCERY|MASS_MERCHANDISING|MILITARY|ONLINE,2025-09-18,2025-08-11,,UNKNOWN,https://fdc.nal.usda.gov/fdc-app.html#/food-details/2744287/nutrients
USDA-FDC-2744289,Kellogg's Klg Licensed Crackers Scooby-Doo Honey Graham Sticks 11oz,Kellogg Company US,Biscuits/Cookies,US,030100228707,00030100228707,0,30,433,GROCERY|ONLINE,2025-09-18,2025-08-22,,UNKNOWN,https://fdc.nal.usda.gov/fdc-app.html#/food-details/2744289/nutrients
USDA-FDC-2744388,NESTLE TOLL HOUSE Semi-Sweet Chocolate Morsels 12 oz Bag,Société des Produits Nestlé S.A.,Baking/Cooking Mixes/Supplies,US,028000215804,00028000215804,0,14,500,GROCERY,2025-09-18,2025-08-22,,UNKNOWN,https://fdc.nal.usda.gov/fdc-app.html#/food-details/2744388/nutrients
USDA-FDC-2744389,MAGGI Chicken Jar 51.92oz,Société des Produits Nestlé S.A.,Herbs/Spices/Extracts,US,028000998509,00028000998509,0,6,250,GROCERY,2025-09-18,2025-09-01,,UNKNOWN,https://fdc.nal.usda.gov/fdc-app.html#/food-details/2744389/nutrients
USDA-FDC-2744742,DIGIORNO Ultra Thin Crust Loaded Carnivore Pizza 15oz Box,Société des Produits Nestlé S.A.,Savoury Bakery Products,US,071921909260,00071921909260,0,142,261,GROCERY,2025-11-20,2025-09-03,,UNKNOWN,https://fdc.nal.usda.gov/fdc-app.html#/food-details/2744742/nutrients
USDA-FDC-2744743,DIGIORNO Detroit Style Pepperoni Pizza 21.3oz Box,Société des Produits Nestlé S.A.,Savoury Bakery Products,US,071921863753,00071921863753,0,151,278,GROCERY,2025-11-20,2025-09-23,,UNKNOWN,https://fdc.nal.usda.gov/fdc-app.html#/food-details/2744743/nutrients
USDA-FDC-2744746,DIGIORNO Detroit Style Three Meat Pizza 22.3oz Box,Société des Produits Nestlé S.A.,Savoury Bakery Products,US,071921442071,00071921442071,0,126,270,GROCERY,2025-11-20,2025-09-23,,UNKNOWN,https://fdc.nal.usda.gov/fdc-app.html#/food-details/2744746/nutrients
USDA-FDC-2744747,DIGIORNO Detroit Style Four Cheese Pizza 20.9oz Box,Société des Produits Nestlé S.A.,Savoury Bakery Products,US,071921243609,00071921243609,0,148,264,GROCERY,2025-11-20,2025-09-23,,UNKNOWN,https://fdc.nal.usda.gov/fdc-app.html#/food-details/2744747/nutrients
USDA-FDC-2745160,Kashi Chewy Bars Honey Almond Flax 1.2oz,Kellogg Company US,Processed Cereal Products,US,018627032014,00018627032014,0,35,400,CONVENIENCE|FOOD_SERVICE|GROCERY|ONLINE,2025-11-20,2025-09-11,,UNKNOWN,https://fdc.nal.usda.gov/fdc-app.html#/food-details/2745160/nutrients
USDA-FDC-2745298,LIFE CUISINE Teriyaki Chicken 10oz. Bowl,Société des Produits Nestlé S.A.,Ready-Made Combination Meals,US,013800392183,00013800392183,0,283,88,GROCERY,2025-11-20,2025-09-25,,UNKNOWN,https://fdc.nal.usda.gov/fdc-app.html#/food-details/2745298/nutrients
USDA-FDC-2745315,LIFE Smoothie Strawberry Banana Gluten Free Bowl,Société des Produits Nestlé S.A.,Ready-Made Combination Meals,US,013800510211,00013800510211,0,226,97,GROCERY,2025-11-20,2025-09-25,,UNKNOWN,https://fdc.nal.usda.gov/fdc-app.html#/food-details/2745315/nutrients
USDA-FDC-2745317,STOUFFERS Frozen Premium Mac & Cheese 8oz Box,Société des Produits Nestlé S.A.,Ready-Made Combination Meals,US,013800833723,00013800833723,0,226,199,GROCERY,2025-11-20,2025-09-11,,UNKNOWN,https://fdc.nal.usda.gov/fdc-app.html#/food-details/2745317/nutrients
USDA-FDC-2745336,STOUFFER'S FAMILY SIZE FIVE CHEESE Lasagna Frozen Entree 6x38ozUS,Société des Produits Nestlé S.A.,Ready-Made Combination Meals,US,013800838650,00013800838650,0,239,105,GROCERY,2025-11-20,2025-09-20,,UNKNOWN,https://fdc.nal.usda.gov/fdc-app.html#/food-details/2745336/nutrients
USDA-FDC-2745482,Kellogg's Pop-Tarts Frosted Smores 3.3oz,Kellogg Company US,Sweet Bakery Products,US,038000581717,00038000581717,0,96,385,CONVENIENCE|DRUG|FOOD_SERVICE|GROCERY|MILITARY|ONLINE|VENDING,2025-11-20,2025-09-11,,UNKNOWN,https://fdc.nal.usda.gov/fdc-app.html#/food-details/2745482/nutrients
USDA-FDC-2745505,Kellogg's Pop-Tarts Frosted Smores 20.3oz,Kellogg Company US,Sweet Bakery Products,US,038000581700,00038000581700,0,96,385,CONVENIENCE|DRUG|FOOD_SERVICE|GROCERY|MILITARY|ONLINE|VENDING,2025-11-20,2025-09-11,,UNKNOWN,https://fdc.nal.usda.gov/fdc-app.html#/food-details/2745505/nutrients
USDA-FDC-2745524,"Campbell's Chunky Hot and Spicy Chili With Beans, 15.25 oz Bowl",CAMPBELL SOUP COMPANY,Prepared Soups,US,051000159052,00051000159052,0,432,102,GROCERY,2025-11-20,2025-09-20,,UNKNOWN,https://fdc.nal.usda.gov/fdc-app.html#/food-details/2745524/nutrients
USDA-FDC-2745605,NESTL TOLL HOUSE Allergen Free Dark Chocolate Morsels 9 oz. Bag,Société des Produits Nestlé S.A.,Baking/Cooking Mixes/Supplies,US,028000622305,00028000622305,0,14,571,GROCERY,2025-11-20,2025-09-18,,UNKNOWN,https://fdc.nal.usda.gov/fdc-app.html#/food-details/2745605/nutrients
USDA-FDC-2745607,NESTLE TOLL HOUSE Milk Chocolate Morsels 34.5 oz. Bag,Société des Produits Nestlé S.A.,Baking/Cooking Mixes/Supplies,US,028000511913,00028000511913,0,14,500,GROCERY,2025-11-20,2025-09-18,,UNKNOWN,https://fdc.nal.usda.gov/fdc-app.html#/food-details/2745607/nutrients
USDA-FDC-2745608,MAGGI Beef Flavor Bouillon Tablets 2.32 oz. Box,Société des Produits Nestlé S.A.,Herbs/Spices/Extracts,US,028000500313,00028000500313,0,6,250,GROCERY,2025-11-20,2025-09-16,,UNKNOWN,https://fdc.nal.usda.gov/fdc-app.html#/food-details/2745608/nutrients
USDA-FDC-2745610,MAGGI Bouillon Djon Djon (48x10g) Pack,Société des Produits Nestlé S.A.,Herbs/Spices/Extracts,US,028000499242,00028000499242,0,2.5,200,GROCERY,2025-11-20,2025-09-02,,UNKNOWN,https://fdc.nal.usda.gov/fdc-app.html#/food-details/2745610/nutrients
USDA-FDC-2745633,MAGGI Boullion Chicken 8 Tab 2.96oz Box,Société des Produits Nestlé S.A.,Herbs/Spices/Extracts,US,028000133184,00028000133184,0,5,300,GROCERY,2025-11-20,2025-09-16,,UNKNOWN,https://fdc.nal.usda.gov/fdc-app.html#/food-details/2745633/nutrients
USDA-FDC-2745656,NESTLE TOLL HOUSE Premier White Candy Morsels 24 oz Bag,Société des Produits Nestlé S.A.,Baking/Cooking Mixes/Supplies,US,028000003098,00028000003098,0,14,571,GROCERY,2025-11-20,2025-09-18,,UNKNOWN,https://fdc.nal.usda.gov/fdc-app.html#/food-details/2745656/nutrients
USDA-FDC-2745759,"Heinz Tomato Ketchup, 38 oz Bottle",Kraft Foods Inc.,Sauces/Spreads/Dips/Condiments,US,013000004664,00013000004664,0,17,118,GROCERY,2025-11-20,2025-10-23,,UNKNOWN,https://fdc.nal.usda.gov/fdc-app.html#/food-details/2745759/nutrients
USDA-FDC-2745771,"SpaghettiOs Original Canned Pasta, 22.4 oz Can (12 Pack)",CAMPBELL SOUP COMPANY,Dough Based Products / Meals,US,10051000212242,10051000212242,0,252,67,CHILD_NUTRITION_FOOD_PROGRAMS|GROCERY,2025-11-20,2025-10-16,,UNKNOWN,https://fdc.nal.usda.gov/fdc-app.html#/food-details/2745771/nutrients
USDA-FDC-2745818,Kellogg's Processor Crackers Butter 336oz 1ct,Kellogg Company US,Biscuits/Cookies,US,10030100281006,10030100281006,0,16,500,GROCERY|ONLINE,2025-11-20,2025-10-13,,UNKNOWN,https://fdc.nal.usda.gov/fdc-app.html#/food-details/2745818/nutrients
USDA-FDC-2745886,"Red Gold Ketchup, 114 oz Jug - Case of 6","Red Gold, Inc.",Sauces/Spreads/Dips/Condiments,US,30072940115749,30072940115749,0,17,118,CHILD_NUTRITION_FOOD_PROGRAMS|FOOD_SERVICE|GROCERY,2025-11-20,2025-10-16,,UNKNOWN,https://fdc.nal.usda.gov/fdc-app.html#/food-details/2745886/nutrients
USDA-FDC-2745976,Hot Pockets Crispy Crust Ham and Cheddar Frozen Sandwich 4.5 oz 1 Pack Wrapper,Société des Produits Nestlé S.A.,Sandwiches/Filled Rolls/Wraps,US,043695000122,00043695000122,0,127,228,GROCERY,2025-11-20,2025-10-06,,UNKNOWN,https://fdc.nal.usda.gov/fdc-app.html#/food-details/2745976/nutrients
USDA-FDC-2745977,Hot Pockets Pepperoni Pizza Italian Style Seasoned Crust Frozen Sandwich 4.5 oz 1 pack Wrapper,Société des Produits Nestlé S.A.,Sandwiches/Filled Rolls/Wraps,US,043695000115,00043695000115,0,127,260,GROCERY,2025-11-20,2025-11-02,,UNKNOWN,https://fdc.nal.usda.gov/fdc-app.html#/food-details/2745977/nutrients
USDA-FDC-2745987,"Red Gold Ketchup, 114 oz Jug","Red Gold, Inc.",Sauces/Spreads/Dips/Condiments,US,072940115748,00072940115748,0,17,118,FOOD_SERVICE|GROCERY,2025-11-20,2025-10-16,,UNKNOWN,https://fdc.nal.usda.gov/fdc-app.html#/food-details/2745987/nutrients
USDA-FDC-2746022,Carr's Crackers Whole Wheat 7oz,Kellogg Company US,Biscuits/Cookies,US,059290573497,00059290573497,0,18,444,CONVENIENCE|FOOD_SERVICE|GROCERY|ONLINE,2025-11-20,2025-10-14,,UNKNOWN,https://fdc.nal.usda.gov/fdc-app.html#/food-details/2746022/nutrients
USDA-FDC-2746023,Carr's Crackers Table Water Original 4.25oz,Kellogg Company US,Biscuits/Cookies,US,059290573220,00059290573220,0,14,357,CONVENIENCE|FOOD_SERVICE|GROCERY|ONLINE,2025-11-20,2025-10-14,,UNKNOWN,https://fdc.nal.usda.gov/fdc-app.html#/food-details/2746023/nutrients
USDA-FDC-2746152,Bush's Hot Honey Grillin' Beans 6-55oz,Bush Brothers & Company,Vegetables - Prepared/Processed,US,10039400001024,10039400001024,0,130,123,CHILD_NUTRITION_FOOD_PROGRAMS|FOOD_SERVICE|GROCERY,2025-11-20,2025-10-25,,UNKNOWN,https://fdc.nal.usda.gov/fdc-app.html#/food-details/2746152/nutrients
USDA-FDC-2746336,Kellogg's Special K Cereal Bars Strawberry 7.92oz,Kellogg Company US,Processed Cereal Products,US,038000569241,00038000569241,0,25,400,CONVENIENCE|FOOD_SERVICE|GROCERY|ONLINE|VENDING,2025-11-20,2025-10-01,,UNKNOWN,https://fdc.nal.usda.gov/fdc-app.html#/food-details/2746336/nutrients
USDA-FDC-2746390,DISCO SWEET EARTH Frozen Meal Fettucine Alfredo 10oz US,Société des Produits Nestlé S.A.,Vegetable Based Products / Meals,US,016741910706,00016741910706,0,283,117,GROCERY,2025-11-20,2025-10-17,,UNKNOWN,https://fdc.nal.usda.gov/fdc-app.html#/food-details/2746390/nutrients
USDA-FDC-2746392,DISCO SWEET EARTH Frozen Meal Kung Pao Chicken Bowl 8.5oz,Société des Produits Nestlé S.A.,Vegetable Based Products / Meals,US,016741772328,00016741772328,0,241,112,GROCERY,2025-11-20,2025-10-17,,UNKNOWN,https://fdc.nal.usda.gov/fdc-app.html#/food-details/2746392/nutrients
USDA-FDC-2746393,DISCO SWEET EARTH Frozen Meal Cacio E Pepe 9oz,Société des Produits Nestlé S.A.,Vegetable Based Products / Meals,US,016741492158,00016741492158,0,255,165,GROCERY,2025-11-20,2025-10-17,,UNKNOWN,https://fdc.nal.usda.gov/fdc-app.html#/food-details/2746393/nutrients
USDA-FDC-2746412,DISCO SWEET EARTH Frozen Meal Butter Chicken Bowl 8.5oz,Société des Produits Nestlé S.A.,Vegetable Based Products / Meals,US,016741387683,00016741387683,0,241,112,GROCERY,2025-11-20,2025-10-17,,UNKNOWN,https://fdc.nal.usda.gov/fdc-app.html#/food-details/2746412/nutrients
USDA-FDC-2746413,DISCO SWEET EARTH Frozen Meal Pad Thai Cashew Bowl 9oz,Société des Produits Nestlé S.A.,Vegetable Based Products / Meals,US,016741377936,00016741377936,0,255,145,GROCERY,2025-11-20,2025-10-17,,UNKNOWN,https://fdc.nal.usda.gov/fdc-app.html#/food-details/2746413/nutrients
USDA-FDC-2746414,DISCO SWEET EARTH Chicken Chipotle 8oz. Box,Société des Produits Nestlé S.A.,Fish Substitutes,US,016741173125,00016741173125,0,85,176,GROCERY,2025-11-20,2025-10-17,,UNKNOWN,https://fdc.nal.usda.gov/fdc-app.html#/food-details/2746414/nutrients
USDA-FDC-2746415,DISCO SWEET EARTH Mindful Chkn 8oz Package,Société des Produits Nestlé S.A.,Fish Substitutes,US,016741000780,00016741000780,0,85,165,GROCERY,2025-11-20,2025-10-17,,UNKNOWN,https://fdc.nal.usda.gov/fdc-app.html#/food-details/2746415/nutrients
USDA-FDC-2746427,DISCO SWEET EARTH Frozen Meal Protein Lovers Breakfast Bowl 7.5oz,Société des Produits Nestlé S.A.,Vegetable Based Products / Meals,US,016741560567,00016741560567,0,212,132,GROCERY,2025-11-20,2025-10-17,,UNKNOWN,https://fdc.nal.usda.gov/fdc-app.html#/food-details/2746427/nutrients
USDA-FDC-2746567,GERBER SNACK FOR TODDLER Animal Cinnamon Graham Crackers 6oz Pouch,Société des Produits Nestlé S.A.,Biscuits/Cookies,US,015000005955,00015000005955,0,7,429,GROCERY,2025-11-20,2025-10-21,,UNKNOWN,https://fdc.nal.usda.gov/fdc-app.html#/food-details/2746567/nutrients
USDA-FDC-2746577,STOUFFER'S Spaghetti with Meatballs Frozen Entre,Société des Produits Nestlé S.A.,Ready-Made Combination Meals,US,013800103932,00013800103932,0,357,132,GROCERY,2025-11-20,2025-10-03,,UNKNOWN,https://fdc.nal.usda.gov/fdc-app.html#/food-details/2746577/nutrients
USDA-FDC-2746679,Kellogg's Special K Cereal Bars Blueberry Fruit Crisp 5.28oz,Kellogg Company US,Processed Cereal Products,US,038000167737,00038000167737,0,25,400,DRUG|GROCERY|MASS_MERCHANDISING|ONLINE,2025-11-20,2025-10-14,,UNKNOWN,https://fdc.nal.usda.gov/fdc-app.html#/food-details/2746679/nutrients
USDA-FDC-2746688,Kellogg's Pop-Tarts Frosted Cherry 20.3oz,Kellogg Company US,Sweet Bakery Products,US,038000003004,00038000003004,0,96,385,CONVENIENCE|FOOD_SERVICE|GROCERY|ONLINE|VENDING,2025-11-20,2025-10-25,,UNKNOWN,https://fdc.nal.usda.gov/fdc-app.html#/food-details/2746688/nutrients
USDA-FDC-2746702,CARLOS V Bar 32 Count Display Pack (32x18g) Bars,Société des Produits Nestlé S.A.,Confectionery Products,US,028000973476,00028000973476,0,36,528,GROCERY,2025-11-20,2025-10-30,,UNKNOWN,https://fdc.nal.usda.gov/fdc-app.html#/food-details/2746702/nutrients
USDA-FDC-2746708,Kellogg's Gripz Crackers Cinnamon Grahams .9oz,Kellogg Company US,Biscuits/Cookies,US,030100000501,00030100000501,0,25,440,CHILD_NUTRITION_FOOD_PROGRAMS|FOOD_SERVICE|GROCERY|ONLINE,2025-11-20,2025-10-13,,UNKNOWN,https://fdc.nal.usda.gov/fdc-app.html#/food-details/2746708/nutrients
USDA-FDC-2746725,Kellogg's Club Crackers Multi Grain 12.7oz,Kellogg Company US,Biscuits/Cookies,US,030100100683,00030100100683,0,14,429,GROCERY|ONLINE,2025-11-20,2025-10-13,,UNKNOWN,https://fdc.nal.usda.gov/fdc-app.html#/food-details/2746725/nutrients
USDA-FDC-2746772,Kellogg's Pop-Tarts Hot Fudge Sundae 20.3oz,Kellogg Company US,Sweet Bakery Products,US,038000500343,00038000500343,0,96,385,GROCERY|ONLINE,2025-11-20,2025-10-25,,UNKNOWN,https://fdc.nal.usda.gov/fdc-app.html#/food-details/2746772/nutrients
USDA-FDC-2746778,Kellogg's Pop-Tarts Frosted Strawberry 3.3oz,Kellogg Company US,Sweet Bakery Products,US,038000317316,00038000317316,0,96,385,CONVENIENCE|DRUG|FOOD_SERVICE|GROCERY|MILITARY|ONLINE|VENDING,2025-11-20,2025-10-25,,UNKNOWN,https://fdc.nal.usda.gov/fdc-app.html#/food-details/2746778/nutrients
USDA-FDC-2746779,Kellogg's Pop-Tarts Frosted Brown Sugar Cinnamon 3.3oz,Kellogg Company US,Sweet Bakery Products,US,038000311314,00038000311314,0,96,417,CONVENIENCE|DRUG|FOOD_SERVICE|GROCERY|MILITARY|ONLINE|VENDING,2025-11-20,2025-10-25,,UNKNOWN,https://fdc.nal.usda.gov/fdc-app.html#/food-details/2746779/nutrients
USDA-FDC-2746782,Kellogg's Rice Krispies Treats Squares Double Chocolate Chunk 3oz,Kellogg Company US,Processed Cereal Products,US,038000590955,00038000590955,0,43,465,CONVENIENCE|GROCERY|ONLINE,2025-11-20,2025-10-13,,UNKNOWN,https://fdc.nal.usda.gov/fdc-app.html#/food-details/2746782/nutrients
USDA-FDC-2746996,Carr's Crackers Cheese Melts 5.3oz,Kellogg Company US,Biscuits/Cookies,US,059290342376,00059290342376,0,13,538,FOOD_SERVICE|GROCERY|ONLINE,2025-12-18,2025-11-18,,UNKNOWN,https://fdc.nal.usda.gov/fdc-app.html#/food-details/2746996/nutrients
USDA-FDC-2747020,Carr's Crackers Sesame 4.25oz,Kellogg Company US,Biscuits/Cookies,US,059290573732,00059290573732,0,14,429,FOOD_SERVICE|GROCERY|ONLINE,2025-12-18,2025-11-18,,UNKNOWN,https://fdc.nal.usda.gov/fdc-app.html#/food-details/2747020/nutrients
USDA-FDC-2747123,Hot Pockets Crispy Crust Ham and Cheddar Frozen Sandwiches 90 oz 20 pack Carton,Société des Produits Nestlé S.A.,Sandwiches/Filled Rolls/Wraps,US,043695739985,00043695739985,0,127,228,GROCERY,2025-12-18,2025-11-17,,UNKNOWN,https://fdc.nal.usda.gov/fdc-app.html#/food-details/2747123/nutrients
USDA-FDC-2747210,Bob's Red Mill Chocolate Chip Instant Oatmeal Packets (6ct),BOB'S RED MILL NATURAL FOODS INC,Processed Cereal Products,US,039978006622,00039978006622,0,45,400,FOOD_SERVICE|GROCERY,2025-12-18,2025-11-11,,UNKNOWN,https://fdc.nal.usda.gov/fdc-app.html#/food-details/2747210/nutrients
USDA-FDC-2747391,STOUFFER'S Grilled Chicken Parm 6.6oz,Société des Produits Nestlé S.A.,Ready-Made Combination Meals,US,013800121400,00013800121400,0,189,228,GROCERY,2025-12-18,2025-11-20,,UNKNOWN,https://fdc.nal.usda.gov/fdc-app.html#/food-details/2747391/nutrients
USDA-FDC-2747392,Stouffers Party Size Veggie Lovers Lasagna Frozen Entre 96oz,Société des Produits Nestlé S.A.,Ready-Made Combination Meals,US,013800190024,00013800190024,0,243,152,GROCERY,2025-12-18,2025-11-27,,UNKNOWN,https://fdc.nal.usda.gov/fdc-app.html#/food-details/2747392/nutrients
USDA-FDC-2747397,LIFE CUISINE Vital Pursuit Chicken Mozz Flatbread Melt 10x6oz Box,Société des Produits Nestlé S.A.,Ready-Made Combination Meals,US,013800527936,00013800527936,0,170,218,GROCERY,2025-12-18,2025-11-04,,UNKNOWN,https://fdc.nal.usda.gov/fdc-app.html#/food-details/2747397/nutrients
USDA-FDC-2747399,STOUFFER'S Classics Salisbury Steak Frozen Entre 9.625 oz,Société des Produits Nestlé S.A.,Ready-Made Combination Meals,US,013800100702,00013800100702,0,272,125,GROCERY,2025-12-18,2025-11-17,,UNKNOWN,https://fdc.nal.usda.gov/fdc-app.html#/food-details/2747399/nutrients
USDA-FDC-2747402,LIFE CUISINE Frozen Meal Three Meat Pizza 6oz,Société des Produits Nestlé S.A.,Ready-Made Combination Meals,US,013800785206,00013800785206,0,187,214,GROCERY,2025-12-18,2025-11-04,,UNKNOWN,https://fdc.nal.usda.gov/fdc-app.html#/food-details/2747402/nutrients
USDA-FDC-2747403,"Goldfish Cheddar Cheese Crackers, 8 Oz Bag",Pepperidge Farm Inc.,Biscuits/Cookies,US,014100049623,00014100049623,0,30,467,GROCERY,2025-12-18,2025-11-08,,UNKNOWN,https://fdc.nal.usda.gov/fdc-app.html#/food-details/2747403/nutrients
USDA-FDC-2747407,GERBER CEREAL FOR BABY GRAIN AND GROW 1st Foods Non GMO Oatmeal 8oz N2 Canister,Société des Produits Nestlé S.A.,Processed Cereal Products,US,015000070519,00015000070519,0,15,400,GROCERY,2025-12-18,2025-11-21,,UNKNOWN,https://fdc.nal.usda.gov/fdc-app.html#/food-details/2747407/nutrients
USDA-FDC-2747409,LIFE CUISINE Frozen Meal Cauliflower Chicken Bacon Ranch 6oz Box,Société des Produits Nestlé S.A.,Ready-Made Combination Meals,US,013800661999,00013800661999,0,187,203,GROCERY,2025-12-18,2025-11-04,,UNKNOWN,https://fdc.nal.usda.gov/fdc-app.html#/food-details/2747409/nutrients
USDA-FDC-2747522,Kellogg's Eggo Waffles Thick & Fluffy Original 23.2oz,Kellogg Company US,Sweet Bakery Products,US,038000578731,00038000578731,0,55,291,FOOD_SERVICE|GROCERY|ONLINE,2025-12-18,2025-11-12,,UNKNOWN,https://fdc.nal.usda.gov/fdc-app.html#/food-details/2747522/nutrients
USDA-FDC-2747527,Pringles Crisps Original 1.3oz,Kellogg Company US,Snacks,US,038000845512,00038000845512,0,37,541,CONVENIENCE|FOOD_SERVICE|GROCERY|ONLINE|VENDING,2025-12-18,2025-11-25,,UNKNOWN,https://fdc.nal.usda.gov/fdc-app.html#/food-details/2747527/nutrients
USDA-FDC-2747528,Pringles Crisps Sour Cream & Onion 1.4oz,Kellogg Company US,Snacks,US,038000845529,00038000845529,0,40,525,CONVENIENCE|FOOD_SERVICE|GROCERY|ONLINE|VENDING,2025-12-18,2025-11-25,,UNKNOWN,https://fdc.nal.usda.gov/fdc-app.html#/food-details/2747528/nutrients
USDA-FDC-2747529,Pringles Crisps Cheddar Cheese 1.4oz,Kellogg Company US,Snacks,US,038000845536,00038000845536,0,40,525,CONVENIENCE|FOOD_SERVICE|GROCERY|ONLINE|VENDING,2025-12-18,2025-11-25,,UNKNOWN,https://fdc.nal.usda.gov/fdc-app.html#/food-details/2747529/nutrients
USDA-FDC-2747533,Bush's Refried Black Beans 16 oz,Bush Brothers & Company,Vegetables - Prepared/Processed,US,039400018940,00039400018940,0,130,115,CHILD_NUTRITION_FOOD_PROGRAMS|GROCERY,2025-12-18,2025-11-11,,UNKNOWN,https://fdc.nal.usda.gov/fdc-app.html#/food-details/2747533/nutrients
USDA-FDC-2747534,Bob's Red Mill Whey Protein Powder,Bob's Red Mill® NATURAL FOODS INC,Vitamins/Minerals/Nutritional Supplements,US,039978002181,00039978002181,0,19,368,FOOD_SERVICE|GROCERY,2025-12-18,2025-11-18,,UNKNOWN,https://fdc.nal.usda.gov/fdc-app.html#/food-details/2747534/nutrients
USDA-FDC-2747550,Kellogg's Rice Krispies Treats Squares Original Minis 12.4oz,Kellogg Company US,Processed Cereal Products,US,038000186998,00038000186998,0,11,409,GROCERY|ONLINE,2025-12-18,2025-11-25,,UNKNOWN,https://fdc.nal.usda.gov/fdc-app.html#/food-details/2747550/nutrients
USDA-FDC-2747553,Kellogg's Rice Krispies Treats Poppers Chocolate 1oz,Kellogg Company US,Processed Cereal Products,US,038000197628,00038000197628,0,28,464,DRUG|FOOD_SERVICE|GROCERY|ONLINE,2025-12-18,2025-11-05,,UNKNOWN,https://fdc.nal.usda.gov/fdc-app.html#/food-details/2747553/nutrients
USDA-FDC-2747560,Kellogg's Eggo Waffles Buttermilk 29.6oz,Kellogg Company US,Sweet Bakery Products,US,038000403101,00038000403101,0,70,257,FOOD_SERVICE|GROCERY|ONLINE,2025-12-18,2025-11-07,,UNKNOWN,https://fdc.nal.usda.gov/fdc-app.html#/food-details/2747560/nutrients
USDA-FDC-2747562,Kellogg's Pop-Tarts Frosted Strawberry Bites 7oz,Kellogg Company US,Sweet Bakery Products,US,038000202995,00038000202995,0,40,375,GROCERY|ONLINE,2025-12-18,2025-11-25,,UNKNOWN,https://fdc.nal.usda.gov/fdc-app.html#/food-details/2747562/nutrients
USDA-FDC-2747614,Morningstar Farms Poultry Chikn Nuggets 10.5oz,Kellogg Company US,Vegetable Based Products / Meals,US,028989101082,00028989101082,0,86,221,GROCERY|ONLINE,2025-12-18,2025-11-05,,UNKNOWN,https://fdc.nal.usda.gov/fdc-app.html#/food-details/2747614/nutrients
USDA-FDC-2747616,Morningstar Farms Meal Solutions Chorizo 10oz,Kellogg Company US,Vegetable Based Products / Meals,US,028989102539,00028989102539,0,59,203,FOOD_SERVICE|GROCERY|ONLINE,2025-12-18,2025-11-09,,UNKNOWN,https://fdc.nal.usda.gov/fdc-app.html#/food-details/2747616/nutrients
USDA-FDC-2751549,California Pizza Kitchen BBQ recipe Chicken Frozen Pizza 11.8oz,Société des Produits Nestlé S.A.,Savoury Bakery Products,US,071921971861,00071921971861,0,167,216,GROCERY,2026-01-22,2026-01-02,,UNKNOWN,https://fdc.nal.usda.gov/fdc-app.html#/food-details/2751549/nutrients
USDA-FDC-2751650,NESTLE TOLL HOUSE Cookie Dough Chocolate Chip Chub,Société des Produits Nestlé S.A.,Baking/Cooking Mixes/Supplies,US,050000274444,00050000274444,0,28,429,GROCERY,2026-01-22,2025-12-30,,UNKNOWN,https://fdc.nal.usda.gov/fdc-app.html#/food-details/2751650/nutrients
USDA-FDC-2751663,"Campbell's Sipping Soup, Creamy Tomato Soup, 11.1 oz Microwavable Cup",CAMPBELL SOUP COMPANY,Prepared Soups,US,051000149817,00051000149817,0,316,63,GROCERY,2026-01-22,2025-12-20,,UNKNOWN,https://fdc.nal.usda.gov/fdc-app.html#/food-details/2751663/nutrients
USDA-FDC-2751714,Carr's Crackers Twbs Roasted Garlic And Herb 4.25oz,Kellogg Company US,Biscuits/Cookies,US,059290571110,00059290571110,0,14,357,FOOD_SERVICE|GROCERY|ONLINE,2026-01-22,2026-01-05,,UNKNOWN,https://fdc.nal.usda.gov/fdc-app.html#/food-details/2751714/nutrients
USDA-FDC-2751715,Carr's Crackers Pepper 4.25oz,Kellogg Company US,Biscuits/Cookies,US,059290575927,00059290575927,0,14,357,FOOD_SERVICE|GROCERY|ONLINE,2026-01-22,2026-01-05,,UNKNOWN,https://fdc.nal.usda.gov/fdc-app.html#/food-details/2751715/nutrients
USDA-FDC-2751840,Kellogg's Processor Crackers Wheat 289.6oz 1ct,Kellogg Company US,Biscuits/Cookies,US,10030100281013,10030100281013,0,14,429,GROCERY|ONLINE,2026-01-22,2025-12-03,,UNKNOWN,https://fdc.nal.usda.gov/fdc-app.html#/food-details/2751840/nutrients
USDA-FDC-2751842,Bush's Golden Hominy 12-15.5 oz,Bush Brothers & Company,Vegetables - Prepared/Processed,US,10039400017117,10039400017117,0,130,85,CHILD_NUTRITION_FOOD_PROGRAMS|GROCERY,2026-01-22,2025-12-11,,UNKNOWN,https://fdc.nal.usda.gov/fdc-app.html#/food-details/2751842/nutrients
USDA-FDC-2751957,Kellogg's Cheez It Crackers Reduced Fat 19oz,Kellogg Company US,Biscuits/Cookies,US,024100535231,00024100535231,0,30,467,GROCERY|ONLINE,2026-01-22,2026-01-03,,UNKNOWN,https://fdc.nal.usda.gov/fdc-app.html#/food-details/2751957/nutrients
USDA-FDC-2752098,STOUFFER'S Family Size Baked Ziti Frozen Meal,Société des Produits Nestlé S.A.,Ready-Made Combination Meals,US,013800850409,00013800850409,0,219,146,GROCERY,2026-01-22,2025-12-17,,UNKNOWN,https://fdc.nal.usda.gov/fdc-app.html#/food-details/2752098/nutrients
USDA-FDC-2752168,Kellogg's Special K Cereal Bars Brown Sugar Cinnamon .88oz,Kellogg Company US,Processed Cereal Products,US,038000708992,00038000708992,0,25,400,GROCERY|ONLINE,2026-01-22,2026-01-02,,UNKNOWN,https://fdc.nal.usda.gov/fdc-app.html#/food-details/2752168/nutrients
USDA-FDC-2752171,Kellogg's Eggo French Toast Chocolate Chip French Toast Minis 3.03oz 72ct,Kellogg Company US,Sweet Bakery Products,US,038000808012,00038000808012,0,86,221,CHILD_NUTRITION_FOOD_PROGRAMS|FOOD_SERVICE|GROCERY|ONLINE,2026-01-22,2025-12-19,,UNKNOWN,https://fdc.nal.usda.gov/fdc-app.html#/food-details/2752171/nutrients
USDA-FDC-2752172,Kellogg's Eggo French Toast Chocolate Chip French Toast Minis 3.03oz,Kellogg Company US,Sweet Bakery Products,US,038000808142,00038000808142,0,86,221,CHILD_NUTRITION_FOOD_PROGRAMS|FOOD_SERVICE|GROCERY|ONLINE,2026-01-22,2025-12-19,,UNKNOWN,https://fdc.nal.usda.gov/fdc-app.html#/food-details/2752172/nutrients
USDA-FDC-2752180,Sun-Maid California Sun-Dried Raisins 32oz Resealable Stand-Up Bag,Sun-Maid Growers,Fruit - Prepared/Processed,US,041143029176,00041143029176,0,40,300,CONVENIENCE|FOOD_SERVICE|GROCERY,2026-01-22,2025-12-29,,UNKNOWN,https://fdc.nal.usda.gov/fdc-app.html#/food-details/2752180/nutrients
USDA-FDC-2752182,Sun-Maid California Mixed Jumbo Raisins Resealable Stand-up 12oz Bag,Sun-Maid Growers,Fruit - Prepared/Processed,US,041143089569,00041143089569,0,40,300,CONVENIENCE|FOOD_SERVICE|GROCERY,2026-01-22,2025-12-29,,UNKNOWN,https://fdc.nal.usda.gov/fdc-app.html#/food-details/2752182/nutrients
USDA-FDC-2752183,Sun-Maid California Sun-Dried Raisins 6-Pack/1oz Cartons,Sun-Maid Growers,Fruit - Prepared/Processed,US,041143120101,00041143120101,0,28,321,CONVENIENCE|FOOD_SERVICE|GROCERY,2026-01-22,2025-12-29,,UNKNOWN,https://fdc.nal.usda.gov/fdc-app.html#/food-details/2752183/nutrients
USDA-FDC-2752184,Sun-Maid California Sun-Dried Organic Raisins 6-Pack/1oz Cartons,Sun-Maid Growers,Fruit - Prepared/Processed,US,041143120163,00041143120163,0,28,321,CONVENIENCE|FOOD_SERVICE|GROCERY,2026-01-22,2025-12-29,,UNKNOWN,https://fdc.nal.usda.gov/fdc-app.html#/food-details/2752184/nutrients
USDA-FDC-2752186,Sun-Maid Mini-Snacks California Sun-Dried Raisin 12-Ct Bag/.5oz Ctn,Sun-Maid Growers,Fruit - Prepared/Processed,US,041143125762,00041143125762,0,14,286,CONVENIENCE|FOOD_SERVICE|GROCERY,2026-01-22,2025-12-30,,UNKNOWN,https://fdc.nal.usda.gov/fdc-app.html#/food-details/2752186/nutrients
USDA-FDC-2752188,Sun-Maid California Sun-Dried Raisins 10oz Fresh-Lock Zipper Bag,Sun-Maid Growers,Fruit - Prepared/Processed,US,041143129562,00041143129562,0,40,300,CONVENIENCE|FOOD_SERVICE|GROCERY,2026-01-22,2025-12-29,,UNKNOWN,https://fdc.nal.usda.gov/fdc-app.html#/food-details/2752188/nutrients
USDA-FDC-2752196,Kellogg's Nutri-Grain Cereal Bars Strawberry Blast Bites 13oz,Kellogg Company US,Processed Cereal Products,US,038000195488,00038000195488,0,37,378,GROCERY|ONLINE,2026-01-22,2026-01-03,,UNKNOWN,https://fdc.nal.usda.gov/fdc-app.html#/food-details/2752196/nutrients
USDA-FDC-2752200,Kellogg's Special K Protein Bars Strawberry 12.7oz,Kellogg Company US,Processed Cereal Products,US,038000291869,00038000291869,0,45,400,CONVENIENCE|FOOD_SERVICE|GROCERY|ONLINE|VENDING,2026-01-22,2026-01-03,,UNKNOWN,https://fdc.nal.usda.gov/fdc-app.html#/food-details/2752200/nutrients
USDA-FDC-2752209,Kellogg's Eggo Waffles Homestyle 29.6oz,Kellogg Company US,Sweet Bakery Products,US,038000402807,00038000402807,0,70,257,FOOD_SERVICE|GROCERY|ONLINE,2026-01-22,2025-12-19,,UNKNOWN,https://fdc.nal.usda.gov/fdc-app.html#/food-details/2752209/nutrients
USDA-FDC-2752281,Kellogg's Club Crackers Original 12.5oz,Kellogg Company US,Biscuits/Cookies,US,030100111764,00030100111764,0,14,500,DRUG|GROCERY|MASS_MERCHANDISING|ONLINE,2026-01-22,2026-01-05,,UNKNOWN,https://fdc.nal.usda.gov/fdc-app.html#/food-details/2752281/nutrients
USDA-FDC-2752282,Kellogg's Club Crackers Original Family Size 18.8oz,Kellogg Company US,Biscuits/Cookies,US,030100112334,00030100112334,0,14,500,GROCERY|ONLINE,2026-01-22,2026-01-05,,UNKNOWN,https://fdc.nal.usda.gov/fdc-app.html#/food-details/2752282/nutrients
USDA-FDC-2752283,Kellogg's Toasted Crackers Wheat 8oz,Kellogg Company US,Biscuits/Cookies,US,030100119630,00030100119630,0,15,467,DRUG|GROCERY|MASS_MERCHANDISING|ONLINE,2026-01-22,2026-01-03,,UNKNOWN,https://fdc.nal.usda.gov/fdc-app.html#/food-details/2752283/nutrients
USDA-FDC-2752286,Kellogg's Town House Pita Cracker Mediterranean Herb 9.5oz,Kellogg Company US,Biscuits/Cookies,US,030100784678,00030100784678,0,16,438,GROCERY|ONLINE,2026-01-22,2026-01-03,,UNKNOWN,https://fdc.nal.usda.gov/fdc-app.html#/food-details/2752286/nutrients
USDA-FDC-2752287,Kellogg's Gripz Crackers Chocolate Chip .95oz,Kellogg Company US,Biscuits/Cookies,US,030100807438,00030100807438,0,27,444,CHILD_NUTRITION_FOOD_PROGRAMS|FOOD_SERVICE|GROCERY|MASS_MERCHANDISING|ONLINE,2026-01-22,2026-01-03,,UNKNOWN,https://fdc.nal.usda.gov/fdc-app.html#/food-details/2752287/nutrients
USDA-FDC-2752302,Kellogg's Club Crackers Original 13.7oz,Kellogg Company US,Biscuits/Cookies,US,030100100577,00030100100577,0,14,500,CONVENIENCE|DRUG|FOOD_SERVICE|GROCERY|MASS_MERCHANDISING|MILITARY|ONLINE,2026-01-22,2026-01-05,,UNKNOWN,https://fdc.nal.usda.gov/fdc-app.html#/food-details/2752302/nutrients
USDA-FDC-2752319,ABUELITA SYRUP 16 OZ,Société des Produits Nestlé S.A.,Non Alcoholic Beverages - Not Ready to Drink,US,028000613549,00028000613549,0,38,263,GROCERY,2026-01-22,2025-12-04,,UNKNOWN,https://fdc.nal.usda.gov/fdc-app.html#/food-details/2752319/nutrients
USDA-FDC-2752325,Morningstar Farms Meal Solutions Chik'N Strips 13.5oz,Kellogg Company US,Vegetable Based Products / Meals,US,028989101716,00028989101716,0,85,165,GROCERY|ONLINE,2026-01-22,2026-01-03,,UNKNOWN,https://fdc.nal.usda.gov/fdc-app.html#/food-details/2752325/nutrients
USDA-FDC-2752326,Morningstar Farms Meal Solutions Sausage Style Crumbles 5lb 2ct,Kellogg Company US,Vegetable Based Products / Meals,US,028989102300,00028989102300,0,55,145,CHILD_NUTRITION_FOOD_PROGRAMS|FOOD_SERVICE|GROCERY|ONLINE,2026-01-22,2026-01-03,,UNKNOWN,https://fdc.nal.usda.gov/fdc-app.html#/food-details/2752326/nutrients
USDA-FDC-2752330,ABUELITA Chocolate Granulated (12x120g) N1 Cans,Société des Produits Nestlé S.A.,Non Alcoholic Beverages - Not Ready to Drink,US,028000552589,00028000552589,0,20,400,GROCERY,2026-01-22,2025-12-29,,UNKNOWN,https://fdc.nal.usda.gov/fdc-app.html#/food-details/2752330/nutrients
USDA-FDC-2752338,Kellogg's Pop-Tarts Chocolate Chip 3.3oz,Kellogg Company US,Sweet Bakery Products,US,038000019210,00038000019210,0,96,396,CONVENIENCE|FOOD_SERVICE|GROCERY|ONLINE|VENDING,2026-01-22,2026-01-05,,UNKNOWN,https://fdc.nal.usda.gov/fdc-app.html#/food-details/2752338/nutrients
USDA-FDC-2752547,TOMBSTONE Frozen Snack Beef Taco 3oz Carton,Société des Produits Nestlé S.A.,Sandwiches/Filled Rolls/Wraps,US,071921370220,00071921370220,0,85,224,GROCERY,2026-02-19,2026-01-06,,UNKNOWN,https://fdc.nal.usda.gov/fdc-app.html#/food-details/2752547/nutrients
USDA-FDC-2752664,"Snack Factory Bites Sea Salt Pretzel Snacks, 11.2 Oz Bag",CAMPBELL SOUP COMPANY,Prepared Soups,US,051000290434,00051000290434,0,28,393,GROCERY,2026-02-19,2026-01-24,,UNKNOWN,https://fdc.nal.usda.gov/fdc-app.html#/food-details/2752664/nutrients
USDA-FDC-2752700,Hot Pockets Four Meat and Four Cheese Pizza Frozen Sandwiches 51 oz 12 pack Box,Société des Produits Nestlé S.A.,Sandwiches/Filled Rolls/Wraps,US,043695051032,00043695051032,0,120,242,GROCERY,2026-02-19,2026-01-30,,UNKNOWN,https://fdc.nal.usda.gov/fdc-app.html#/food-details/2752700/nutrients
USDA-FDC-2753016,Roasted Salted Cashews Grab N Go,Ferris Coffee & Nut Co.,Nuts/Seeds - Prepared/Processed,US,10788709998015,10788709998015,0,28,571,GROCERY,2026-02-19,2026-01-22,,UNKNOWN,https://fdc.nal.usda.gov/fdc-app.html#/food-details/2753016/nutrients
USDA-FDC-2753161,"Just Spices Stir Fry Seasoning Blend, 2.46 oz Can",Nabisco Food Company,Herbs/Spices/Extracts,US,810140405234,00810140405234,0,1,500,GROCERY,2026-02-19,2026-01-08,,UNKNOWN,https://fdc.nal.usda.gov/fdc-app.html#/food-details/2753161/nutrients
USDA-FDC-2753227,Bush's Honey Chipotle Grillin' Beans 21.5 oz,Bush Brothers & Company,Vegetables - Prepared/Processed,US,10039400019258,10039400019258,0,130,131,CHILD_NUTRITION_FOOD_PROGRAMS|GROCERY,2026-02-19,2024-06-08,,UNKNOWN,https://fdc.nal.usda.gov/fdc-app.html#/food-details/2753227/nutrients
USDA-FDC-2753490,Kellogg's Cheez It Crackers Italian Cheese 12.4oz,Kellogg Company US,Biscuits/Cookies,US,024100789146,00024100789146,0,30,500,GROCERY|ONLINE,2026-02-19,2026-01-29,,UNKNOWN,https://fdc.nal.usda.gov/fdc-app.html#/food-details/2753490/nutrients
USDA-FDC-2753523,Kellogg's Cheez It Caddies Crackers Original 2.2oz,Kellogg Company US,Biscuits/Cookies,US,024100574674,00024100574674,0,30,500,GROCERY|ONLINE,2026-02-19,2026-01-12,,UNKNOWN,https://fdc.nal.usda.gov/fdc-app.html#/food-details/2753523/nutrients
USDA-FDC-2753558,Kellogg's Cheez It Crackers Original 3oz,Kellogg Company US,Biscuits/Cookies,US,024100191345,00024100191345,0,30,500,CONVENIENCE|GROCERY|MASS_MERCHANDISING|ONLINE,2026-02-19,2026-01-28,,UNKNOWN,https://fdc.nal.usda.gov/fdc-app.html#/food-details/2753558/nutrients
USDA-FDC-2753559,Kellogg's Cheez It Crackers Original 18oz,Kellogg Company US,Biscuits/Cookies,US,024100191338,00024100191338,0,30,500,CONVENIENCE|GROCERY|MASS_MERCHANDISING|ONLINE,2026-02-19,2026-01-28,,UNKNOWN,https://fdc.nal.usda.gov/fdc-app.html#/food-details/2753559/nutrients
USDA-FDC-2753651,Stouffer's Veggie Lover's Lasagna Frozen Entre 10.5oz,Société des Produits Nestlé S.A.,Ready-Made Combination Meals,US,013800103239,00013800103239,0,297,135,GROCERY,2026-02-19,2026-01-09,,UNKNOWN,https://fdc.nal.usda.gov/fdc-app.html#/food-details/2753651/nutrients
USDA-FDC-2753822,Cherries Berries & Nuts 2/12CT/1.75OZ,Ferris Coffee & Nut Co.,Fruit/Nuts/Seeds Combination,US,10788709998114,10788709998114,0,49.5999984741,504,GROCERY,2026-02-19,2026-01-08,,UNKNOWN,https://fdc.nal.usda.gov/fdc-app.html#/food-details/2753822/nutrients
USDA-FDC-2753826,Kellogg's Pop-Tarts Frosted Strawberry 20.3oz,Kellogg Company US,Sweet Bakery Products,US,038000317309,00038000317309,0,96,385,CONVENIENCE|DRUG|FOOD_SERVICE|GROCERY|MILITARY|ONLINE|VENDING,2026-02-19,2026-01-13,,UNKNOWN,https://fdc.nal.usda.gov/fdc-app.html#/food-details/2753826/nutrients
USDA-FDC-2753832,Kellogg's Special K Protein Bars Chocolate Peanut Butter 12.7oz,Kellogg Company US,Processed Cereal Products,US,038000291906,00038000291906,0,45,400,CONVENIENCE|FOOD_SERVICE|GROCERY|ONLINE|VENDING,2026-02-19,2026-01-05,,UNKNOWN,https://fdc.nal.usda.gov/fdc-app.html#/food-details/2753832/nutrients
USDA-FDC-2753850,Kellogg's Pop-Tarts Frosted Cherry 3.3oz,Kellogg Company US,Sweet Bakery Products,US,038000318405,00038000318405,0,96,385,CONVENIENCE|FOOD_SERVICE|GROCERY|ONLINE|VENDING,2026-02-19,2026-01-13,,UNKNOWN,https://fdc.nal.usda.gov/fdc-app.html#/food-details/2753850/nutrients
USDA-FDC-2753859,Kellogg's Rice Krispies Treats Squares Original Mega Bar 2.2oz,Kellogg Company US,Processed Cereal Products,US,038000590993,00038000590993,0,62,419,CONVENIENCE|DRUG|FOOD_SERVICE|GROCERY|MASS_MERCHANDISING|ONLINE|SPECIALTY_RETAIL,2026-02-19,2026-01-29,,UNKNOWN,https://fdc.nal.usda.gov/fdc-app.html#/food-details/2753859/nutrients
USDA-FDC-2753878,Kellogg's Nutri-Grain Cereal Bars Mixed Berry 1.3oz,Kellogg Company US,Processed Cereal Products,US,038000355219,00038000355219,0,37,351,GROCERY|MASS_MERCHANDISING|ONLINE,2026-02-19,2026-01-07,,UNKNOWN,https://fdc.nal.usda.gov/fdc-app.html#/food-details/2753878/nutrients
USDA-FDC-2753912,Kellogg's Corn Flakes Crumbs Cereal 21oz,WK KELLOGG CO,Baking/Cooking Mixes/Supplies,US,038000070105,00038000070105,0,33,364,FOOD_SERVICE|GROCERY|ONLINE,2026-02-19,2025-01-23,,UNKNOWN,https://fdc.nal.usda.gov/fdc-app.html#/food-details/2753912/nutrients
USDA-FDC-2753967,Sun-Maid Mediterranean Pitted Dried Apricot 6oz Resealable Bag,Sun-Maid Growers,Fruit - Prepared/Processed,US,041143271711,00041143271711,0,40,225,CONVENIENCE|FOOD_SERVICE|GROCERY,2026-02-19,2026-01-22,,UNKNOWN,https://fdc.nal.usda.gov/fdc-app.html#/food-details/2753967/nutrients
USDA-FDC-2753968,Sun-Maid California Whole Pitted Prunes 16oz Resealable Canister,Sun-Maid Growers,Fruit - Prepared/Processed,US,041143098677,00041143098677,0,40,250,CONVENIENCE|FOOD_SERVICE|GROCERY,2026-02-19,2026-01-26,,UNKNOWN,https://fdc.nal.usda.gov/fdc-app.html#/food-details/2753968/nutrients
USDA-FDC-2754003,Sun-Maid Chocolate Yogurt Covered Raisins 6-Pack/1oz Cartons,Sun-Maid Growers,Fruit - Prepared/Processed,US,041143090800,00041143090800,0,28,429,CONVENIENCE|FOOD_SERVICE|GROCERY,2026-02-19,2026-01-23,,UNKNOWN,https://fdc.nal.usda.gov/fdc-app.html#/food-details/2754003/nutrients
USDA-FDC-2754005,Bush's Pinto Beans 53 oz,Bush Brothers & Company,Vegetables - Prepared/Processed,US,039400018179,00039400018179,0,130,85,CHILD_NUTRITION_FOOD_PROGRAMS|GROCERY,2026-02-19,2024-12-21,,UNKNOWN,https://fdc.nal.usda.gov/fdc-app.html#/food-details/2754005/nutrients
USDA-FDC-2754006,Bush's Great Northern Beans 15.8 oz,Bush Brothers & Company,Vegetables - Prepared/Processed,US,039400017820,00039400017820,0,130,77,CHILD_NUTRITION_FOOD_PROGRAMS|GROCERY,2026-02-19,2024-12-11,,UNKNOWN,https://fdc.nal.usda.gov/fdc-app.html#/food-details/2754006/nutrients
USDA-FDC-2754007,Bush's Navy Beans 16 oz,Bush Brothers & Company,Vegetables - Prepared/Processed,US,039400017745,00039400017745,0,130,77,CHILD_NUTRITION_FOOD_PROGRAMS|GROCERY,2026-02-19,2024-12-11,,UNKNOWN,https://fdc.nal.usda.gov/fdc-app.html#/food-details/2754007/nutrients
USDA-FDC-2754008,Bush's Light Red Kidney Beans 16 oz,Bush Brothers & Company,Vegetables - Prepared/Processed,US,039400017479,00039400017479,0,130,92,CHILD_NUTRITION_FOOD_PROGRAMS|GROCERY,2026-02-19,2024-12-11,,UNKNOWN,https://fdc.nal.usda.gov/fdc-app.html#/food-details/2754008/nutrients
USDA-FDC-2754010,Bush's White Hominy 30 oz,Bush Brothers & Company,Vegetables - Prepared/Processed,US,039400017271,00039400017271,0,130,62,CHILD_NUTRITION_FOOD_PROGRAMS|GROCERY,2026-02-19,2024-12-21,,UNKNOWN,https://fdc.nal.usda.gov/fdc-app.html#/food-details/2754010/nutrients
USDA-FDC-2754014,Bush's Crowder Peas 15 oz,Bush Brothers & Company,Vegetables - Prepared/Processed,US,039400013808,00039400013808,0,130,85,CHILD_NUTRITION_FOOD_PROGRAMS|GROCERY,2026-02-19,2024-12-21,,UNKNOWN,https://fdc.nal.usda.gov/fdc-app.html#/food-details/2754014/nutrients
USDA-FDC-2754031,Sun-Maid Mini Snacks Chocolate Yog Covered Raisins 10-Ct Bx/.5oz Pch,Sun-Maid Growers,Fruit - Prepared/Processed,US,041143090831,00041143090831,0,14,429,CONVENIENCE|FOOD_SERVICE|GROCERY,2026-02-19,2026-01-23,,UNKNOWN,https://fdc.nal.usda.gov/fdc-app.html#/food-details/2754031/nutrients
USDA-FDC-2754035,Sun-Maid Vanilla Yogurt Covered Raisins 6-Pack/1oz Cartons,Sun-Maid Growers,Fruit - Prepared/Processed,US,041143090718,00041143090718,0,28,429,CONVENIENCE|FOOD_SERVICE|GROCERY,2026-02-19,2026-01-23,,UNKNOWN,https://fdc.nal.usda.gov/fdc-app.html#/food-details/2754035/nutrients
USDA-FDC-2754036,Sun-Maid Blueberry & Vanilla Yogurt Covered Raisins 6-Pk/.75oz Ctn,Sun-Maid Growers,Fruit - Prepared/Processed,US,041143090596,00041143090596,0,21,429,CONVENIENCE|FOOD_SERVICE|GROCERY,2026-02-19,2026-01-23,,UNKNOWN,https://fdc.nal.usda.gov/fdc-app.html#/food-details/2754036/nutrients
USDA-FDC-2754037,Sun-Maid Strawberry & Vanilla Yogurt Covered Raisins 6-Pack/1oz Ctn,Sun-Maid Growers,Fruit - Prepared/Processed,US,041143090534,00041143090534,0,28,464,CONVENIENCE|FOOD_SERVICE|GROCERY,2026-02-19,2026-01-23,,UNKNOWN,https://fdc.nal.usda.gov/fdc-app.html#/food-details/2754037/nutrients
USDA-FDC-2754039,Sun-Maid Mini Snacks Vanilla Yogurt Covered Raisins 10-Ct Bx/.5oz Pch,Sun-Maid Growers,Fruit - Prepared/Processed,US,041143090442,00041143090442,0,14,429,CONVENIENCE|FOOD_SERVICE|GROCERY,2026-02-19,2026-01-23,,UNKNOWN,https://fdc.nal.usda.gov/fdc-app.html#/food-details/2754039/nutrients
USDA-FDC-2754040,Sun-Maid Mediterranean Pitted Dried Apricot 15oz Resealable Canister,Sun-Maid Growers,Fruit - Prepared/Processed,US,041143075715,00041143075715,0,40,225,CONVENIENCE|FOOD_SERVICE|GROCERY,2026-02-19,2026-01-22,,UNKNOWN,https://fdc.nal.usda.gov/fdc-app.html#/food-details/2754040/nutrients
USDA-FDC-2754041,Sun-Maid Farmstand Reserve Sea Salt Choc Bnna Chips 5-Ct Bx/.8oz Bag,Sun-Maid Growers,Fruit - Prepared/Processed,US,041143070598,00041143070598,0,23,478,CONVENIENCE|FOOD_SERVICE|GROCERY,2026-02-19,2026-01-23,,UNKNOWN,https://fdc.nal.usda.gov/fdc-app.html#/food-details/2754041/nutrients
USDA-FDC-2754042,Sun-Maid Farmstand Reserve Dried Whole Cranberries 5-Ct Box/.8oz Bag,Sun-Maid Growers,Fruit - Prepared/Processed,US,041143070581,00041143070581,0,23,348,CONVENIENCE|FOOD_SERVICE|GROCERY,2026-02-19,2026-01-21,,UNKNOWN,https://fdc.nal.usda.gov/fdc-app.html#/food-details/2754042/nutrients
USDA-FDC-2754043,Sun-Maid Farmstand Reserve Sea Salt Coca Carmel Rsn 5-Ct Bx/.8oz Bag,Sun-Maid Growers,Fruit - Prepared/Processed,US,041143070574,00041143070574,0,23,391,CONVENIENCE|FOOD_SERVICE|GROCERY,2026-02-19,2026-01-29,,UNKNOWN,https://fdc.nal.usda.gov/fdc-app.html#/food-details/2754043/nutrients
USDA-FDC-2754044,Sun-Maid Farmstand Reserve Dried Mixed Berries 5-Ct Box/.8oz Bag,Sun-Maid Growers,Fruit - Prepared/Processed,US,041143070567,00041143070567,0,23,348,CONVENIENCE|FOOD_SERVICE|GROCERY,2026-02-19,2026-01-22,,UNKNOWN,https://fdc.nal.usda.gov/fdc-app.html#/food-details/2754044/nutrients
USDA-FDC-2754045,Sun-Maid Dried Mixed Berries 15oz Fresh-Lock Zipper Bag,Sun-Maid Growers,Fruit - Prepared/Processed,US,041143070079,00041143070079,0,40,325,CONVENIENCE|FOOD_SERVICE|GROCERY,2026-02-19,2026-01-22,,UNKNOWN,https://fdc.nal.usda.gov/fdc-app.html#/food-details/2754045/nutrients
USDA-FDC-2754047,Sun-Maid Dried Mango 15 oz Fresh-Lock Zipper Bag,Sun-Maid Growers,Fruit - Prepared/Processed,US,041143070062,00041143070062,0,40,350,CONVENIENCE|FOOD_SERVICE|GROCERY,2026-02-19,2026-01-22,,UNKNOWN,https://fdc.nal.usda.gov/fdc-app.html#/food-details/2754047/nutrients
USDA-FDC-2754050,Sun-Maid California Sun-Dried Zante Currants 8oz Resealable Bag,Sun-Maid Growers,Fruit - Prepared/Processed,US,041143049419,00041143049419,0,40,300,CONVENIENCE|FOOD_SERVICE|GROCERY,2026-02-19,2026-01-22,,UNKNOWN,https://fdc.nal.usda.gov/fdc-app.html#/food-details/2754050/nutrients
USDA-FDC-2754056,Bush's Brown Sugar Reduced Sodium & Sugar Baked Beans 15.7 oz,Bush Brothers & Company,Vegetables - Prepared/Processed,US,039400103431,00039400103431,0,130,108,CHILD_NUTRITION_FOOD_PROGRAMS|GROCERY,2026-02-19,2024-03-06,,UNKNOWN,https://fdc.nal.usda.gov/fdc-app.html#/food-details/2754056/nutrients
USDA-FDC-2754057,Bush's Sweet and Tangy Reduced Sodium & Sugar Baked Beans 15.7 oz,Bush Brothers & Company,Vegetables - Prepared/Processed,US,039400103394,00039400103394,0,130,108,CHILD_NUTRITION_FOOD_PROGRAMS|GROCERY,2026-02-19,2024-03-06,,UNKNOWN,https://fdc.nal.usda.gov/fdc-app.html#/food-details/2754057/nutrients
USDA-FDC-2754100,Kellogg's Town House Pita Cracker Sea Salt Pita Crisp 9.5oz,Kellogg Company US,Biscuits/Cookies,US,030100784586,00030100784586,0,15,467,DRUG|GROCERY|MASS_MERCHANDISING|MILITARY|ONLINE,2026-02-19,2026-01-28,,UNKNOWN,https://fdc.nal.usda.gov/fdc-app.html#/food-details/2754100/nutrients
USDA-FDC-2754110,Kellogg's Town House Crackers Flipsides Original 9.2oz,Kellogg Company US,Biscuits/Cookies,US,030100103097,00030100103097,0,15,467,DRUG|GROCERY|MASS_MERCHANDISING|MILITARY|ONLINE,2026-02-19,2026-01-28,,UNKNOWN,https://fdc.nal.usda.gov/fdc-app.html#/food-details/2754110/nutrients
USDA-FDC-2754113,Kellogg's Club Crackers Reduced Fat 11.7oz,Kellogg Company US,Biscuits/Cookies,US,030100100706,00030100100706,0,16,438,GROCERY|ONLINE,2026-02-19,2026-01-13,,UNKNOWN,https://fdc.nal.usda.gov/fdc-app.html#/food-details/2754113/nutrients
USDA-FDC-2754122,MAGGI Boullion Chicken Flavor Halal (24x.74oz) Box,Société des Produits Nestlé S.A.,Herbs/Spices/Extracts,US,028000088064,00028000088064,0,5,300,GROCERY,2026-02-19,2026-01-25,,UNKNOWN,https://fdc.nal.usda.gov/fdc-app.html#/food-details/2754122/nutrients
USDA-FDC-2754427,DIGORNO Frozen Pizza Ultra Thin Crust Carnivore 3x15oz Box,Société des Produits Nestlé S.A.,Savoury Bakery Products,US,071921695620,00071921695620,0,142,261,GROCERY,2026-03-12,2026-02-17,,UNKNOWN,https://fdc.nal.usda.gov/fdc-app.html#/food-details/2754427/nutrients
USDA-FDC-2754428,CALIFORNIA PIZZA KITCHEN Thin Flakey Pizza Pepperoni and Hot Honey 10.3oz Box,Société des Produits Nestlé S.A.,Savoury Bakery Products,US,071921418441,00071921418441,0,153,327,GROCERY,2026-03-12,2026-02-15,,UNKNOWN,https://fdc.nal.usda.gov/fdc-app.html#/food-details/2754428/nutrients
USDA-FDC-2754430,CALIFORNIA PIZZA KITCHEN Sicilian Pizza 5.9oz Box,Société des Produits Nestlé S.A.,Savoury Bakery Products,US,071921295516,00071921295516,0,169,278,GROCERY,2026-03-12,2026-02-15,,UNKNOWN,https://fdc.nal.usda.gov/fdc-app.html#/food-details/2754430/nutrients
USDA-FDC-2754552,"Kool-Aid Sours Artificially Flavored Drink, 1 Bottle, for On-the-Go Hydration, Cherry Bomb, Sour Candy Flavor, No Artificial Dyes, 16 oz",Kraft Foods Inc.,Non Alcoholic Beverages - Ready to Drink,US,043000096680,00043000096680,0,487.190002441,21,GROCERY,2026-03-12,2026-02-24,,UNKNOWN,https://fdc.nal.usda.gov/fdc-app.html#/food-details/2754552/nutrients
USDA-FDC-2754558,Hot Pockets Crispy Crust Pepperoni Pizza Frozen Sandwiches 54 oz 12 pack Box,Société des Produits Nestlé S.A.,Sandwiches/Filled Rolls/Wraps,US,043695276329,00043695276329,0,127,252,GROCERY,2026-03-12,2026-02-16,,UNKNOWN,https://fdc.nal.usda.gov/fdc-app.html#/food-details/2754558/nutrients
USDA-FDC-2754600,Thaw And Serve Chocolate Chunk Cookies,ASPIRE BAKERIES,Biscuits/Cookies,US,013087242904,00013087242904,0,28,459,GROCERY,2026-03-12,2026-02-05,,UNKNOWN,https://fdc.nal.usda.gov/fdc-app.html#/food-details/2754600/nutrients
USDA-FDC-2754601,Thaw And Serve Birthday Cake Cookie(S) With Natural And Artificial Flavors,ASPIRE BAKERIES,Biscuits/Cookies,US,013087242911,00013087242911,0,28,459,GROCERY,2026-03-12,2026-02-02,,UNKNOWN,https://fdc.nal.usda.gov/fdc-app.html#/food-details/2754601/nutrients
USDA-FDC-2754658,"Swanson White Premium Shredded Chicken Breast with Rib Meat Packed in Water, 9.75 Oz",CAMPBELL SOUP COMPANY,Meat/Poultry/Other Animals - Prepared/Processed,US,051000297037,00051000297037,0,85,94,GROCERY,2026-03-12,2026-02-24,,UNKNOWN,https://fdc.nal.usda.gov/fdc-app.html#/food-details/2754658/nutrients
USDA-FDC-2754662,"Lance Sandwich Cookies, Nekot Peanut Butter, 40 Packs",Snyder's-Lance INC.,Biscuits/Cookies,US,076410901503,00076410901503,0,49,490,GROCERY,2026-03-12,2026-02-28,,UNKNOWN,https://fdc.nal.usda.gov/fdc-app.html#/food-details/2754662/nutrients
USDA-FDC-2754716,"Quality Chef Cinnamon Apples, 5/6 lb Case (Bag)",Kraft Foods Inc.,Prepared Soups,US,10070085795754,10070085795754,0,135,133,GROCERY,2026-03-12,2026-02-27,,UNKNOWN,https://fdc.nal.usda.gov/fdc-app.html#/food-details/2754716/nutrients
USDA-FDC-2754744,Bush's Barbecue Baked Beans 12-28 oz,Bush Brothers & Company,Vegetables - Prepared/Processed,US,10039400011993,10039400011993,0,130,123,CHILD_NUTRITION_FOOD_PROGRAMS|GROCERY,2026-03-12,2026-02-09,,UNKNOWN,https://fdc.nal.usda.gov/fdc-app.html#/food-details/2754744/nutrients
USDA-FDC-2754746,Bush's Blackeye Peas with Bacon 12-15.5 oz,Bush Brothers & Company,Vegetables - Prepared/Processed,US,10039400013577,10039400013577,0,130,85,CHILD_NUTRITION_FOOD_PROGRAMS|GROCERY,2026-03-12,2026-02-09,,UNKNOWN,https://fdc.nal.usda.gov/fdc-app.html#/food-details/2754746/nutrients
USDA-FDC-2754747,Bush's Blackeye Peas with Snaps 12-15.8 oz,Bush Brothers & Company,Vegetables - Prepared/Processed,US,10039400013713,10039400013713,0,130,85,CHILD_NUTRITION_FOOD_PROGRAMS|GROCERY,2026-03-12,2026-02-09,,UNKNOWN,https://fdc.nal.usda.gov/fdc-app.html#/food-details/2754747/nutrients
USDA-FDC-2754775,Bush's Crowder Peas 12-15 oz,Bush Brothers & Company,Vegetables - Prepared/Processed,US,10039400013805,10039400013805,0,130,85,CHILD_NUTRITION_FOOD_PROGRAMS|GROCERY,2026-03-12,2026-02-09,,UNKNOWN,https://fdc.nal.usda.gov/fdc-app.html#/food-details/2754775/nutrients
USDA-FDC-2754784,Bush's Purple Hull Peas 12-15.8 oz,Bush Brothers & Company,Vegetables - Prepared/Processed,US,10039400013911,10039400013911,0,130,85,CHILD_NUTRITION_FOOD_PROGRAMS|GROCERY,2026-03-12,2026-02-09,,UNKNOWN,https://fdc.nal.usda.gov/fdc-app.html#/food-details/2754784/nutrients
USDA-FDC-2754788,Bush's Black Beans 12-26.5 oz,Bush Brothers & Company,Vegetables - Prepared/Processed,US,10039400018824,10039400018824,0,130,77,CHILD_NUTRITION_FOOD_PROGRAMS|GROCERY,2026-03-12,2026-02-09,,UNKNOWN,https://fdc.nal.usda.gov/fdc-app.html#/food-details/2754788/nutrients
USDA-FDC-2754790,Bush's Traditional Refried Beans 12-16 oz,Bush Brothers & Company,Vegetables - Prepared/Processed,US,10039400018916,10039400018916,0,130,108,CHILD_NUTRITION_FOOD_PROGRAMS|GROCERY,2026-03-12,2026-02-09,,UNKNOWN,https://fdc.nal.usda.gov/fdc-app.html#/food-details/2754790/nutrients
USDA-FDC-2754793,Bush's Bourbon and Brown Sugar Grillin' Beans 12-22 oz,Bush Brothers & Company,Vegetables - Prepared/Processed,US,10039400019104,10039400019104,0,130,131,CHILD_NUTRITION_FOOD_PROGRAMS|GROCERY,2026-03-12,2026-02-09,,UNKNOWN,https://fdc.nal.usda.gov/fdc-app.html#/food-details/2754793/nutrients
USDA-FDC-2754799,Bush's Maple & Cured Bacon Baked Beans 12-28 oz,Bush Brothers & Company,Vegetables - Prepared/Processed,US,10039400019708,10039400019708,0,130,115,CHILD_NUTRITION_FOOD_PROGRAMS|GROCERY,2026-03-12,2026-02-09,,UNKNOWN,https://fdc.nal.usda.gov/fdc-app.html#/food-details/2754799/nutrients
USDA-FDC-2754807,Bush's Low Sodium Red Beans in a Mild Chili Sauce 12-15 oz,Bush Brothers & Company,Vegetables - Prepared/Processed,US,10039400106743,10039400106743,0,130,100,CHILD_NUTRITION_FOOD_PROGRAMS|GROCERY,2026-03-12,2026-02-09,,UNKNOWN,https://fdc.nal.usda.gov/fdc-app.html#/food-details/2754807/nutrients
USDA-FDC-2754809,Bush's Brown Sugar Reduced Sodium & Sugar Baked Beans 12-15.7 oz,Bush Brothers & Company,Vegetables - Prepared/Processed,US,10039400103438,10039400103438,0,130,108,CHILD_NUTRITION_FOOD_PROGRAMS|GROCERY,2026-03-12,2026-02-09,,UNKNOWN,https://fdc.nal.usda.gov/fdc-app.html#/food-details/2754809/nutrients
USDA-FDC-2754811,Bush's Sweet and Tangy Reduced Sodium & Sugar Baked Beans 12-15.7 oz,Bush Brothers & Company,Vegetables - Prepared/Processed,US,10039400103391,10039400103391,0,130,108,CHILD_NUTRITION_FOOD_PROGRAMS|GROCERY,2026-03-12,2026-02-09,,UNKNOWN,https://fdc.nal.usda.gov/fdc-app.html#/food-details/2754811/nutrients
USDA-FDC-2754817,Bush's Brown Sugar Hickory Baked Beans 12-28 oz,Bush Brothers & Company,Vegetables - Prepared/Processed,US,10039400019777,10039400019777,0,130,123,CHILD_NUTRITION_FOOD_PROGRAMS|GROCERY,2026-03-12,2026-02-09,,UNKNOWN,https://fdc.nal.usda.gov/fdc-app.html#/food-details/2754817/nutrients
USDA-FDC-2754821,Bush's Seasoned Recipe Pinto Beans 12-16 oz,Bush Brothers & Company,Vegetables - Prepared/Processed,US,10039400018138,10039400018138,0,130,69,CHILD_NUTRITION_FOOD_PROGRAMS|GROCERY,2026-03-12,2026-02-09,,UNKNOWN,https://fdc.nal.usda.gov/fdc-app.html#/food-details/2754821/nutrients
USDA-FDC-2754831,Bush's Pinto Beans 6-53 oz,Bush Brothers & Company,Vegetables - Prepared/Processed,US,10039400016431,10039400016431,0,130,85,CHILD_NUTRITION_FOOD_PROGRAMS|GROCERY,2026-03-12,2026-02-09,,UNKNOWN,https://fdc.nal.usda.gov/fdc-app.html#/food-details/2754831/nutrients
USDA-FDC-2754834,Bush's Large Butter Beans 12-16 oz,Bush Brothers & Company,Vegetables - Prepared/Processed,US,10039400016721,10039400016721,0,130,85,CHILD_NUTRITION_FOOD_PROGRAMS|GROCERY,2026-03-12,2026-02-09,,UNKNOWN,https://fdc.nal.usda.gov/fdc-app.html#/food-details/2754834/nutrients
USDA-FDC-2754836,Bush's Reduced Sodium Garbanzo Beans 12-16 oz,Bush Brothers & Company,Vegetables - Prepared/Processed,US,10039400017063,10039400017063,0,130,92,CHILD_NUTRITION_FOOD_PROGRAMS|GROCERY,2026-03-12,2026-02-09,,UNKNOWN,https://fdc.nal.usda.gov/fdc-app.html#/food-details/2754836/nutrients
USDA-FDC-2754838,Bush's Golden Hominy 12-30 oz,Bush Brothers & Company,Vegetables - Prepared/Processed,US,10039400017162,10039400017162,0,130,85,CHILD_NUTRITION_FOOD_PROGRAMS|GROCERY,2026-03-12,2026-02-09,,UNKNOWN,https://fdc.nal.usda.gov/fdc-app.html#/food-details/2754838/nutrients
USDA-FDC-2754843,Bush's Great Northern Beans 12-15.8 oz,Bush Brothers & Company,Vegetables - Prepared/Processed,US,10039400017841,10039400017841,0,130,77,CHILD_NUTRITION_FOOD_PROGRAMS|GROCERY,2026-03-12,2026-02-10,,UNKNOWN,https://fdc.nal.usda.gov/fdc-app.html#/food-details/2754843/nutrients
USDA-FDC-2754846,Bush's Navy Beans 12-16 oz,Bush Brothers & Company,Vegetables - Prepared/Processed,US,10039400017735,10039400017735,0,130,77,CHILD_NUTRITION_FOOD_PROGRAMS|GROCERY,2026-03-12,2026-02-09,,UNKNOWN,https://fdc.nal.usda.gov/fdc-app.html#/food-details/2754846/nutrients
USDA-FDC-2754849,Bush's Reduced Sodium Dark Red Kidney Beans 12-16 oz,Bush Brothers & Company,Vegetables - Prepared/Processed,US,10039400017308,10039400017308,0,130,92,CHILD_NUTRITION_FOOD_PROGRAMS|GROCERY,2026-03-12,2026-02-09,,UNKNOWN,https://fdc.nal.usda.gov/fdc-app.html#/food-details/2754849/nutrients
USDA-FDC-2754850,Bush's White Hominy 12-30 oz,Bush Brothers & Company,Vegetables - Prepared/Processed,US,10039400017278,10039400017278,0,130,62,CHILD_NUTRITION_FOOD_PROGRAMS|GROCERY,2026-03-12,2026-02-09,,UNKNOWN,https://fdc.nal.usda.gov/fdc-app.html#/food-details/2754850/nutrients
USDA-FDC-2754851,Bush's White Hominy 12-15.5 oz,Bush Brothers & Company,Vegetables - Prepared/Processed,US,10039400017209,10039400017209,0,130,62,CHILD_NUTRITION_FOOD_PROGRAMS|GROCERY,2026-03-12,2026-02-09,,UNKNOWN,https://fdc.nal.usda.gov/fdc-app.html#/food-details/2754851/nutrients
USDA-FDC-2754853,Bush's Light Red Kidney Beans 12-16 oz,Bush Brothers & Company,Vegetables - Prepared/Processed,US,10039400017483,10039400017483,0,130,92,CHILD_NUTRITION_FOOD_PROGRAMS|GROCERY,2026-03-12,2026-02-09,,UNKNOWN,https://fdc.nal.usda.gov/fdc-app.html#/food-details/2754853/nutrients
USDA-FDC-2755029,Smart Way Seedless Raisins 12oz Bag in a Box,Kroger Corporate Brands,Fruit - Prepared/Processed,US,011110158536,00011110158536,0,40,300,CONVENIENCE|FOOD_SERVICE|GROCERY,2026-03-12,2026-02-06,,UNKNOWN,https://fdc.nal.usda.gov/fdc-app.html#/food-details/2755029/nutrients
USDA-FDC-2755030,Kroger Pitted Prunes Dried Plums 16oz Reclosable Canister,Kroger Corporate Brands,Fruit - Prepared/Processed,US,011110158543,00011110158543,0,40,250,CONVENIENCE|FOOD_SERVICE|GROCERY,2026-03-12,2026-02-06,,UNKNOWN,https://fdc.nal.usda.gov/fdc-app.html#/food-details/2755030/nutrients
USDA-FDC-2755031,Kroger Pitted Prunes Dried Plums 8oz Reclosable Zipper Bag,Kroger Corporate Brands,Fruit - Prepared/Processed,US,011110158550,00011110158550,0,40,250,CONVENIENCE|FOOD_SERVICE|GROCERY,2026-03-12,2026-02-10,,UNKNOWN,https://fdc.nal.usda.gov/fdc-app.html#/food-details/2755031/nutrients
USDA-FDC-2755050,VITAL PURSUIT BY LIFE CUISINE Garlic Herb Grilled Chicken Bowl 9.5oz,Société des Produits Nestlé S.A.,Ready-Made Combination Meals,US,013800664952,00013800664952,0,269,126,GROCERY,2026-03-12,2026-02-15,,UNKNOWN,https://fdc.nal.usda.gov/fdc-app.html#/food-details/2755050/nutrients
USDA-FDC-2755051,LEAN CUISINE Favorites Grilled Chicken Caesar 8.5 oz Box,Société des Produits Nestlé S.A.,Ready-Made Combination Meals,US,013800552419,00013800552419,0,241,100,GROCERY,2026-03-12,2026-02-15,,UNKNOWN,https://fdc.nal.usda.gov/fdc-app.html#/food-details/2755051/nutrients
USDA-FDC-2755053,LIFE CUISINE High Protein Lifestyle Chicken Enchilada Bowl 10oz. Box,Société des Produits Nestlé S.A.,Ready-Made Combination Meals,US,013800512789,00013800512789,0,283,124,GROCERY,2026-03-12,2026-02-24,,UNKNOWN,https://fdc.nal.usda.gov/fdc-app.html#/food-details/2755053/nutrients
USDA-FDC-2755054,STOUFFER'S Family Size Chicken Alfredo Frozen Entre 31oz,Société des Produits Nestlé S.A.,Ready-Made Combination Meals,US,013800425959,00013800425959,0,242,136,GROCERY,2026-03-12,2026-02-16,,UNKNOWN,https://fdc.nal.usda.gov/fdc-app.html#/food-details/2755054/nutrients
USDA-FDC-2755057,STOUFFER'S Family Size Grandma Chicken and Vegetable Rice Bake Frozen Entre 36oz,Société des Produits Nestlé S.A.,Ready-Made Combination Meals,US,013800190864,00013800190864,0,236,148,GROCERY,2026-03-12,2026-02-15,,UNKNOWN,https://fdc.nal.usda.gov/fdc-app.html#/food-details/2755057/nutrients
USDA-FDC-2755058,LEAN CUISINE Glazed Turkey Tenderloins 9oz. Box,Société des Produits Nestlé S.A.,Ready-Made Combination Meals,US,013800172037,00013800172037,0,255,114,GROCERY,2026-03-12,2026-02-15,,UNKNOWN,https://fdc.nal.usda.gov/fdc-app.html#/food-details/2755058/nutrients
USDA-FDC-2755060,STOUFFER Frozen Meal Slow-Roasted Steak and Potatoes slow-roasted steak with vegetables over mashed potatoes and gravy 13.5oz Box,Société des Produits Nestlé S.A.,Ready-Made Combination Meals,US,013800475626,00013800475626,0,382,102,GROCERY,2026-03-12,2026-02-15,,UNKNOWN,https://fdc.nal.usda.gov/fdc-app.html#/food-details/2755060/nutrients
USDA-FDC-2755203,Bush's Classic Homestyle Chili Magic Chili Starter 12-15.5 oz,Bush Brothers & Company,Vegetable Based Products / Meals,US,039400019015,00039400019015,0,130,69,CHILD_NUTRITION_FOOD_PROGRAMS|GROCERY,2026-03-12,2026-02-09,,UNKNOWN,https://fdc.nal.usda.gov/fdc-app.html#/food-details/2755203/nutrients
USDA-FDC-2755205,Bush's Brown Sugar Hickory Baked Beans 28 oz,Bush Brothers & Company,Vegetables - Prepared/Processed,US,039400019770,00039400019770,0,130,123,CHILD_NUTRITION_FOOD_PROGRAMS|GROCERY,2026-03-12,2026-02-09,,UNKNOWN,https://fdc.nal.usda.gov/fdc-app.html#/food-details/2755205/nutrients
USDA-FDC-2755206,Bush's Black Beans 12-15 oz - DP,Bush Brothers & Company,Vegetables - Prepared/Processed,US,039400918813,00039400918813,0,130,100,CHILD_NUTRITION_FOOD_PROGRAMS|GROCERY,2026-03-12,2026-02-09,,UNKNOWN,https://fdc.nal.usda.gov/fdc-app.html#/food-details/2755206/nutrients
USDA-FDC-2755207,Sun-Maid Farmstand Reserve Sea Salt Choc Bana Chips .8oz Bag,Sun-Maid Growers,Fruit - Prepared/Processed,US,041143070666,00041143070666,0,23,478,CONVENIENCE|FOOD_SERVICE|GROCERY,2026-03-12,2026-02-11,,UNKNOWN,https://fdc.nal.usda.gov/fdc-app.html#/food-details/2755207/nutrients
USDA-FDC-2755217,Bush's Traditional Refried Beans 16 oz,Bush Brothers & Company,Vegetables - Prepared/Processed,US,039400018919,00039400018919,0,130,108,CHILD_NUTRITION_FOOD_PROGRAMS|GROCERY,2026-03-12,2026-02-09,,UNKNOWN,https://fdc.nal.usda.gov/fdc-app.html#/food-details/2755217/nutrients
USDA-FDC-2755235,Bush's White Hominy 15.5 oz,Bush Brothers & Company,Vegetables - Prepared/Processed,US,039400017233,00039400017233,0,130,62,CHILD_NUTRITION_FOOD_PROGRAMS|GROCERY,2026-03-12,2026-02-09,,UNKNOWN,https://fdc.nal.usda.gov/fdc-app.html#/food-details/2755235/nutrients
USDA-FDC-2755236,Bush's Golden Hominy 15.5 oz,Bush Brothers & Company,Vegetables - Prepared/Processed,US,039400017127,00039400017127,0,130,85,CHILD_NUTRITION_FOOD_PROGRAMS|GROCERY,2026-03-12,2026-02-09,,UNKNOWN,https://fdc.nal.usda.gov/fdc-app.html#/food-details/2755236/nutrients
USDA-FDC-2755254,Bush's Blackeye Peas with Bacon 15.5 oz,Bush Brothers & Company,Vegetables - Prepared/Processed,US,039400013587,00039400013587,0,130,85,CHILD_NUTRITION_FOOD_PROGRAMS|GROCERY,2026-03-12,2026-02-09,,UNKNOWN,https://fdc.nal.usda.gov/fdc-app.html#/food-details/2755254/nutrients
USDA-FDC-2755360,NIDO Kinder 1+ Years Toddler Lacto-Ease Powdered Milk Beverage 1.76lb Cannister,Société des Produits Nestlé S.A.,Milk/Milk Substitutes,US,028000934873,00028000934873,0,36,444,GROCERY,2026-03-12,2026-02-27,,UNKNOWN,https://fdc.nal.usda.gov/fdc-app.html#/food-details/2755360/nutrients
USDA-FDC-2755363,NIDO 3+ PREBIO 1.76lb(800g) Canister,Société des Produits Nestlé S.A.,Milk/Milk Substitutes,US,028000610302,00028000610302,0,40,450,GROCERY,2026-03-12,2026-02-15,,UNKNOWN,https://fdc.nal.usda.gov/fdc-app.html#/food-details/2755363/nutrients
USDA-FDC-2755367,NESTLE TOLL HOUSE Baking Item Semi Sweet,Société des Produits Nestlé S.A.,Baking/Cooking Mixes/Supplies,US,028000043964,00028000043964,0,14,500,GROCERY,2026-03-12,2026-02-04,,UNKNOWN,https://fdc.nal.usda.gov/fdc-app.html#/food-details/2755367/nutrients
USDA-FDC-2755372,MAGGI HOT & SWEET TCS Bottle 500g,Société des Produits Nestlé S.A.,Sauces/Spreads/Dips/Condiments,US,028000203139,00028000203139,0,32,156,GROCERY,2026-03-12,2026-02-17,,UNKNOWN,https://fdc.nal.usda.gov/fdc-app.html#/food-details/2755372/nutrients
USDA-FDC-2755408,"Sunflower Kernels Honey Roasted, 1.2 oz packs, 150/case, USA grown",Sunrich Products LLC,Nuts/Seeds - Prepared/Processed,US,20850059916012,20850059916012,0,34,559,CHILD_NUTRITION_FOOD_PROGRAMS|CONVENIENCE|FOOD_SERVICE|GROCERY|INSTITUTIONAL|MILITARY,2026-03-12,2026-02-05,,UNKNOWN,https://fdc.nal.usda.gov/fdc-app.html#/food-details/2755408/nutrients
USDA-FDC-2757994,DIGIORNO CHEESE STUFFED CRUST Pepperoni 6in 8.5oz Box,Société des Produits Nestlé S.A.,Savoury Bakery Products,US,071921016692,00071921016692,0,241,270,GROCERY,2026-04-23,2026-03-22,,UNKNOWN,https://fdc.nal.usda.gov/fdc-app.html#/food-details/2757994/nutrients
USDA-FDC-2757995,TOMBSTONE Garlic Bread Pepperoni 12in Frozen Pizza 27oz Pack,Société des Produits Nestlé S.A.,Savoury Bakery Products,US,071921142087,00071921142087,0,127,268,GROCERY,2026-04-23,2026-03-12,,UNKNOWN,https://fdc.nal.usda.gov/fdc-app.html#/food-details/2757995/nutrients
USDA-FDC-2757996,TOMBSTONE Original Sausage and Mushroom 12in Frozen Pizza 21.3oz Pack,Société des Produits Nestlé S.A.,Savoury Bakery Products,US,071921174767,00071921174767,0,151,232,GROCERY,2026-04-23,2026-03-12,,UNKNOWN,https://fdc.nal.usda.gov/fdc-app.html#/food-details/2757996/nutrients
USDA-FDC-2757997,Tombstone Original Supreme 12in Frozen Pizza 20.8oz Package,Société des Produits Nestlé S.A.,Savoury Bakery Products,US,071921199548,00071921199548,0,147,238,GROCERY,2026-04-23,2026-03-12,,UNKNOWN,https://fdc.nal.usda.gov/fdc-app.html#/food-details/2757997/nutrients
USDA-FDC-2757998,DIGIORNO Cheese 5 Cheese 12in 12x22.2oz,Société des Produits Nestlé S.A.,Savoury Bakery Products,US,071921206161,00071921206161,0,126,246,GROCERY,2026-04-23,2026-03-22,,UNKNOWN,https://fdc.nal.usda.gov/fdc-app.html#/food-details/2757998/nutrients
USDA-FDC-2757999,Tombstone Original 4 Meat 12in Frozen Pizza 21.1oz Pack,Société des Produits Nestlé S.A.,Savoury Bakery Products,US,071921564209,00071921564209,0,149,248,GROCERY,2026-04-23,2026-03-12,,UNKNOWN,https://fdc.nal.usda.gov/fdc-app.html#/food-details/2757999/nutrients
USDA-FDC-2758000,DIGIORNO Cheese 3 Meat 12in 12x24.5,Société des Produits Nestlé S.A.,Savoury Bakery Products,US,071921743741,00071921743741,0,139,252,GROCERY,2026-04-23,2026-03-22,,UNKNOWN,https://fdc.nal.usda.gov/fdc-app.html#/food-details/2758000/nutrients
USDA-FDC-2758001,Cheese Stuffed Crust Supreme 26.4oz Box,Société des Produits Nestlé S.A.,Savoury Bakery Products,US,071921825881,00071921825881,0,150,240,GROCERY,2026-04-23,2026-03-22,,UNKNOWN,https://fdc.nal.usda.gov/fdc-app.html#/food-details/2758001/nutrients
USDA-FDC-2758051,NESTLE COFFEE-MATE French Vanilla Powder Coffee Creamer 15 oz. Canister,Société des Produits Nestlé S.A.,Cream/Cream Substitutes,US,050000207084,00050000207084,0,2,500,GROCERY,2026-04-23,2026-03-12,,UNKNOWN,https://fdc.nal.usda.gov/fdc-app.html#/food-details/2758051/nutrients
USDA-FDC-2758083,"Crystal Light Drink Mix, 1 Packet, for Convenient On-the-Go Flavorful Hydration, Fruit Punch Artificial Flavor, Zero Sugar, 0.09 oz",Kraft Foods Inc.,Non Alcoholic Beverages - Not Ready to Drink,US,043000000953,00043000000953,0,2.67910003662,187,GROCERY,2026-04-23,2026-03-06,,UNKNOWN,https://fdc.nal.usda.gov/fdc-app.html#/food-details/2758083/nutrients
USDA-FDC-2758156,"Kool-Aid Jammers Orange Thunder vs Citrus Champs Artificially Flavored Drink, 10 Pouches, for On-the-Go, on the Bench, or in the Stands, Orange Flavor, No Artificial Dyes, 6 fl oz",Kraft Foods Inc.,Non Alcoholic Beverages - Ready to Drink,US,043000096765,00043000096765,0,354,13,GROCERY,2026-04-23,2026-03-05,,UNKNOWN,https://fdc.nal.usda.gov/fdc-app.html#/food-details/2758156/nutrients
USDA-FDC-2758159,"Crystal Light Drink Mix, 10 Packets, for Convenient On-the-Go Flavorful Hydration, Lemonade Natural Flavor With Other Natural Flavors, Zero Sugar, 1.4 oz",Kraft Foods Inc.,Non Alcoholic Beverages - Not Ready to Drink,US,043000945025,00043000945025,0,4,250,GROCERY,2026-04-23,2026-03-26,,UNKNOWN,https://fdc.nal.usda.gov/fdc-app.html#/food-details/2758159/nutrients
USDA-FDC-2758184,"Red Gold Barbecue Sauce, 1oz Dip Cup","Red Gold, Inc.",Sauces/Spreads/Dips/Condiments,US,072940115809,00072940115809,0,28,125,FOOD_SERVICE|GROCERY,2026-04-23,2026-03-25,,UNKNOWN,https://fdc.nal.usda.gov/fdc-app.html#/food-details/2758184/nutrients
USDA-FDC-2758185,"Mama Selita's Jalapeno Ketchup, 20oz Bottle - Case of 6","Red Gold, Inc.",Sauces/Spreads/Dips/Condiments,US,30072940001172,30072940001172,0,17,118,CHILD_NUTRITION_FOOD_PROGRAMS|FOOD_SERVICE|GROCERY,2026-04-23,2026-03-19,,UNKNOWN,https://fdc.nal.usda.gov/fdc-app.html#/food-details/2758185/nutrients
USDA-FDC-2758186,"Red Gold Barbecue Sauce, 1oz Dip Cup - CS of 250","Red Gold, Inc.",Sauces/Spreads/Dips/Condiments,US,80072940115805,80072940115805,0,28,125,CHILD_NUTRITION_FOOD_PROGRAMS|FOOD_SERVICE|GROCERY,2026-04-23,2026-03-25,,UNKNOWN,https://fdc.nal.usda.gov/fdc-app.html#/food-details/2758186/nutrients
USDA-FDC-2758202,Kroger Seedless Raisins 32oz Reclosable Zipper Bag,Kroger Corporate Brands,Fruit - Prepared/Processed,US,011110024596,00011110024596,0,40,300,CONVENIENCE|FOOD_SERVICE|GROCERY,2026-04-23,2026-02-06,,UNKNOWN,https://fdc.nal.usda.gov/fdc-app.html#/food-details/2758202/nutrients
USDA-FDC-2758204,Kroger Seedless Raisins 6-Count/1oz Cartons,Kroger Corporate Brands,Fruit - Prepared/Processed,US,011110914354,00011110914354,0,28,321,CONVENIENCE|FOOD_SERVICE|GROCERY,2026-04-23,2026-02-06,,UNKNOWN,https://fdc.nal.usda.gov/fdc-app.html#/food-details/2758204/nutrients
USDA-FDC-2758205,Kroger Seedless Raisins 20oz Reclosable Canister,Kroger Corporate Brands,Fruit - Prepared/Processed,US,011110914477,00011110914477,0,40,300,CONVENIENCE|FOOD_SERVICE|GROCERY,2026-04-23,2026-02-06,,UNKNOWN,https://fdc.nal.usda.gov/fdc-app.html#/food-details/2758205/nutrients
USDA-FDC-2758255,"Snack Factory Pretzel Crisps Bites, Honey Mustard Pretzels, 27 Oz",Snyder's-Lance INC.,Snacks,US,049508252214,00049508252214,0,25,464,GROCERY,2026-04-23,2026-03-20,,UNKNOWN,https://fdc.nal.usda.gov/fdc-app.html#/food-details/2758255/nutrients
USDA-FDC-2758306,Bob's Red Mill Coconut Flakes,BOB'S RED MILL NATURAL FOODS INC,Fruit/Nuts/Seeds Combination,US,039978105813,00039978105813,0,15,667,FOOD_SERVICE|GROCERY,2026-04-23,2026-03-27,,UNKNOWN,https://fdc.nal.usda.gov/fdc-app.html#/food-details/2758306/nutrients
USDA-FDC-2758383,Bush's Refried Black Beans 12-16 oz,Bush Brothers & Company,Vegetables - Prepared/Processed,US,10039400018947,10039400018947,0,130,115,CHILD_NUTRITION_FOOD_PROGRAMS|GROCERY,2026-04-23,2026-03-10,,UNKNOWN,https://fdc.nal.usda.gov/fdc-app.html#/food-details/2758383/nutrients
USDA-FDC-2758384,Bush's Smokehouse Tradition Grillin' Beans 12-22 oz,Bush Brothers & Company,Vegetables - Prepared/Processed,US,10039400019128,10039400019128,0,130,131,CHILD_NUTRITION_FOOD_PROGRAMS|GROCERY,2026-04-23,2026-03-10,,UNKNOWN,https://fdc.nal.usda.gov/fdc-app.html#/food-details/2758384/nutrients
USDA-FDC-2758385,Bush's Southern Pit Barbecue Grillin' Beans 12-22 oz,Bush Brothers & Company,Vegetables - Prepared/Processed,US,10039400019142,10039400019142,0,130,131,CHILD_NUTRITION_FOOD_PROGRAMS|GROCERY,2026-04-23,2026-03-10,,UNKNOWN,https://fdc.nal.usda.gov/fdc-app.html#/food-details/2758385/nutrients
USDA-FDC-2758386,Bush's Boston Recipe Baked Beans 12-16 oz,Bush Brothers & Company,Vegetables - Prepared/Processed,US,10039400019531,10039400019531,0,130,123,CHILD_NUTRITION_FOOD_PROGRAMS|GROCERY,2026-04-23,2026-03-10,,UNKNOWN,https://fdc.nal.usda.gov/fdc-app.html#/food-details/2758386/nutrients
USDA-FDC-2758387,Bush's Boston Recipe Baked Beans 12-28 oz,Bush Brothers & Company,Vegetables - Prepared/Processed,US,10039400019562,10039400019562,0,130,123,CHILD_NUTRITION_FOOD_PROGRAMS|GROCERY,2026-04-23,2026-03-10,,UNKNOWN,https://fdc.nal.usda.gov/fdc-app.html#/food-details/2758387/nutrients
USDA-FDC-2758388,Bush's Maple & Cured Bacon Baked Beans 12-16 oz,Bush Brothers & Company,Vegetables - Prepared/Processed,US,10039400019685,10039400019685,0,130,115,CHILD_NUTRITION_FOOD_PROGRAMS|GROCERY,2026-04-23,2026-03-10,,UNKNOWN,https://fdc.nal.usda.gov/fdc-app.html#/food-details/2758388/nutrients
USDA-FDC-2758389,Bush's Country Style Baked Beans 12-8.3 oz,Bush Brothers & Company,Vegetables - Prepared/Processed,US,10039400019715,10039400019715,0,235,128,CHILD_NUTRITION_FOOD_PROGRAMS|GROCERY,2026-04-23,2026-03-10,,UNKNOWN,https://fdc.nal.usda.gov/fdc-app.html#/food-details/2758389/nutrients
USDA-FDC-2758390,Bush's Country Style Baked Beans 12-16 oz,Bush Brothers & Company,Vegetables - Prepared/Processed,US,10039400019739,10039400019739,0,130,131,CHILD_NUTRITION_FOOD_PROGRAMS|GROCERY,2026-04-23,2026-03-10,,UNKNOWN,https://fdc.nal.usda.gov/fdc-app.html#/food-details/2758390/nutrients
USDA-FDC-2758391,Bush's Brown Sugar Hickory Baked Beans 12-16 oz,Bush Brothers & Company,Vegetables - Prepared/Processed,US,10039400019760,10039400019760,0,130,123,CHILD_NUTRITION_FOOD_PROGRAMS|GROCERY,2026-04-23,2026-03-10,,UNKNOWN,https://fdc.nal.usda.gov/fdc-app.html#/food-details/2758391/nutrients
USDA-FDC-2758392,Bush's Honey Sweet Baked Beans 12-16 oz,Bush Brothers & Company,Vegetables - Prepared/Processed,US,10039400019838,10039400019838,0,130,131,CHILD_NUTRITION_FOOD_PROGRAMS|GROCERY,2026-04-23,2026-03-10,,UNKNOWN,https://fdc.nal.usda.gov/fdc-app.html#/food-details/2758392/nutrients
USDA-FDC-2758393,Bush's Honey Sweet Baked Beans 12-28 oz,Bush Brothers & Company,Vegetables - Prepared/Processed,US,10039400019852,10039400019852,0,130,123,CHILD_NUTRITION_FOOD_PROGRAMS|GROCERY,2026-04-23,2026-03-10,,UNKNOWN,https://fdc.nal.usda.gov/fdc-app.html#/food-details/2758393/nutrients
USDA-FDC-2758394,SHOWBOAT Pork & Bean 6-53 oz,Bush Brothers & Company,Vegetables - Prepared/Processed,US,10039400026485,10039400026485,0,130,100,CHILD_NUTRITION_FOOD_PROGRAMS|GROCERY,2026-04-23,2026-03-10,,UNKNOWN,https://fdc.nal.usda.gov/fdc-app.html#/food-details/2758394/nutrients
USDA-FDC-2758395,SHOWBOAT Pork & Bean 12-27.5 oz,Bush Brothers & Company,Vegetables - Prepared/Processed,US,10039400028434,10039400028434,0,130,100,CHILD_NUTRITION_FOOD_PROGRAMS|GROCERY,2026-04-23,2026-03-10,,UNKNOWN,https://fdc.nal.usda.gov/fdc-app.html#/food-details/2758395/nutrients
USDA-FDC-2758396,Bush's Original Bean Dip 12-9.5 oz,Bush Brothers & Company,Vegetables - Prepared/Processed,US,10039400099168,10039400099168,0,30,100,CHILD_NUTRITION_FOOD_PROGRAMS|FOOD_SERVICE|GROCERY,2026-04-23,2026-03-10,,UNKNOWN,https://fdc.nal.usda.gov/fdc-app.html#/food-details/2758396/nutrients
USDA-FDC-2758397,Bush's Black Bean Bean Dip 12-9.5 oz,Bush Brothers & Company,Vegetables - Prepared/Processed,US,10039400099199,10039400099199,0,30,117,CHILD_NUTRITION_FOOD_PROGRAMS|FOOD_SERVICE|GROCERY,2026-04-23,2026-03-10,,UNKNOWN,https://fdc.nal.usda.gov/fdc-app.html#/food-details/2758397/nutrients
USDA-FDC-2758414,Bush's Reduced Sodium Black Beans 12-15 oz,Bush Brothers & Company,Vegetables - Prepared/Processed,US,10039400018831,10039400018831,0,130,92,CHILD_NUTRITION_FOOD_PROGRAMS|GROCERY,2026-04-23,2026-03-10,,UNKNOWN,https://fdc.nal.usda.gov/fdc-app.html#/food-details/2758414/nutrients
USDA-FDC-2758420,Bush's Barbecue Baked Beans 12-16 oz,Bush Brothers & Company,Vegetables - Prepared/Processed,US,10039400012013,10039400012013,0,130,115,CHILD_NUTRITION_FOOD_PROGRAMS|GROCERY,2026-04-23,2026-03-10,,UNKNOWN,https://fdc.nal.usda.gov/fdc-app.html#/food-details/2758420/nutrients
USDA-FDC-2758421,Bush's White Chili Beans 12-15.5 oz,Bush Brothers & Company,Vegetables - Prepared/Processed,US,10039400015014,10039400015014,0,130,85,CHILD_NUTRITION_FOOD_PROGRAMS|GROCERY,2026-04-23,2026-03-10,,UNKNOWN,https://fdc.nal.usda.gov/fdc-app.html#/food-details/2758421/nutrients
USDA-FDC-2758423,Bush's Homestyle Baked Beans 12-8.3 oz,Bush Brothers & Company,Vegetables - Prepared/Processed,US,10039400015908,10039400015908,0,235,111,CHILD_NUTRITION_FOOD_PROGRAMS|GROCERY,2026-04-23,2026-03-10,,UNKNOWN,https://fdc.nal.usda.gov/fdc-app.html#/food-details/2758423/nutrients
USDA-FDC-2758424,Bush's Homestyle Baked Beans 12-16 oz,Bush Brothers & Company,Vegetables - Prepared/Processed,US,10039400015939,10039400015939,0,130,115,CHILD_NUTRITION_FOOD_PROGRAMS|GROCERY,2026-04-23,2026-03-26,,UNKNOWN,https://fdc.nal.usda.gov/fdc-app.html#/food-details/2758424/nutrients
USDA-FDC-2758425,Bush's Homestyle Baked Beans 12-28 oz,Bush Brothers & Company,Vegetables - Prepared/Processed,US,10039400015946,10039400015946,0,130,115,CHILD_NUTRITION_FOOD_PROGRAMS|GROCERY,2026-04-23,2026-03-10,,UNKNOWN,https://fdc.nal.usda.gov/fdc-app.html#/food-details/2758425/nutrients
USDA-FDC-2758426,Bush's Baked Beans with Onion 12-16 oz,Bush Brothers & Company,Vegetables - Prepared/Processed,US,10039400016028,10039400016028,0,130,123,CHILD_NUTRITION_FOOD_PROGRAMS|GROCERY,2026-04-23,2026-03-10,,UNKNOWN,https://fdc.nal.usda.gov/fdc-app.html#/food-details/2758426/nutrients
USDA-FDC-2758427,Bush's Baked Beans with Onion 12-28 oz,Bush Brothers & Company,Vegetables - Prepared/Processed,US,10039400016035,10039400016035,0,130,123,CHILD_NUTRITION_FOOD_PROGRAMS|GROCERY,2026-04-23,2026-03-10,,UNKNOWN,https://fdc.nal.usda.gov/fdc-app.html#/food-details/2758427/nutrients
USDA-FDC-2758428,Bush's Original Baked Beans 12-8.3 oz,Bush Brothers & Company,Vegetables - Prepared/Processed,US,10039400016059,10039400016059,0,235,115,CHILD_NUTRITION_FOOD_PROGRAMS|GROCERY,2026-04-23,2026-03-10,,UNKNOWN,https://fdc.nal.usda.gov/fdc-app.html#/food-details/2758428/nutrients
USDA-FDC-2758429,Bush's Original Baked Beans 12-21 oz,Bush Brothers & Company,Vegetables - Prepared/Processed,US,10039400016103,10039400016103,0,130,115,CHILD_NUTRITION_FOOD_PROGRAMS|GROCERY,2026-04-23,2026-03-10,,UNKNOWN,https://fdc.nal.usda.gov/fdc-app.html#/food-details/2758429/nutrients
USDA-FDC-2758430,Bush's Vegetarian Baked Beans 12-8.3 oz,Bush Brothers & Company,Vegetables - Prepared/Processed,US,10039400016301,10039400016301,0,235,111,CHILD_NUTRITION_FOOD_PROGRAMS|GROCERY,2026-04-23,2026-03-10,,UNKNOWN,https://fdc.nal.usda.gov/fdc-app.html#/food-details/2758430/nutrients
USDA-FDC-2758431,Bush's Vegetarian Baked Beans 12-28 oz,Bush Brothers & Company,Vegetables - Prepared/Processed,US,10039400016356,10039400016356,0,130,108,CHILD_NUTRITION_FOOD_PROGRAMS|GROCERY,2026-04-23,2026-03-10,,UNKNOWN,https://fdc.nal.usda.gov/fdc-app.html#/food-details/2758431/nutrients
USDA-FDC-2758432,Bush's Original Baked Beans 6-55 oz,Bush Brothers & Company,Vegetables - Prepared/Processed,US,10039400016479,10039400016479,0,130,115,CHILD_NUTRITION_FOOD_PROGRAMS|FOOD_SERVICE|GROCERY,2026-04-23,2026-03-10,,UNKNOWN,https://fdc.nal.usda.gov/fdc-app.html#/food-details/2758432/nutrients
USDA-FDC-2758433,Bush's Baby Butter Beans 12-16 oz,Bush Brothers & Company,Vegetables - Prepared/Processed,US,10039400016714,10039400016714,0,130,92,CHILD_NUTRITION_FOOD_PROGRAMS|GROCERY,2026-04-23,2026-03-10,,UNKNOWN,https://fdc.nal.usda.gov/fdc-app.html#/food-details/2758433/nutrients
USDA-FDC-2758434,Bush's Pinto Beans in a Mild Chili Sauce 12-27 oz,Bush Brothers & Company,Vegetables - Prepared/Processed,US,10039400016875,10039400016875,0,130,77,CHILD_NUTRITION_FOOD_PROGRAMS|GROCERY,2026-04-23,2026-03-10,,UNKNOWN,https://fdc.nal.usda.gov/fdc-app.html#/food-details/2758434/nutrients
USDA-FDC-2758435,Bush's Organic Garbanzo Beans 12-15 oz,Bush Brothers & Company,Vegetables - Prepared/Processed,US,10039400017087,10039400017087,0,130,92,CHILD_NUTRITION_FOOD_PROGRAMS|GROCERY,2026-04-23,2026-03-10,,UNKNOWN,https://fdc.nal.usda.gov/fdc-app.html#/food-details/2758435/nutrients
USDA-FDC-2758437,Bush's Dark Red Kidney Beans 12-27 oz,Bush Brothers & Company,Vegetables - Prepared/Processed,US,10039400017407,10039400017407,0,130,100,CHILD_NUTRITION_FOOD_PROGRAMS|GROCERY,2026-04-23,2026-03-10,,UNKNOWN,https://fdc.nal.usda.gov/fdc-app.html#/food-details/2758437/nutrients
USDA-FDC-2758438,Bush's Reduced Sodium Great Northern Beans 12-15.8 oz,Bush Brothers & Company,Vegetables - Prepared/Processed,US,10039400017797,10039400017797,0,130,77,CHILD_NUTRITION_FOOD_PROGRAMS|GROCERY,2026-04-23,2026-03-10,,UNKNOWN,https://fdc.nal.usda.gov/fdc-app.html#/food-details/2758438/nutrients
USDA-FDC-2758439,Bush's Pinto Beans with Jalapenos 12-16 oz,Bush Brothers & Company,Vegetables - Prepared/Processed,US,10039400018046,10039400018046,0,130,77,CHILD_NUTRITION_FOOD_PROGRAMS|GROCERY,2026-04-23,2026-03-10,,UNKNOWN,https://fdc.nal.usda.gov/fdc-app.html#/food-details/2758439/nutrients
USDA-FDC-2758440,Bush's Organic Pinto Beans 12-15 oz,Bush Brothers & Company,Vegetables - Prepared/Processed,US,10039400018053,10039400018053,0,130,77,CHILD_NUTRITION_FOOD_PROGRAMS|GROCERY,2026-04-23,2026-03-10,,UNKNOWN,https://fdc.nal.usda.gov/fdc-app.html#/food-details/2758440/nutrients
USDA-FDC-2758441,Bush's Reduced Sodium Pinto Beans 12-16 oz,Bush Brothers & Company,Vegetables - Prepared/Processed,US,10039400018077,10039400018077,0,130,69,CHILD_NUTRITION_FOOD_PROGRAMS|GROCERY,2026-04-23,2026-03-10,,UNKNOWN,https://fdc.nal.usda.gov/fdc-app.html#/food-details/2758441/nutrients
USDA-FDC-2758442,Bush's Pinto Beans with Bacon 12-15.5 oz,Bush Brothers & Company,Vegetables - Prepared/Processed,US,10039400018114,10039400018114,0,130,77,CHILD_NUTRITION_FOOD_PROGRAMS|GROCERY,2026-04-23,2026-03-10,,UNKNOWN,https://fdc.nal.usda.gov/fdc-app.html#/food-details/2758442/nutrients
USDA-FDC-2758443,Bush's Pinto Beans 12-27 oz,Bush Brothers & Company,Vegetables - Prepared/Processed,US,10039400018145,10039400018145,0,130,77,CHILD_NUTRITION_FOOD_PROGRAMS|GROCERY,2026-04-23,2026-03-10,,UNKNOWN,https://fdc.nal.usda.gov/fdc-app.html#/food-details/2758443/nutrients
USDA-FDC-2758444,Bush's Pinto Beans 6-41 oz,Bush Brothers & Company,Vegetables - Prepared/Processed,US,10039400018169,10039400018169,0,130,77,CHILD_NUTRITION_FOOD_PROGRAMS|GROCERY,2026-04-23,2026-03-10,,UNKNOWN,https://fdc.nal.usda.gov/fdc-app.html#/food-details/2758444/nutrients
USDA-FDC-2758445,Bush's Organic Black Beans 12-15 oz,Bush Brothers & Company,Vegetables - Prepared/Processed,US,10039400018787,10039400018787,0,130,92,CHILD_NUTRITION_FOOD_PROGRAMS|GROCERY,2026-04-23,2026-03-26,,UNKNOWN,https://fdc.nal.usda.gov/fdc-app.html#/food-details/2758445/nutrients
USDA-FDC-2758446,Sun-Maid California Sun-Dried Raisins 20oz Resealable Canister,Sun-Maid Growers of California,Fruit - Prepared/Processed,US,041143128701,00041143128701,0,40,300,CONVENIENCE|FOOD_SERVICE|GROCERY,2026-04-23,2026-03-20,,UNKNOWN,https://fdc.nal.usda.gov/fdc-app.html#/food-details/2758446/nutrients
USDA-FDC-2758448,Sun-Maid Deglet Noor Pitted Dried Dates 8oz Resealable Zipper Bag,Sun-Maid Growers of California,Fruit - Prepared/Processed,US,041143089088,00041143089088,0,40,275,CONVENIENCE|FOOD_SERVICE|GROCERY,2026-04-23,2026-03-20,,UNKNOWN,https://fdc.nal.usda.gov/fdc-app.html#/food-details/2758448/nutrients
USDA-FDC-2758539,Kellogg's Cheez It Crackers Hot & Spicy 7oz,Kellogg Company US,Biscuits/Cookies,US,024100705849,00024100705849,0,30,500,FOOD_SERVICE|GROCERY|ONLINE,2026-04-23,2026-03-20,,UNKNOWN,https://fdc.nal.usda.gov/fdc-app.html#/food-details/2758539/nutrients
USDA-FDC-2758581,STOUFFERS Skinny Box Pepperoni Pizza 11.75oz. Box,Société des Produits Nestlé S.A.,Ready-Made Combination Meals,US,013800594341,00013800594341,0,166,265,GROCERY,2026-04-23,2026-03-27,,UNKNOWN,https://fdc.nal.usda.gov/fdc-app.html#/food-details/2758581/nutrients
USDA-FDC-2758582,STOUFFER'S STOUFFER'S Frozen Meal 4 pack Lasaagna,Société des Produits Nestlé S.A.,Ready-Made Combination Meals,US,013800751126,00013800751126,0,215,126,GROCERY,2026-04-23,2026-03-16,,UNKNOWN,https://fdc.nal.usda.gov/fdc-app.html#/food-details/2758582/nutrients
USDA-FDC-2758583,STOUFFER'S Bowl Fulls Chicken Fried Potatoes Mashed 14oz Bowl,Société des Produits Nestlé S.A.,Ready-Made Combination Meals,US,013800938947,00013800938947,0,396,114,GROCERY,2026-04-23,2026-03-28,,UNKNOWN,https://fdc.nal.usda.gov/fdc-app.html#/food-details/2758583/nutrients
USDA-FDC-2758610,STOUFFER'S Bowl Fulls Blackened Chicken Alfredo 14oz Bowl,Société des Produits Nestlé S.A.,Ready-Made Combination Meals,US,013800570185,00013800570185,0,396,146,GROCERY,2026-04-23,2026-03-27,,UNKNOWN,https://fdc.nal.usda.gov/fdc-app.html#/food-details/2758610/nutrients
USDA-FDC-2758612,STOUFFER'S Family Size Vegetable Lovers Lasagna 37.5 oz. Box,Société des Produits Nestlé S.A.,Ready-Made Combination Meals,US,013800555106,00013800555106,0,230,117,GROCERY,2026-04-23,2026-03-27,,UNKNOWN,https://fdc.nal.usda.gov/fdc-app.html#/food-details/2758612/nutrients
USDA-FDC-2758613,STOUFFER'S Party Size Classic Lasagna with Meat & Sauce 90oz,Société des Produits Nestlé S.A.,Ready-Made Combination Meals,US,013800551313,00013800551313,0,240,133,GROCERY,2026-04-23,2026-03-21,,UNKNOWN,https://fdc.nal.usda.gov/fdc-app.html#/food-details/2758613/nutrients
USDA-FDC-2758621,STOUFFER'S ClassZF3 Rigatoni with Chicken and Pesto 8.38 oz. Box,Société des Produits Nestlé S.A.,Ready-Made Combination Meals,US,013800047083,00013800047083,0,237,181,GROCERY,2026-04-23,2026-03-13,,UNKNOWN,https://fdc.nal.usda.gov/fdc-app.html#/food-details/2758621/nutrients
USDA-FDC-2758626,LEAN CUISINE Spaghetti with Meatballs 9.5oz. Box,Société des Produits Nestlé S.A.,Ready-Made Combination Meals,US,013800103901,00013800103901,0,269,104,GROCERY,2026-04-23,2026-03-16,,UNKNOWN,https://fdc.nal.usda.gov/fdc-app.html#/food-details/2758626/nutrients
USDA-FDC-2758628,STOUFFER'S Bowl Fulls Meatballs and Mashed Potatoes 14oz Bowl,Société des Produits Nestlé S.A.,Ready-Made Combination Meals,US,013800118141,00013800118141,0,396,131,GROCERY,2026-04-23,2026-03-28,,UNKNOWN,https://fdc.nal.usda.gov/fdc-app.html#/food-details/2758628/nutrients
USDA-FDC-2758629,Stouffer's ClassZF3 Fettuccini Alfredo Frozen Entre 11.5 oz. Box,Société des Produits Nestlé S.A.,Ready-Made Combination Meals,US,013800120069,00013800120069,0,326,196,GROCERY,2026-04-23,2026-03-13,,UNKNOWN,https://fdc.nal.usda.gov/fdc-app.html#/food-details/2758629/nutrients
USDA-FDC-2758630,STOUFFER'S CLASSICS Swedish Meatballs 11.5 oz. Box,Société des Produits Nestlé S.A.,Ready-Made Combination Meals,US,013800120090,00013800120090,0,326,166,GROCERY,2026-04-23,2026-03-13,,UNKNOWN,https://fdc.nal.usda.gov/fdc-app.html#/food-details/2758630/nutrients
USDA-FDC-2758631,LEAN CUISINE Features Chicken Parmesan 10.875oz. Box,Société des Produits Nestlé S.A.,Ready-Made Combination Meals,US,013800166074,00013800166074,0,308,114,GROCERY,2026-04-23,2026-03-28,,UNKNOWN,https://fdc.nal.usda.gov/fdc-app.html#/food-details/2758631/nutrients
USDA-FDC-2758632,LEAN CUISINE Herb Roasted Chicken 8oz,Société des Produits Nestlé S.A.,Ready-Made Combination Meals,US,013800166081,00013800166081,0,226,80,GROCERY,2026-04-23,2026-03-03,,UNKNOWN,https://fdc.nal.usda.gov/fdc-app.html#/food-details/2758632/nutrients
USDA-FDC-2758633,LEAN CUISINE Favorites Spaghetti with Meat Sauce 11.5oz Box,Société des Produits Nestlé S.A.,Ready-Made Combination Meals,US,013800166357,00013800166357,0,326,95,GROCERY,2026-04-23,2026-03-16,,UNKNOWN,https://fdc.nal.usda.gov/fdc-app.html#/food-details/2758633/nutrients
USDA-FDC-2758635,STOUFFERS Skinny Box Deluxe Pizza 12.75oz. Box,Société des Produits Nestlé S.A.,Ready-Made Combination Meals,US,013800178565,00013800178565,0,180,244,GROCERY,2026-04-23,2026-03-27,,UNKNOWN,https://fdc.nal.usda.gov/fdc-app.html#/food-details/2758635/nutrients
USDA-FDC-2758636,STOUFFER'S Bowl Fulls Beef Broccoli 13.5oz. Bowl,Société des Produits Nestlé S.A.,Ready-Made Combination Meals,US,013800178992,00013800178992,0,382,120,GROCERY,2026-04-23,2026-03-28,,UNKNOWN,https://fdc.nal.usda.gov/fdc-app.html#/food-details/2758636/nutrients
USDA-FDC-2758637,LEAN CUISINE Swedish Meatballs 9.125oz box,Société des Produits Nestlé S.A.,Ready-Made Combination Meals,US,013800188076,00013800188076,0,258,116,GROCERY,2026-04-23,2026-03-16,,UNKNOWN,https://fdc.nal.usda.gov/fdc-app.html#/food-details/2758637/nutrients
USDA-FDC-2758639,STOUFFER'S Large Family Size Lasagna with Meat and Sauce 57 oz. Box,Société des Produits Nestlé S.A.,Ready-Made Combination Meals,US,013800232601,00013800232601,0,231,126,GROCERY,2026-04-23,2026-03-16,,UNKNOWN,https://fdc.nal.usda.gov/fdc-app.html#/food-details/2758639/nutrients
USDA-FDC-2758640,STOUFFER'S MACFULLS Creamy Shrimp 13oz Bowl,Société des Produits Nestlé S.A.,Ready-Made Combination Meals,US,013800371898,00013800371898,0,368,136,GROCERY,2026-04-23,2026-03-27,,UNKNOWN,https://fdc.nal.usda.gov/fdc-app.html#/food-details/2758640/nutrients
USDA-FDC-2758641,Stouffer's Classic Meat Loaf 2 Loaves 16 oz,Société des Produits Nestlé S.A.,Ready-Made Combination Meals,US,013800448316,00013800448316,0,226,111,GROCERY,2026-04-23,2026-03-14,,UNKNOWN,https://fdc.nal.usda.gov/fdc-app.html#/food-details/2758641/nutrients
USDA-FDC-2758643,LEAN CUISINE Features Apple Cranberry Chicken 9.625oz. Box,Société des Produits Nestlé S.A.,Ready-Made Combination Meals,US,013800553300,00013800553300,0,272,114,GROCERY,2026-04-23,2026-03-27,,UNKNOWN,https://fdc.nal.usda.gov/fdc-app.html#/food-details/2758643/nutrients
USDA-FDC-2758772,NIDO Kinder 1+ Toddler Milk Beverage 56.3oz Can,Société des Produits Nestlé S.A.,Milk/Milk Substitutes,US,028000133177,00028000133177,0,36,444,GROCERY,2026-04-23,2026-03-20,,UNKNOWN,https://fdc.nal.usda.gov/fdc-app.html#/food-details/2758772/nutrients
USDA-FDC-2758773,MAGGI Dehydrated Soup Criolla Rib 2.05oz,Société des Produits Nestlé S.A.,Prepared Soups,US,028000332846,00028000332846,0,12,333,GROCERY,2026-04-23,2026-03-06,,UNKNOWN,https://fdc.nal.usda.gov/fdc-app.html#/food-details/2758773/nutrients
USDA-FDC-2758779,Kellogg's Eggo Waffles Mickey And Friends Homestyle 12.3oz,Kellogg Company US,Sweet Bakery Products,US,038000165924,00038000165924,0,70,257,GROCERY|ONLINE,2026-04-23,2026-03-31,,UNKNOWN,https://fdc.nal.usda.gov/fdc-app.html#/food-details/2758779/nutrients
USDA-FDC-2758780,Pringles Crisps Pizza 2.5oz,Kellogg Company US,Snacks,US,038000169113,00038000169113,0,28,536,CONVENIENCE|GROCERY|ONLINE,2026-04-23,2026-03-18,,UNKNOWN,https://fdc.nal.usda.gov/fdc-app.html#/food-details/2758780/nutrients
USDA-FDC-2758781,Pringles Crisps Sour Cream & Onion 7.1oz,Kellogg Company US,Snacks,US,038000169687,00038000169687,0,28,536,CONVENIENCE|DRUG|GROCERY|MASS_MERCHANDISING|ONLINE,2026-04-23,2026-03-10,,UNKNOWN,https://fdc.nal.usda.gov/fdc-app.html#/food-details/2758781/nutrients
USDA-FDC-2758783,Pringles Crisps BBQ 7.1oz,Kellogg Company US,Snacks,US,038000175930,00038000175930,0,28,536,GROCERY|ONLINE,2026-04-23,2026-03-10,,UNKNOWN,https://fdc.nal.usda.gov/fdc-app.html#/food-details/2758783/nutrients
USDA-FDC-2758784,Pringles Crisps BBQ 5.5oz,Kellogg Company US,Snacks,US,038000183713,00038000183713,0,28,536,CASH_AND_CARRY|CONVENIENCE|DRUG|FOOD_SERVICE|GROCERY|ONLINE,2026-04-23,2026-03-26,,UNKNOWN,https://fdc.nal.usda.gov/fdc-app.html#/food-details/2758784/nutrients
USDA-FDC-2758794,LIBBY'S 100% Pure Pumpkin 29 oz. Can,Société des Produits Nestlé S.A.,Baking/Cooking Mixes/Supplies,US,039000045124,00039000045124,0,122,37,GROCERY,2026-04-23,2026-03-06,,UNKNOWN,https://fdc.nal.usda.gov/fdc-app.html#/food-details/2758794/nutrients
USDA-FDC-2758799,Bushs Campfire Style Chili Magic Chili Starter 12-15.5 oz,Bush Brothers & Company,Vegetable Based Products / Meals,US,039400019039,00039400019039,0,130,85,CHILD_NUTRITION_FOOD_PROGRAMS|GROCERY,2026-04-23,2026-03-10,,UNKNOWN,https://fdc.nal.usda.gov/fdc-app.html#/food-details/2758799/nutrients
USDA-FDC-2758800,Bob's Red Mill Chocolate Hazelnut Overnight Protein Oats (4ct),Bob's Red Mill® Natural Foods Inc.,Processed Cereal Products,US,039978006615,00039978006615,0,60,417,FOOD_SERVICE|GROCERY,2026-04-23,2026-03-27,,UNKNOWN,https://fdc.nal.usda.gov/fdc-app.html#/food-details/2758800/nutrients
USDA-FDC-2758803,Sun-Maid Dried Golden Figs 6oz Resealable Stand-up Bag,Sun-Maid Growers,Fruit - Prepared/Processed,US,041143072004,00041143072004,0,40,250,CONVENIENCE|FOOD_SERVICE|GROCERY,2026-04-23,2026-03-18,,UNKNOWN,https://fdc.nal.usda.gov/fdc-app.html#/food-details/2758803/nutrients
USDA-FDC-2758804,Sun-Maid Dried Mission Figs 7oz Resealable Stand-up Bag,Sun-Maid Growers,Fruit - Prepared/Processed,US,041143072400,00041143072400,0,40,250,CONVENIENCE|FOOD_SERVICE|GROCERY,2026-04-23,2026-03-20,,UNKNOWN,https://fdc.nal.usda.gov/fdc-app.html#/food-details/2758804/nutrients
USDA-FDC-2758807,Sun-Maid Deglet Noor Dried Diced Dates 8oz Resealable Zipper Bag,Sun-Maid Growers of California,Fruit - Prepared/Processed,US,041143088081,00041143088081,0,40,325,CONVENIENCE|FOOD_SERVICE|GROCERY,2026-04-23,2026-03-31,,UNKNOWN,https://fdc.nal.usda.gov/fdc-app.html#/food-details/2758807/nutrients
USDA-FDC-2758810,Pringles Crisps Cheddar & Sour Cream 5.5oz,Kellogg Company US,Snacks,US,038000138973,00038000138973,0,28,536,CONVENIENCE|FOOD_SERVICE|GROCERY|ONLINE,2026-04-23,2026-03-26,,UNKNOWN,https://fdc.nal.usda.gov/fdc-app.html#/food-details/2758810/nutrients
USDA-FDC-2758811,Pringles Crisps Cheddar Cheese 5.5oz,Kellogg Company US,Snacks,US,038000138577,00038000138577,0,28,536,CONVENIENCE|DRUG|FOOD_SERVICE|GROCERY|ONLINE|VENDING,2026-04-23,2026-03-26,,UNKNOWN,https://fdc.nal.usda.gov/fdc-app.html#/food-details/2758811/nutrients
USDA-FDC-2758838,Pringles Crisps Snack Stacks Pizza .74oz,Kellogg Company US,Snacks,US,038000000874,00038000000874,0,21,524,GROCERY|ONLINE,2026-04-23,2026-03-10,,UNKNOWN,https://fdc.nal.usda.gov/fdc-app.html#/food-details/2758838/nutrients
USDA-FDC-2758840,Pringles Crisps Sour Cream & Onion 5.5oz,Kellogg Company US,Snacks,US,038000138430,00038000138430,0,28,536,CASH_AND_CARRY|CONVENIENCE|DRUG|FOOD_SERVICE|GROCERY|MASS_MERCHANDISING|ONLINE|SPECIALTY_RETAIL|VENDING,2026-04-23,2026-03-26,,UNKNOWN,https://fdc.nal.usda.gov/fdc-app.html#/food-details/2758840/nutrients
USDA-FDC-2758841,Pringles Crisps Pizza 5.5oz,Kellogg Company US,Snacks,US,038000138638,00038000138638,0,28,536,CONVENIENCE|FOOD_SERVICE|GROCERY|ONLINE|VENDING,2026-04-23,2026-03-26,,UNKNOWN,https://fdc.nal.usda.gov/fdc-app.html#/food-details/2758841/nutrients
USDA-FDC-2768940,Simple Truth Organic Seedless Raisins 6-Count/1oz Cartons,Kroger Corporate Brands,Fruit - Prepared/Processed,US,011110049865,00011110049865,0,28,321,CONVENIENCE|FOOD_SERVICE|GROCERY,2026-05-21,2026-04-15,,UNKNOWN,https://fdc.nal.usda.gov/fdc-app.html#/food-details/2768940/nutrients
USDA-FDC-2768947,"Redpack Spaghetti Sauce, 106oz Pouch","Red Gold, Inc.",Sauces/Spreads/Dips/Condiments,US,072940821083,00072940821083,0,125,40,CHILD_NUTRITION_FOOD_PROGRAMS|FOOD_SERVICE|GROCERY,2026-05-21,2026-04-06,,UNKNOWN,https://fdc.nal.usda.gov/fdc-app.html#/food-details/2768947/nutrients
USDA-FDC-2768972,DIGIORNO Cheese Stuffed Crust Chicken Bacon Ranch 12in 21.9oz Box,Société des Produits Nestlé S.A.,Savoury Bakery Products,US,071921510381,00071921510381,0,155,245,GROCERY,2026-05-21,2026-04-17,,UNKNOWN,https://fdc.nal.usda.gov/fdc-app.html#/food-details/2768972/nutrients
USDA-FDC-2768986,CALIFORNIA PIZZA KITCHEN White Crispy Thin Crust White Pizza 12.6oz Box,Société des Produits Nestlé S.A.,Savoury Bakery Products,US,071921952594,00071921952594,0,119,210,GROCERY,2026-05-21,2026-04-02,,UNKNOWN,https://fdc.nal.usda.gov/fdc-app.html#/food-details/2768986/nutrients
USDA-FDC-2768999,CALIFORNIA PIZZA KITCHEN Margherita Recipe Crispy Thin Crust Frozen Pizza 15.5 oz. Box,Société des Produits Nestlé S.A.,Savoury Bakery Products,US,071921290535,00071921290535,0,146,205,GROCERY,2026-05-21,2026-04-06,,UNKNOWN,https://fdc.nal.usda.gov/fdc-app.html#/food-details/2768999/nutrients
USDA-FDC-2769000,CALIFORNIA PIZZA KITCHEN Roasted Garlic Chicken Crispy Thin Crust Frozen Pizza 13.5 oz. Box,Société des Produits Nestlé S.A.,Savoury Bakery Products,US,071921319427,00071921319427,0,128,211,GROCERY,2026-05-21,2026-04-06,,UNKNOWN,https://fdc.nal.usda.gov/fdc-app.html#/food-details/2769000/nutrients
USDA-FDC-2769219,Smucker's 2.0 Ounce Uncrustables Peanut Butter And Raspberry 4 Pack,The J.M. Smucker Company,Sandwiches/Filled Rolls/Wraps,US,051500006306,00051500006306,0,58,362,FOOD_SERVICE|GROCERY,2026-05-21,2026-05-01,,UNKNOWN,https://fdc.nal.usda.gov/fdc-app.html#/food-details/2769219/nutrients
USDA-FDC-2769220,SMUCKER'S 2.4 OUNCE UNCRUSTABLES PEANUT BUTTER & STRAWBERRY Each,The J.M. Smucker Company,Sandwiches/Filled Rolls/Wraps,US,051500007273,00051500007273,0,68,382,GROCERY,2026-05-21,2026-05-01,,UNKNOWN,https://fdc.nal.usda.gov/fdc-app.html#/food-details/2769220/nutrients
USDA-FDC-2769223,Smucker's 2.0 Ounce Uncrustables Peanut Butter And Grape 15 Pack,The J.M. Smucker Company,Sandwiches/Filled Rolls/Wraps,US,051500029275,00051500029275,0,58,362,FOOD_SERVICE|GROCERY,2026-05-21,2026-05-01,,UNKNOWN,https://fdc.nal.usda.gov/fdc-app.html#/food-details/2769223/nutrients
USDA-FDC-2769231,SHOWBOAT Pork & Beans 12-15 oz,Bush Brothers & Company,Vegetables - Prepared/Processed,US,10039400028335,10039400028335,0,130,100,CHILD_NUTRITION_FOOD_PROGRAMS|GROCERY,2026-05-21,2026-04-22,,UNKNOWN,https://fdc.nal.usda.gov/fdc-app.html#/food-details/2769231/nutrients
USDA-FDC-2769232,Bush's Low Sodium Pinto Beans in a Mild Chili Sauce 12-15 oz,Bush Brothers & Company,Vegetables - Prepared/Processed,US,10039400106736,10039400106736,0,130,100,CHILD_NUTRITION_FOOD_PROGRAMS|GROCERY,2026-05-21,2026-04-23,,UNKNOWN,https://fdc.nal.usda.gov/fdc-app.html#/food-details/2769232/nutrients
USDA-FDC-2769245,"Redpack Spaghetti Sauce, 106oz Pouch - Case of 6","Red Gold, Inc.",Sauces/Spreads/Dips/Condiments,US,30072940821084,30072940821084,0,125,40,CHILD_NUTRITION_FOOD_PROGRAMS|FOOD_SERVICE|GROCERY,2026-05-21,2026-04-06,,UNKNOWN,https://fdc.nal.usda.gov/fdc-app.html#/food-details/2769245/nutrients
USDA-FDC-2769260,Smucker's Uncrustables Reduced Sugar Wheat Peanut Butter & Grape 4 Pack,The J.M. Smucker Company,Sandwiches/Filled Rolls/Wraps,US,051500041369,00051500041369,0,58,328,FOOD_SERVICE|GROCERY,2026-05-21,2026-05-01,,UNKNOWN,https://fdc.nal.usda.gov/fdc-app.html#/food-details/2769260/nutrients
USDA-FDC-2769261,Smucker's Uncrustables Reduced Sugar Wheat Peanut Butter & Strawberry 4 Pack,The J.M. Smucker Company,Sandwiches/Filled Rolls/Wraps,US,051500041383,00051500041383,0,58,328,FOOD_SERVICE|GROCERY,2026-05-21,2026-05-01,,UNKNOWN,https://fdc.nal.usda.gov/fdc-app.html#/food-details/2769261/nutrients
USDA-FDC-2769263,Smucker's 2.0 Ounce Uncrustables Peanut Butter And Honey 15 Pack,The J.M. Smucker Company,Sandwiches/Filled Rolls/Wraps,US,051500715598,00051500715598,0,58,345,FOOD_SERVICE|GROCERY,2026-05-21,2026-05-01,,UNKNOWN,https://fdc.nal.usda.gov/fdc-app.html#/food-details/2769263/nutrients
USDA-FDC-2769266,Smucker's Uncrustables 2.8 Ounce Peanut Butter & Blueberry Wheat Each,The J.M. Smucker Company,Sandwiches/Filled Rolls/Wraps,US,051500740996,00051500740996,0,80,400,GROCERY,2026-05-21,2026-05-01,,UNKNOWN,https://fdc.nal.usda.gov/fdc-app.html#/food-details/2769266/nutrients
USDA-FDC-2769267,SMUCKER'S 2.4 OUNCE UNCRUSTABLES PEANUT BUTTER & GRAPE 24 Count Case,The J.M. Smucker Company,Sandwiches/Filled Rolls/Wraps,US,051500747544,00051500747544,0,68,382,GROCERY,2026-05-21,2026-05-01,,UNKNOWN,https://fdc.nal.usda.gov/fdc-app.html#/food-details/2769267/nutrients
USDA-FDC-2769268,Smucker's Uncrustables 2.6 Ounce Peanut Butter and Raspberry Wheat Sandwich Each,The J.M. Smucker Company,Sandwiches/Filled Rolls/Wraps,US,051500779361,00051500779361,0,76,395,FOOD_SERVICE|GROCERY,2026-05-21,2026-04-10,,UNKNOWN,https://fdc.nal.usda.gov/fdc-app.html#/food-details/2769268/nutrients
USDA-FDC-2769270,Smucker's 2.0Ounce Uncrustables Peanut Butter And Honey Each,The J.M. Smucker Company,Sandwiches/Filled Rolls/Wraps,US,051500825563,00051500825563,0,58,345,GROCERY,2026-05-21,2026-05-01,,UNKNOWN,https://fdc.nal.usda.gov/fdc-app.html#/food-details/2769270/nutrients
USDA-FDC-2769272,Smucker's 2 Ounce Uncrustables Peanut Butter And Grape Each,The J.M. Smucker Company,Sandwiches/Filled Rolls/Wraps,US,051500825648,00051500825648,0,58,362,GROCERY,2026-05-21,2026-05-01,,UNKNOWN,https://fdc.nal.usda.gov/fdc-app.html#/food-details/2769272/nutrients
USDA-FDC-2769273,SMUCKER 1.8 OUNCE UNCRUSTABLES PEANUT BUTTER ONLY - EACH Each,The J.M. Smucker Company,Sandwiches/Filled Rolls/Wraps,US,051500825709,00051500825709,0,52,404,GROCERY,2026-05-21,2026-05-01,,UNKNOWN,https://fdc.nal.usda.gov/fdc-app.html#/food-details/2769273/nutrients
USDA-FDC-2769275,SMUCKER'S 2.4 OUNCE UNCRUSTABLES PEANUT BUTTER & STRAWBERRY 24 Count Case,The J.M. Smucker Company,Sandwiches/Filled Rolls/Wraps,US,051500617052,00051500617052,0,68,382,GROCERY,2026-05-21,2026-05-01,,UNKNOWN,https://fdc.nal.usda.gov/fdc-app.html#/food-details/2769275/nutrients
USDA-FDC-2769277,SMUCKER 1.8 OUNCE UNCRUSTABLES PEANUT BUTTER ONLY 4 PACK,The J.M. Smucker Company,Sandwiches/Filled Rolls/Wraps,US,051500829905,00051500829905,0,52,404,FOOD_SERVICE|GROCERY,2026-05-21,2026-05-01,,UNKNOWN,https://fdc.nal.usda.gov/fdc-app.html#/food-details/2769277/nutrients
USDA-FDC-2769278,Smucker's 1.8 Ounce Uncrustables Chocolate Hazelnut 15 Pack,The J.M. Smucker Company,Sandwiches/Filled Rolls/Wraps,US,051500830000,00051500830000,0,52,404,FOOD_SERVICE|GROCERY,2026-05-21,2026-05-01,,UNKNOWN,https://fdc.nal.usda.gov/fdc-app.html#/food-details/2769278/nutrients
USDA-FDC-2769279,Smucker's Uncrustables 2.0 Ounce Peanut Butter and Chocolate Sandwich 10 Pack,The J.M. Smucker Company,Sandwiches/Filled Rolls/Wraps,US,051500862988,00051500862988,0,58,379,GROCERY,2026-05-21,2026-01-15,,UNKNOWN,https://fdc.nal.usda.gov/fdc-app.html#/food-details/2769279/nutrients
USDA-FDC-2769281,Smucker's Uncrustables 2.0 Ounce Peanut Butter & Blackberry Sandwich 4 Pack,The J.M. Smucker Company,Sandwiches/Filled Rolls/Wraps,US,051500924495,00051500924495,0,58,362,GROCERY,2026-05-21,2026-03-02,,UNKNOWN,https://fdc.nal.usda.gov/fdc-app.html#/food-details/2769281/nutrients
USDA-FDC-2769282,Smucker's Uncrustables 2.0 Ounce Peanut Butter and Raspberry 15 Pack,The J.M. Smucker Company,Sandwiches/Filled Rolls/Wraps,US,051500938423,00051500938423,0,58,362,GROCERY,2026-05-21,2026-05-01,,UNKNOWN,https://fdc.nal.usda.gov/fdc-app.html#/food-details/2769282/nutrients
USDA-FDC-2769290,Smucker's Uncrustables 2.8 Ounce Peanut Butter & Mixed Berry Wheat Each,The J.M. Smucker Company,Sandwiches/Filled Rolls/Wraps,US,051500827680,00051500827680,0,80,400,GROCERY,2026-05-21,2026-04-30,,UNKNOWN,https://fdc.nal.usda.gov/fdc-app.html#/food-details/2769290/nutrients
USDA-FDC-2769291,Smucker's Uncrustables 2.8 Ounce Peanut Butter & Mixed Berry Wheat 8 Pack,The J.M. Smucker Company,Sandwiches/Filled Rolls/Wraps,US,051500615720,00051500615720,0,80,400,GROCERY,2026-05-21,2026-04-15,,UNKNOWN,https://fdc.nal.usda.gov/fdc-app.html#/food-details/2769291/nutrients
USDA-FDC-2769292,Smucker's Uncrustables 2.8 Ounce Peanut Butter & Blueberry Wheat 8 Pack,The J.M. Smucker Company,Sandwiches/Filled Rolls/Wraps,US,051500549469,00051500549469,0,80,400,GROCERY,2026-05-21,2026-03-23,,UNKNOWN,https://fdc.nal.usda.gov/fdc-app.html#/food-details/2769292/nutrients
USDA-FDC-2769294,Smucker's Uncrustables Peanut Butter And Grape 4 Pack - Each,The J.M. Smucker Company,Sandwiches/Filled Rolls/Wraps,US,051500048153,00051500048153,0,58,362,FOOD_SERVICE|GROCERY,2026-05-21,2026-05-01,,UNKNOWN,https://fdc.nal.usda.gov/fdc-app.html#/food-details/2769294/nutrients
USDA-FDC-2769296,Smucker's Uncrustables Peanut Butter And Grape 10 Pack - Each,The J.M. Smucker Company,Sandwiches/Filled Rolls/Wraps,US,051500048177,00051500048177,0,58,362,FOOD_SERVICE|GROCERY,2026-05-21,2026-05-01,,UNKNOWN,https://fdc.nal.usda.gov/fdc-app.html#/food-details/2769296/nutrients
USDA-FDC-2769298,Smucker's 2.0 Ounce Uncrustables Peanut Butter And Honey 4 Pack,The J.M. Smucker Company,Sandwiches/Filled Rolls/Wraps,US,051500049624,00051500049624,0,58,345,GROCERY,2026-05-21,2026-05-01,,UNKNOWN,https://fdc.nal.usda.gov/fdc-app.html#/food-details/2769298/nutrients
USDA-FDC-2769301,Smucker's 2.6 Ounce Uncrustables Peanut Butter And Grape Wheat Each,The J.M. Smucker Company,Sandwiches/Filled Rolls/Wraps,US,051500069608,00051500069608,0,76,395,FOOD_SERVICE|GROCERY,2026-05-21,2026-05-01,,UNKNOWN,https://fdc.nal.usda.gov/fdc-app.html#/food-details/2769301/nutrients
USDA-FDC-2769302,Smucker's 2.6 Ounce Uncrustables Peanut Butter And Strawberry Wheat Each,The J.M. Smucker Company,Sandwiches/Filled Rolls/Wraps,US,051500069615,00051500069615,0,76,395,FOOD_SERVICE|GROCERY,2026-05-21,2026-05-01,,UNKNOWN,https://fdc.nal.usda.gov/fdc-app.html#/food-details/2769302/nutrients
USDA-FDC-2769304,Smucker's Uncrustables 2.0 Ounce Peanut Butter Chocolate Spread 4 Pack,The J.M. Smucker Company,Sandwiches/Filled Rolls/Wraps,US,051500127810,00051500127810,0,58,379,GROCERY,2026-05-21,2026-01-15,,UNKNOWN,https://fdc.nal.usda.gov/fdc-app.html#/food-details/2769304/nutrients
USDA-FDC-2769305,Smucker's 2.0 Ounce Uncrustables Peanut Butter & Blackberry Each,The J.M. Smucker Company,Sandwiches/Filled Rolls/Wraps,US,051500130285,00051500130285,0,58,362,GROCERY,2026-05-21,2026-03-10,,UNKNOWN,https://fdc.nal.usda.gov/fdc-app.html#/food-details/2769305/nutrients
USDA-FDC-2769306,Smucker's 2.0 Ounce Uncrustables Peanut Butter and Raspberry Each,The J.M. Smucker Company,Sandwiches/Filled Rolls/Wraps,US,051500133439,00051500133439,0,58,362,GROCERY,2026-05-21,2026-05-01,,UNKNOWN,https://fdc.nal.usda.gov/fdc-app.html#/food-details/2769306/nutrients
USDA-FDC-2769308,SMUCKER'S 1.8 OUNCE UNCRUSTABLES PEANUT BUTTER ONLY 10 Pack,The J.M. Smucker Company,Sandwiches/Filled Rolls/Wraps,US,051500206850,00051500206850,0,52,404,GROCERY,2026-05-21,2026-05-01,,UNKNOWN,https://fdc.nal.usda.gov/fdc-app.html#/food-details/2769308/nutrients
USDA-FDC-2769311,Smucker's 1.8 Ounce Uncrustables Chocolate Hazelnut Each,The J.M. Smucker Company,Sandwiches/Filled Rolls/Wraps,US,051500211786,00051500211786,0,52,404,GROCERY,2026-05-21,2026-05-01,,UNKNOWN,https://fdc.nal.usda.gov/fdc-app.html#/food-details/2769311/nutrients
USDA-FDC-2769312,Smucker's 1.8 Ounce Uncrustables Chocolate Hazelnut 4 Pack,The J.M. Smucker Company,Sandwiches/Filled Rolls/Wraps,US,051500211793,00051500211793,0,52,404,FOOD_SERVICE|GROCERY,2026-05-21,2026-05-01,,UNKNOWN,https://fdc.nal.usda.gov/fdc-app.html#/food-details/2769312/nutrients
USDA-FDC-2769314,SMUCKER'S UNCRUSTABLES PEANUT BUTTER AND HONEY 10 PACK,The J.M. Smucker Company,Sandwiches/Filled Rolls/Wraps,US,051500241738,00051500241738,0,58,345,FOOD_SERVICE|GROCERY,2026-05-21,2026-05-01,,UNKNOWN,https://fdc.nal.usda.gov/fdc-app.html#/food-details/2769314/nutrients
USDA-FDC-2769315,Smucker's Uncrustables 2.0 Ounce Peanut Butter & Raspberry Sandwich 10 Pack,The J.M. Smucker Company,Sandwiches/Filled Rolls/Wraps,US,051500261248,00051500261248,0,58,362,GROCERY,2026-05-21,2026-05-01,,UNKNOWN,https://fdc.nal.usda.gov/fdc-app.html#/food-details/2769315/nutrients
USDA-FDC-2769316,Smucker's Uncrustables 2.0 Ounce Peanut Butter and Chocolate Spread Each,The J.M. Smucker Company,Sandwiches/Filled Rolls/Wraps,US,051500293713,00051500293713,0,58,379,GROCERY,2026-05-21,2026-01-15,,UNKNOWN,https://fdc.nal.usda.gov/fdc-app.html#/food-details/2769316/nutrients
USDA-FDC-2769319,Smucker's Uncrustables 2.6 Ounce Peanut Butter and Raspberry Wheat 8 Pack,The J.M. Smucker Company,Sandwiches/Filled Rolls/Wraps,US,051500342060,00051500342060,0,76,395,FOOD_SERVICE|GROCERY,2026-05-21,2026-03-20,,UNKNOWN,https://fdc.nal.usda.gov/fdc-app.html#/food-details/2769319/nutrients
USDA-FDC-2769320,SMUCKER'S 1.8 OUNCE UNCRUSTABLES PEANUT BUTTER ONLY 15 Pack,The J.M. Smucker Company,Sandwiches/Filled Rolls/Wraps,US,051500352687,00051500352687,0,52,404,GROCERY,2026-05-21,2026-05-01,,UNKNOWN,https://fdc.nal.usda.gov/fdc-app.html#/food-details/2769320/nutrients
USDA-FDC-2769321,Smucker's Uncrustables 2.8 Ounce Peanut Butter & Apple Cinnamon Wheat 20 Count Case,The J.M. Smucker Company,Sandwiches/Filled Rolls/Wraps,US,051500472798,00051500472798,0,80,400,GROCERY,2026-05-21,2026-03-16,,UNKNOWN,https://fdc.nal.usda.gov/fdc-app.html#/food-details/2769321/nutrients
USDA-FDC-2769322,SMUCKER'S 2.4 OUNCE UNCRUSTABLES PEANUT BUTTER & GRAPE Each,The J.M. Smucker Company,Sandwiches/Filled Rolls/Wraps,US,051500480175,00051500480175,0,68,382,GROCERY,2026-05-21,2026-05-01,,UNKNOWN,https://fdc.nal.usda.gov/fdc-app.html#/food-details/2769322/nutrients
USDA-FDC-2769417,BUSH'S Original Baked Beans 12-28 oz,Bush Brothers & Company,Vegetables - Prepared/Processed,US,10039400016141,10039400016141,0,130,115,CHILD_NUTRITION_FOOD_PROGRAMS|FOOD_SERVICE|GROCERY,2026-05-21,2026-04-25,,UNKNOWN,https://fdc.nal.usda.gov/fdc-app.html#/food-details/2769417/nutrients
USDA-FDC-2769418,Bush's Original Baked Beans 6-117 oz,Bush Brothers & Company,Vegetables - Prepared/Processed,US,10039400016288,10039400016288,0,130,115,CHILD_NUTRITION_FOOD_PROGRAMS|GROCERY,2026-05-21,2026-04-22,,UNKNOWN,https://fdc.nal.usda.gov/fdc-app.html#/food-details/2769418/nutrients
USDA-FDC-2769452,Bush's Pinto Beans 12-16 oz,Bush Brothers & Company,Vegetables - Prepared/Processed,US,10039400018091,10039400018091,0,130,62,CHILD_NUTRITION_FOOD_PROGRAMS|GROCERY,2026-05-21,2026-04-22,,UNKNOWN,https://fdc.nal.usda.gov/fdc-app.html#/food-details/2769452/nutrients
USDA-FDC-2769454,HOT POCKETS Crispy Crust Philly Steak & Cheese Sandwiches 2 Pack 9oz Box,Société des Produits Nestlé S.A.,Sandwiches/Filled Rolls/Wraps,US,043695927474,00043695927474,0,127,236,GROCERY,2026-05-21,2026-05-01,,UNKNOWN,https://fdc.nal.usda.gov/fdc-app.html#/food-details/2769454/nutrients
USDA-FDC-2769456,"Taco Bell Queso-Burrito Cravings Kit, 21.5 oz Box",Kraft Foods Inc.,Ready-Made Combination Meals,US,021000083497,00021000083497,0,115,348,GROCERY,2026-05-21,2026-04-27,,UNKNOWN,https://fdc.nal.usda.gov/fdc-app.html#/food-details/2769456/nutrients
USDA-FDC-2769552,Kellogg's Cheez It Crackers Duoz Sharp Cheddar & Parmesan 12.4oz,Kellogg Company US,Biscuits/Cookies,US,024100788958,00024100788958,0,30,500,GROCERY|ONLINE,2026-05-21,2026-04-15,,UNKNOWN,https://fdc.nal.usda.gov/fdc-app.html#/food-details/2769552/nutrients
USDA-FDC-2769617,Simple Truth Organic Seedless Raisins 10oz Reclosable Zipper Bag,Kroger Corporate Brands,Fruit - Prepared/Processed,US,011110914682,00011110914682,0,40,300,CONVENIENCE|FOOD_SERVICE|GROCERY,2026-05-21,2026-04-15,,UNKNOWN,https://fdc.nal.usda.gov/fdc-app.html#/food-details/2769617/nutrients
USDA-FDC-2769618,Simple Truth Organic Seedless Raisins 20oz Reclosable Canister,Kroger Corporate Brands,Fruit - Prepared/Processed,US,011110914699,00011110914699,0,40,300,CONVENIENCE|FOOD_SERVICE|GROCERY,2026-05-21,2026-04-15,,UNKNOWN,https://fdc.nal.usda.gov/fdc-app.html#/food-details/2769618/nutrients
USDA-FDC-2769626,STOUFFER'S Large Family Size Baked Ziti 57 oz. Box,Société des Produits Nestlé S.A.,Ready-Made Combination Meals,US,013800197368,00013800197368,0,257,113,GROCERY,2026-05-21,2026-04-16,,UNKNOWN,https://fdc.nal.usda.gov/fdc-app.html#/food-details/2769626/nutrients
USDA-FDC-2769627,STOUFFER'S Large Family Size Grandma's Chicken and Vegetable Rice Bake 55 oz. Box,Société des Produits Nestlé S.A.,Ready-Made Combination Meals,US,013800199904,00013800199904,0,236,148,GROCERY,2026-05-21,2026-04-02,,UNKNOWN,https://fdc.nal.usda.gov/fdc-app.html#/food-details/2769627/nutrients
USDA-FDC-2769628,STOUFFER'S Spaghetti & Meatballs Party Size 90oz. Box,Société des Produits Nestlé S.A.,Ready-Made Combination Meals,US,013800230669,00013800230669,0,217,124,GROCERY,2026-05-21,2026-04-16,,UNKNOWN,https://fdc.nal.usda.gov/fdc-app.html#/food-details/2769628/nutrients
USDA-FDC-2769629,STOUFFER'S Sides Scalloped Potatoes 24oz box,Société des Produits Nestlé S.A.,Pasta/Noodles,US,013800254078,00013800254078,0,167,144,GROCERY,2026-05-21,2026-04-16,,UNKNOWN,https://fdc.nal.usda.gov/fdc-app.html#/food-details/2769629/nutrients
USDA-FDC-2769633,STOUFFER'S Veggie Fried Rice 24oz box,Société des Produits Nestlé S.A.,Ready-Made Combination Meals,US,013800393326,00013800393326,0,203,138,GROCERY,2026-05-21,2026-04-17,,UNKNOWN,https://fdc.nal.usda.gov/fdc-app.html#/food-details/2769633/nutrients
USDA-FDC-2769634,STOUFFER'S CLASSZF3 Family Size Cheesy Garlic Lasagna with Meat Sauce 35 oz. Box,Société des Produits Nestlé S.A.,Ready-Made Combination Meals,US,013800446770,00013800446770,0,197,122,GROCERY,2026-05-21,2026-04-02,,UNKNOWN,https://fdc.nal.usda.gov/fdc-app.html#/food-details/2769634/nutrients
USDA-FDC-2769636,STOUFFER'S Alfredo Shrimp Family Size 30oz. Box,Société des Produits Nestlé S.A.,Ready-Made Combination Meals,US,013800817884,00013800817884,0,211,128,GROCERY,2026-05-21,2026-04-16,,UNKNOWN,https://fdc.nal.usda.gov/fdc-app.html#/food-details/2769636/nutrients
USDA-FDC-2769639,"Goldfish Cheddar Crackers, 22 Ounce Bags, 3 Count",Pepperidge Farm Inc.,Biscuits/Cookies,US,014100087151,00014100087151,0,30,467,GROCERY,2026-05-21,2026-04-11,,UNKNOWN,https://fdc.nal.usda.gov/fdc-app.html#/food-details/2769639/nutrients
USDA-FDC-2769645,LEAN CUISINE Features Garlic Sesame Noodles with Beef 8oz. Box,Société des Produits Nestlé S.A.,Ready-Made Combination Meals,US,013800332721,00013800332721,0,226,115,GROCERY,2026-05-21,2026-04-17,,UNKNOWN,https://fdc.nal.usda.gov/fdc-app.html#/food-details/2769645/nutrients
USDA-FDC-2769748,Kellogg's Special K Protein Bars Strawberry 9.5oz,Kellogg Company US,Processed Cereal Products,US,038000291760,00038000291760,0,45,400,GROCERY|ONLINE,2026-05-21,2026-04-06,,UNKNOWN,https://fdc.nal.usda.gov/fdc-app.html#/food-details/2769748/nutrients
USDA-FDC-2769749,Kellogg's Pop-Tarts Frosted Brown Sugar Cinnamon 20.3oz,Kellogg Company US,Sweet Bakery Products,US,038000311307,00038000311307,0,96,417,CONVENIENCE|DRUG|FOOD_SERVICE|GROCERY|MILITARY|ONLINE|VENDING,2026-05-21,2026-04-17,,UNKNOWN,https://fdc.nal.usda.gov/fdc-app.html#/food-details/2769749/nutrients
USDA-FDC-2769751,Kellogg's Nutri-Grain Cereal Bars Cherry 10.4oz,Kellogg Company US,Processed Cereal Products,US,038000367007,00038000367007,0,37,351,GROCERY|ONLINE,2026-05-21,2026-04-17,,UNKNOWN,https://fdc.nal.usda.gov/fdc-app.html#/food-details/2769751/nutrients
USDA-FDC-2769761,Bush's Purple Hull Peas 15.8 oz,Bush Brothers & Company,Vegetables - Prepared/Processed,US,039400013921,00039400013921,0,130,77,CHILD_NUTRITION_FOOD_PROGRAMS|GROCERY,2026-05-21,2026-04-07,,UNKNOWN,https://fdc.nal.usda.gov/fdc-app.html#/food-details/2769761/nutrients
USDA-FDC-2769763,BUSH'S Original Baked Beans 28 oz,Bush Brothers & Company,Vegetables - Prepared/Processed,US,039400016144,00039400016144,0,130,115,CHILD_NUTRITION_FOOD_PROGRAMS|GROCERY,2026-05-21,2026-04-25,,UNKNOWN,https://fdc.nal.usda.gov/fdc-app.html#/food-details/2769763/nutrients
USDA-FDC-2769764,Bush's Original Baked Beans 117 oz,Bush Brothers & Company,Vegetables - Prepared/Processed,US,039400016281,00039400016281,0,130,115,CHILD_NUTRITION_FOOD_PROGRAMS|FOOD_SERVICE|GROCERY,2026-05-21,2026-04-23,,UNKNOWN,https://fdc.nal.usda.gov/fdc-app.html#/food-details/2769764/nutrients
USDA-FDC-2769766,Bush's Reduced Sodium Chick Peas 16 oz,Bush Brothers & Company,Vegetables - Prepared/Processed,US,039400017066,00039400017066,0,130,92,CHILD_NUTRITION_FOOD_PROGRAMS|GROCERY,2026-05-21,2026-04-23,,UNKNOWN,https://fdc.nal.usda.gov/fdc-app.html#/food-details/2769766/nutrients
USDA-FDC-2769767,Bush's Reduced Sodium Dark Red Kidney Beans 16 oz,Bush Brothers & Company,Vegetables - Prepared/Processed,US,039400017301,00039400017301,0,130,92,CHILD_NUTRITION_FOOD_PROGRAMS|GROCERY,2026-05-21,2026-04-23,,UNKNOWN,https://fdc.nal.usda.gov/fdc-app.html#/food-details/2769767/nutrients
USDA-FDC-2769768,Bush's Pinto Beans 16 oz,Bush Brothers & Company,Vegetables - Prepared/Processed,US,039400018100,00039400018100,0,130,62,CHILD_NUTRITION_FOOD_PROGRAMS|GROCERY,2026-05-21,2026-04-23,,UNKNOWN,https://fdc.nal.usda.gov/fdc-app.html#/food-details/2769768/nutrients
USDA-FDC-2769771,Bush's Seasoned Recipe Pinto Beans 16 oz,Bush Brothers & Company,Vegetables - Prepared/Processed,US,039400018285,00039400018285,0,130,69,CHILD_NUTRITION_FOOD_PROGRAMS|GROCERY,2026-05-21,2026-04-23,,UNKNOWN,https://fdc.nal.usda.gov/fdc-app.html#/food-details/2769771/nutrients
USDA-FDC-2769772,Bush's Black Beans 26.5 oz,Bush Brothers & Company,Vegetables - Prepared/Processed,US,039400018827,00039400018827,0,130,92,CHILD_NUTRITION_FOOD_PROGRAMS|GROCERY,2026-05-21,2026-04-23,,UNKNOWN,https://fdc.nal.usda.gov/fdc-app.html#/food-details/2769772/nutrients
USDA-FDC-2769774,Bush's Blackeye Peas with Snaps 15.8 oz,Bush Brothers & Company,Vegetables - Prepared/Processed,US,039400013723,00039400013723,0,130,69,CHILD_NUTRITION_FOOD_PROGRAMS|GROCERY,2026-05-21,2026-04-23,,UNKNOWN,https://fdc.nal.usda.gov/fdc-app.html#/food-details/2769774/nutrients
USDA-FDC-2769797,"Crystal Light Drink Mix, 1 Packet, for Convenient On-the-Go Flavorful Hydration, Lemonade Natural Flavor with Other Natural Flavor, Zero Sugar, 0.14 oz",Kraft Foods Inc.,Non Alcoholic Beverages - Not Ready to Drink,US,043000005170,00043000005170,0,4,250,GROCERY,2026-05-21,2026-04-27,,UNKNOWN,https://fdc.nal.usda.gov/fdc-app.html#/food-details/2769797/nutrients
USDA-FDC-2769799,"Crystal Light Drink Mix with Caffeine, 1 Packet, for Convenient On-the-Go Flavorful Hydration, Wild Strawberry Artificial Flavor, Zero Sugar, 0.11 oz",Kraft Foods Inc.,Non Alcoholic Beverages - Not Ready to Drink,US,043000005231,00043000005231,0,3.1099998951,322,GROCERY,2026-05-21,2026-04-17,,UNKNOWN,https://fdc.nal.usda.gov/fdc-app.html#/food-details/2769799/nutrients
USDA-FDC-2769800,Crystal Light Pink Lemonade Powdered Drink Mix. .13 oz Packet,Kraft Foods Inc.,Non Alcoholic Beverages - Not Ready to Drink,US,043000006818,00043000006818,0,3.68000006676,272,GROCERY,2026-05-21,2026-04-17,,UNKNOWN,https://fdc.nal.usda.gov/fdc-app.html#/food-details/2769800/nutrients
USDA-FDC-2769801,"Crystal Light Peach Mango On-The-Go Powdered Drink Mix with Caffeine, 0.07 oz Packet",Kraft Foods Inc.,Non Alcoholic Beverages - Not Ready to Drink,US,043000008492,00043000008492,0,2.20000004768,227,GROCERY,2026-05-21,2026-04-17,,UNKNOWN,https://fdc.nal.usda.gov/fdc-app.html#/food-details/2769801/nutrients
USDA-FDC-2769802,"Crystal Light Drink Mix, 10 Packets, for Convenient On-the-Go Flavorful Hydration, Raspberry Lemonade artificial flavor, Zero Sugar, 0.8 oz",Kraft Foods Inc.,Non Alcoholic Beverages - Not Ready to Drink,US,043000011201,00043000011201,0,2.26799988747,220,GROCERY,2026-05-21,2026-04-24,,UNKNOWN,https://fdc.nal.usda.gov/fdc-app.html#/food-details/2769802/nutrients
USDA-FDC-2769803,"Crystal Light Drink Mix with Caffeine, 10 Packets, for Convenient On-the-Go Flavorful Hydration, Peach Mango Natural Flavor With Other Natural Flavor, Zero Sugar, 0.7 oz",Kraft Foods Inc.,Non Alcoholic Beverages - Not Ready to Drink,US,043000036952,00043000036952,0,2.20000004768,227,GROCERY,2026-05-21,2026-04-17,,UNKNOWN,https://fdc.nal.usda.gov/fdc-app.html#/food-details/2769803/nutrients
USDA-FDC-2769805,"Kool-Aid Sours Natural Flavor with Other Natural Flavor Drink, 10 Pouches, for On-the-Go Hydration, Watermelon Blast, Sour Candy Flavor, No Artificial Dyes, 6 oz",Kraft Foods Inc.,Non Alcoholic Beverages - Ready to Drink,US,043000096963,00043000096963,0,364.619995117,19,GROCERY,2026-05-21,2026-04-23,,UNKNOWN,https://fdc.nal.usda.gov/fdc-app.html#/food-details/2769805/nutrients
USDA-FDC-2769972,Sun-Maid California Sun-Dried Raisins 30oz Bag,Sun-Maid Growers,Fruit - Prepared/Processed,US,041143129005,00041143129005,0,40,300,GROCERY,2026-06-25,2026-05-29,,UNKNOWN,https://fdc.nal.usda.gov/fdc-app.html#/food-details/2769972/nutrients
USDA-FDC-2769973,Sun-Maid Mini-Snacks California Sun-Dried Raisin 36-Ct Box/.5oz Cartons,Sun-Maid Growers of California,Fruit - Prepared/Processed,US,041143029718,00041143029718,0,14,286,CONVENIENCE|FOOD_SERVICE|GROCERY,2026-06-25,2026-05-19,,UNKNOWN,https://fdc.nal.usda.gov/fdc-app.html#/food-details/2769973/nutrients
USDA-FDC-2769974,Sun-Maid California Sun- Dried Raisins 2lb Bag,Sun-Maid Growers,Fruit - Prepared/Processed,US,041143029381,00041143029381,0,40,300,GROCERY,2026-06-25,2026-05-29,,UNKNOWN,https://fdc.nal.usda.gov/fdc-app.html#/food-details/2769974/nutrients
USDA-FDC-2769975,Bush's Light Red Kidney Beans 15.5 oz,Bush Brothers & Company,Vegetables - Prepared/Processed,US,039400001188,00039400001188,0,130,92,CHILD_NUTRITION_FOOD_PROGRAMS|GROCERY,2026-06-25,2026-05-20,,UNKNOWN,https://fdc.nal.usda.gov/fdc-app.html#/food-details/2769975/nutrients
USDA-FDC-2769976,Bush's Chickpeas 15.5 oz,Bush Brothers & Company,Vegetables - Prepared/Processed,US,039400001171,00039400001171,0,130,92,CHILD_NUTRITION_FOOD_PROGRAMS|GROCERY,2026-06-25,2026-05-26,,UNKNOWN,https://fdc.nal.usda.gov/fdc-app.html#/food-details/2769976/nutrients
USDA-FDC-2769981,SANTA CRUZ ORGANIC 12 OUNCE ORGANIC ALMOND BUTTER,The J.M. Smucker Company,Nuts/Seeds - Prepared/Processed,US,036192123395,00036192123395,0,32,594,GROCERY,2026-06-25,2025-11-10,,UNKNOWN,https://fdc.nal.usda.gov/fdc-app.html#/food-details/2769981/nutrients
USDA-FDC-2769983,SANTA CRUZ ORGANIC 9.5 OUNCE BLACKBERRY POMGRANTE FRUIT SPREAD - EACH,The J.M. Smucker Company,Sweet Spreads,US,036192105100,00036192105100,0,19,237,GROCERY,2026-06-25,2025-11-10,,UNKNOWN,https://fdc.nal.usda.gov/fdc-app.html#/food-details/2769983/nutrients
USDA-FDC-2769988,Smucker's 11 Ounce Cider Apple Butter,The J.M. Smucker Company,Sweet Spreads,US,051500000014,00051500000014,0,19,211,FOOD_SERVICE|GROCERY,2026-06-25,2026-05-18,,UNKNOWN,https://fdc.nal.usda.gov/fdc-app.html#/food-details/2769988/nutrients
USDA-FDC-2769990,Smucker's 12 Ounce Sweet Orange Marmalade,The J.M. Smucker Company,Sweet Spreads,US,051500000847,00051500000847,0,20,250,FOOD_SERVICE|GROCERY,2026-06-25,2025-07-02,,UNKNOWN,https://fdc.nal.usda.gov/fdc-app.html#/food-details/2769990/nutrients
USDA-FDC-2769991,Smucker's 12 Ounce Grape Jam Each,The J.M. Smucker Company,Sweet Spreads,US,051500000830,00051500000830,0,20,250,FOOD_SERVICE|GROCERY,2026-06-25,2025-09-15,,UNKNOWN,https://fdc.nal.usda.gov/fdc-app.html#/food-details/2769991/nutrients
USDA-FDC-2769992,Smucker's 12 Ounce Cherry Preserves,The J.M. Smucker Company,Sweet Spreads,US,051500000816,00051500000816,0,20,250,FOOD_SERVICE|GROCERY,2026-06-25,2025-07-02,,UNKNOWN,https://fdc.nal.usda.gov/fdc-app.html#/food-details/2769992/nutrients
USDA-FDC-2769993,Smucker's 12 Ounce Blueberry Preserves,The J.M. Smucker Company,Sweet Spreads,US,051500000793,00051500000793,0,20,250,FOOD_SERVICE|GROCERY,2026-06-25,2025-07-02,,UNKNOWN,https://fdc.nal.usda.gov/fdc-app.html#/food-details/2769993/nutrients
USDA-FDC-2769994,Smucker's 12 Ounce Apricot Preserves,The J.M. Smucker Company,Sweet Spreads,US,051500000755,00051500000755,0,20,250,FOOD_SERVICE|GROCERY,2026-06-25,2025-07-02,,UNKNOWN,https://fdc.nal.usda.gov/fdc-app.html#/food-details/2769994/nutrients
USDA-FDC-2769995,Smucker's 18 Ounce Goober Strawberry,The J.M. Smucker Company,Nuts/Seeds - Prepared/Processed,US,051500000656,00051500000656,0,56,393,FOOD_SERVICE|GROCERY,2026-06-25,2026-05-18,,UNKNOWN,https://fdc.nal.usda.gov/fdc-app.html#/food-details/2769995/nutrients
USDA-FDC-2769996,Smucker's 18 Ounce Goober Grape,The J.M. Smucker Company,Nuts/Seeds - Prepared/Processed,US,051500000557,00051500000557,0,56,393,FOOD_SERVICE|GROCERY,2026-06-25,2026-05-18,,UNKNOWN,https://fdc.nal.usda.gov/fdc-app.html#/food-details/2769996/nutrients
USDA-FDC-2769997,Smucker's 11.75 Ounce Hot Fudge Topping,The J.M. Smucker Company,Desserts/Dessert Sauces/Toppings,US,051500000489,00051500000489,0,38,342,FOOD_SERVICE|GROCERY,2026-06-25,2026-05-18,,UNKNOWN,https://fdc.nal.usda.gov/fdc-app.html#/food-details/2769997/nutrients
USDA-FDC-2770000,Smucker's 12 Ounce Chocolate Fudge Topping,The J.M. Smucker Company,Desserts/Dessert Sauces/Toppings,US,051500000229,00051500000229,0,39,308,FOOD_SERVICE|GROCERY,2026-06-25,2026-01-29,,UNKNOWN,https://fdc.nal.usda.gov/fdc-app.html#/food-details/2770000/nutrients
USDA-FDC-2770001,Smucker's 12.25 Ounce Caramel Topping Each,The J.M. Smucker Company,Desserts/Dessert Sauces/Toppings,US,051500000212,00051500000212,0,41,293,FOOD_SERVICE|GROCERY,2026-06-25,2026-05-18,,UNKNOWN,https://fdc.nal.usda.gov/fdc-app.html#/food-details/2770001/nutrients
USDA-FDC-2770002,Smucker's 12.25 Ounce Butterscotch Topping Each,The J.M. Smucker Company,Desserts/Dessert Sauces/Toppings,US,051500000205,00051500000205,0,42,310,FOOD_SERVICE|GROCERY,2026-06-25,2026-05-18,,UNKNOWN,https://fdc.nal.usda.gov/fdc-app.html#/food-details/2770002/nutrients
USDA-FDC-2770003,Smucker's 16.5 Ounce Cider Apple Butter,The J.M. Smucker Company,Sweet Spreads,US,051500000182,00051500000182,0,19,211,GROCERY,2026-06-25,2026-01-28,,UNKNOWN,https://fdc.nal.usda.gov/fdc-app.html#/food-details/2770003/nutrients
USDA-FDC-2770006,Smucker's 12 Ounce Peach Preserves,The J.M. Smucker Company,Sweet Spreads,US,051500000861,00051500000861,0,20,250,FOOD_SERVICE|GROCERY,2026-06-25,2025-07-02,,UNKNOWN,https://fdc.nal.usda.gov/fdc-app.html#/food-details/2770006/nutrients
USDA-FDC-2770044,Smucker's 12 Ounce Pineapple Preserves Each,The J.M. Smucker Company,Sweet Spreads,US,051500000878,00051500000878,0,20,250,FOOD_SERVICE|GROCERY,2026-06-25,2025-09-15,,UNKNOWN,https://fdc.nal.usda.gov/fdc-app.html#/food-details/2770044/nutrients
USDA-FDC-2770045,Smucker's 12 Ounce Seedless Blackberry Jam,The J.M. Smucker Company,Sweet Spreads,US,051500000908,00051500000908,0,20,250,FOOD_SERVICE|GROCERY,2026-06-25,2025-07-02,,UNKNOWN,https://fdc.nal.usda.gov/fdc-app.html#/food-details/2770045/nutrients
USDA-FDC-2770046,Smucker's 12 Ounce Grape Jelly Each,The J.M. Smucker Company,Sweet Spreads,US,051500022085,00051500022085,0,20,250,FOOD_SERVICE|GROCERY,2026-06-25,2025-09-19,,UNKNOWN,https://fdc.nal.usda.gov/fdc-app.html#/food-details/2770046/nutrients
USDA-FDC-2770047,Smucker's 12 Ounce Black Raspberry Jelly,The J.M. Smucker Company,Sweet Spreads,US,051500022030,00051500022030,0,20,250,FOOD_SERVICE|GROCERY,2026-06-25,2025-07-02,,UNKNOWN,https://fdc.nal.usda.gov/fdc-app.html#/food-details/2770047/nutrients
USDA-FDC-2770050,Smucker's 3/4 Ounce Strawberry Preserves Plastic,The J.M. Smucker Company,Sweet Spreads,US,051500021064,00051500021064,0,21,238,FOOD_SERVICE|GROCERY,2026-06-25,2023-01-17,,UNKNOWN,https://fdc.nal.usda.gov/fdc-app.html#/food-details/2770050/nutrients
USDA-FDC-2770051,Smucker's 1/2 Ounce Apple Butter Plastic 200 Count Case,The J.M. Smucker Company,Sweet Spreads,US,051500019849,00051500019849,0,14,143,FOOD_SERVICE|GROCERY,2026-06-25,2026-05-18,,UNKNOWN,https://fdc.nal.usda.gov/fdc-app.html#/food-details/2770051/nutrients
USDA-FDC-2770052,Smucker's 12 Ounce Mixed Fruit Jelly,The J.M. Smucker Company,Sweet Spreads,US,051500022115,00051500022115,0,20,250,GROCERY,2026-06-25,2025-07-02,,UNKNOWN,https://fdc.nal.usda.gov/fdc-app.html#/food-details/2770052/nutrients
USDA-FDC-2770053,Smucker's 16 Ounce Chunky Natural Peanut Butter,The J.M. Smucker Company,Nuts/Seeds - Prepared/Processed,US,051500017012,00051500017012,0,32,594,FOOD_SERVICE|GROCERY,2026-06-25,2026-05-18,,UNKNOWN,https://fdc.nal.usda.gov/fdc-app.html#/food-details/2770053/nutrients
USDA-FDC-2770054,Smucker's 1/2 Ounce Seedless Blackberry Jam Plastic,The J.M. Smucker Company,Sweet Spreads,US,051500016985,00051500016985,0,14,250,FOOD_SERVICE|GROCERY,2026-06-25,2026-05-18,,UNKNOWN,https://fdc.nal.usda.gov/fdc-app.html#/food-details/2770054/nutrients
USDA-FDC-2770055,Smucker's 1/2 Ounce Assortment 8 Plastic 200 Count Case,The J.M. Smucker Company,Sweet Spreads,US,051500016961,00051500016961,0,14,250,FOOD_SERVICE|GROCERY,2026-06-25,2026-05-18,,UNKNOWN,https://fdc.nal.usda.gov/fdc-app.html#/food-details/2770055/nutrients
USDA-FDC-2770059,Smucker's 32 Ounce Grape Jam,The J.M. Smucker Company,Sweet Spreads,US,051500012499,00051500012499,0,20,250,FOOD_SERVICE|GROCERY,2026-06-25,2026-01-29,,UNKNOWN,https://fdc.nal.usda.gov/fdc-app.html#/food-details/2770059/nutrients
USDA-FDC-2770060,Smucker's 16 Ounce Creamy Peanut Butter,The J.M. Smucker Company,Nuts/Seeds - Prepared/Processed,US,051500017005,00051500017005,0,32,594,FOOD_SERVICE|GROCERY,2026-06-25,2026-05-12,,UNKNOWN,https://fdc.nal.usda.gov/fdc-app.html#/food-details/2770060/nutrients
USDA-FDC-2770061,Smucker's 12 Ounce Strawberry Jelly,The J.M. Smucker Company,Sweet Spreads,US,051500022153,00051500022153,0,20,250,FOOD_SERVICE|GROCERY,2026-06-25,2025-07-02,,UNKNOWN,https://fdc.nal.usda.gov/fdc-app.html#/food-details/2770061/nutrients
USDA-FDC-2770062,Smucker's 32 Ounce Red Raspberry Preserves,The J.M. Smucker Company,Sweet Spreads,US,051500022191,00051500022191,0,20,250,FOOD_SERVICE|GROCERY,2026-06-25,2026-01-29,,UNKNOWN,https://fdc.nal.usda.gov/fdc-app.html#/food-details/2770062/nutrients
USDA-FDC-2770063,Smucker's 1.1 Ounce Sugar Free Breakfast Syrup Plastic 100 Count Case,The J.M. Smucker Company,Sugars/Sugar Substitute Products,US,051500022771,00051500022771,0,32,31,FOOD_SERVICE|GROCERY,2026-06-25,2026-05-18,,UNKNOWN,https://fdc.nal.usda.gov/fdc-app.html#/food-details/2770063/nutrients
USDA-FDC-2770066,Smucker's 20 Ounce Drizzle Chocolate Each,The J.M. Smucker Company,Desserts/Dessert Sauces/Toppings,US,051500025130,00051500025130,0,40,275,FOOD_SERVICE|GROCERY,2026-06-25,2026-05-18,,UNKNOWN,https://fdc.nal.usda.gov/fdc-app.html#/food-details/2770066/nutrients
USDA-FDC-2770069,Smucker's 7.25 Ounce Magic Shell Chocolate Fudge Each,The J.M. Smucker Company,Desserts/Dessert Sauces/Toppings,US,051500025017,00051500025017,0,32,594,FOOD_SERVICE|GROCERY,2026-06-25,2026-05-18,,UNKNOWN,https://fdc.nal.usda.gov/fdc-app.html#/food-details/2770069/nutrients
USDA-FDC-2770070,Smucker's Magic Shell 7.25 Ounce Chocolate Each,The J.M. Smucker Company,Desserts/Dessert Sauces/Toppings,US,051500025000,00051500025000,0,34,618,FOOD_SERVICE|GROCERY,2026-06-25,2026-05-18,,UNKNOWN,https://fdc.nal.usda.gov/fdc-app.html#/food-details/2770070/nutrients
USDA-FDC-2770071,Smucker's 10 Ounce Simply Fruit Peach - Each,The J.M. Smucker Company,Sweet Spreads,US,051500023426,00051500023426,0,19,211,FOOD_SERVICE|GROCERY,2026-06-25,2026-03-06,,UNKNOWN,https://fdc.nal.usda.gov/fdc-app.html#/food-details/2770071/nutrients
USDA-FDC-2770072,Smucker's 10 Ounce Simply Fruit Apricot - Each,The J.M. Smucker Company,Sweet Spreads,US,051500023310,00051500023310,0,19,211,FOOD_SERVICE|GROCERY,2026-06-25,2026-03-06,,UNKNOWN,https://fdc.nal.usda.gov/fdc-app.html#/food-details/2770072/nutrients
USDA-FDC-2770073,Smucker's 10 Ounce Simply Fruit Grape - Each,The J.M. Smucker Company,Sweet Spreads,US,051500023297,00051500023297,0,19,211,GROCERY,2026-06-25,2026-03-06,,UNKNOWN,https://fdc.nal.usda.gov/fdc-app.html#/food-details/2770073/nutrients
USDA-FDC-2770074,Smucker's 10 Ounce Simply Fruit Seedless Blackberry - Each,The J.M. Smucker Company,Sweet Spreads,US,051500023273,00051500023273,0,19,211,FOOD_SERVICE|GROCERY,2026-06-25,2026-03-06,,UNKNOWN,https://fdc.nal.usda.gov/fdc-app.html#/food-details/2770074/nutrients
USDA-FDC-2770076,Smucker's 10 Ounce Simply Fruit Strawberry - Each,The J.M. Smucker Company,Sweet Spreads,US,051500023259,00051500023259,0,19,211,FOOD_SERVICE|GROCERY,2026-06-25,2026-05-18,,UNKNOWN,https://fdc.nal.usda.gov/fdc-app.html#/food-details/2770076/nutrients
USDA-FDC-2770077,Smucker's 2.1 Ounce Breakfast Syrup Plastic 100 Count Case,The J.M. Smucker Company,Sugars/Sugar Substitute Products,US,051500022849,00051500022849,0,60,283,FOOD_SERVICE|GROCERY,2026-06-25,2026-05-26,,UNKNOWN,https://fdc.nal.usda.gov/fdc-app.html#/food-details/2770077/nutrients
USDA-FDC-2770078,Smucker's 3/4 Ounce Peanut Butter Plastic,The J.M. Smucker Company,Nuts/Seeds - Prepared/Processed,US,051500022825,00051500022825,0,21,571,FOOD_SERVICE|GROCERY,2026-06-25,2026-01-16,,UNKNOWN,https://fdc.nal.usda.gov/fdc-app.html#/food-details/2770078/nutrients
USDA-FDC-2770079,SMUCKER'S 18 OUNCE SEEDLESS STRAWBERRY JAM Each,The J.M. Smucker Company,Sweet Spreads,US,051500012291,00051500012291,0,20,250,FOOD_SERVICE|GROCERY,2026-06-25,2026-05-28,,UNKNOWN,https://fdc.nal.usda.gov/fdc-app.html#/food-details/2770079/nutrients
USDA-FDC-2770080,Smucker's 12 Ounce Red Raspberry Preserves,The J.M. Smucker Company,Sweet Spreads,US,051500000892,00051500000892,0,20,250,FOOD_SERVICE|GROCERY,2026-06-25,2025-07-02,,UNKNOWN,https://fdc.nal.usda.gov/fdc-app.html#/food-details/2770080/nutrients
USDA-FDC-2770081,Smucker's 18 Ounce Seedless Red Raspberry Jam,The J.M. Smucker Company,Sweet Spreads,US,051500012284,00051500012284,0,20,250,FOOD_SERVICE|GROCERY,2026-06-25,2025-07-02,,UNKNOWN,https://fdc.nal.usda.gov/fdc-app.html#/food-details/2770081/nutrients
USDA-FDC-2770083,Smucker's 18 Ounce Grape Jam,The J.M. Smucker Company,Sweet Spreads,US,051500006788,00051500006788,0,20,250,FOOD_SERVICE|GROCERY,2026-06-25,2025-07-02,,UNKNOWN,https://fdc.nal.usda.gov/fdc-app.html#/food-details/2770083/nutrients
USDA-FDC-2770084,Smucker's 18 Ounce Cherry Preserves Each,The J.M. Smucker Company,Sweet Spreads,US,051500006771,00051500006771,0,20,250,FOOD_SERVICE|GROCERY,2026-06-25,2025-09-19,,UNKNOWN,https://fdc.nal.usda.gov/fdc-app.html#/food-details/2770084/nutrients
USDA-FDC-2770085,Smucker's 18 Ounce Blackberry Jam,The J.M. Smucker Company,Sweet Spreads,US,051500006764,00051500006764,0,20,250,GROCERY,2026-06-25,2026-01-29,,UNKNOWN,https://fdc.nal.usda.gov/fdc-app.html#/food-details/2770085/nutrients
USDA-FDC-2770086,Smucker's 10 Tin Grape Jelly,The J.M. Smucker Company,Sweet Spreads,US,051500003381,00051500003381,0,20,250,FOOD_SERVICE|GROCERY,2026-06-25,2023-03-13,,UNKNOWN,https://fdc.nal.usda.gov/fdc-app.html#/food-details/2770086/nutrients
USDA-FDC-2770087,Smucker's 10 Tin Sweet Orange Marmalade,The J.M. Smucker Company,Sweet Spreads,US,051500003152,00051500003152,0,20,250,FOOD_SERVICE|GROCERY,2026-06-25,2023-04-24,,UNKNOWN,https://fdc.nal.usda.gov/fdc-app.html#/food-details/2770087/nutrients
USDA-FDC-2770089,Smucker's 18 Ounce Sweet Orange Marmalade Each,The J.M. Smucker Company,Sweet Spreads,US,051500006795,00051500006795,0,20,250,FOOD_SERVICE|GROCERY,2026-06-25,2025-09-15,,UNKNOWN,https://fdc.nal.usda.gov/fdc-app.html#/food-details/2770089/nutrients
USDA-FDC-2770091,Smucker's 32 Ounce Grape Jelly Each,The J.M. Smucker Company,Sweet Spreads,US,051500001622,00051500001622,0,20,250,FOOD_SERVICE|GROCERY,2026-06-25,2026-05-18,,UNKNOWN,https://fdc.nal.usda.gov/fdc-app.html#/food-details/2770091/nutrients
USDA-FDC-2770093,Smucker's 12.25 Ounce Marshmallow Topping Each,The J.M. Smucker Company,Desserts/Dessert Sauces/Toppings,US,051500001202,00051500001202,0,41,293,FOOD_SERVICE|GROCERY,2026-06-25,2026-05-04,,UNKNOWN,https://fdc.nal.usda.gov/fdc-app.html#/food-details/2770093/nutrients
USDA-FDC-2770094,Smucker's 12 Ounce Strawberry Preserves Each,The J.M. Smucker Company,Sweet Spreads,US,051500000953,00051500000953,0,20,250,FOOD_SERVICE|GROCERY,2026-06-25,2025-09-19,,UNKNOWN,https://fdc.nal.usda.gov/fdc-app.html#/food-details/2770094/nutrients
USDA-FDC-2770095,Smucker's 12 Oz Sdls Strawberry Jam Each,The J.M. Smucker Company,Sweet Spreads,US,051500000946,00051500000946,0,20,250,FOOD_SERVICE|GROCERY,2026-06-25,2025-09-15,,UNKNOWN,https://fdc.nal.usda.gov/fdc-app.html#/food-details/2770095/nutrients
USDA-FDC-2770096,Smucker's 12 Ounce Seedless Red Raspberry Jam,The J.M. Smucker Company,Sweet Spreads,US,051500000939,00051500000939,0,20,250,FOOD_SERVICE|GROCERY,2026-06-25,2025-07-02,,UNKNOWN,https://fdc.nal.usda.gov/fdc-app.html#/food-details/2770096/nutrients
USDA-FDC-2770097,Smucker's 32 Ounce Strawberry Jam,The J.M. Smucker Company,Sweet Spreads,US,051500001639,00051500001639,0,20,250,FOOD_SERVICE|GROCERY,2026-06-25,2026-05-18,,UNKNOWN,https://fdc.nal.usda.gov/fdc-app.html#/food-details/2770097/nutrients
USDA-FDC-2770098,Smucker's 18 Ounce Peach Preserves,The J.M. Smucker Company,Sweet Spreads,US,051500006801,00051500006801,0,20,250,FOOD_SERVICE|GROCERY,2026-06-25,2025-07-02,,UNKNOWN,https://fdc.nal.usda.gov/fdc-app.html#/food-details/2770098/nutrients
USDA-FDC-2770099,Smucker's 18 Ounce Red Plum Jam,The J.M. Smucker Company,Sweet Spreads,US,051500006825,00051500006825,0,20,250,FOOD_SERVICE|GROCERY,2026-06-25,2025-07-02,,UNKNOWN,https://fdc.nal.usda.gov/fdc-app.html#/food-details/2770099/nutrients
USDA-FDC-2770100,Smucker's 18 Ounce Red Raspberry Preserves Each,The J.M. Smucker Company,Sweet Spreads,US,051500006832,00051500006832,0,20,250,FOOD_SERVICE|GROCERY,2026-06-25,2026-03-13,,UNKNOWN,https://fdc.nal.usda.gov/fdc-app.html#/food-details/2770100/nutrients
USDA-FDC-2770101,SMUCKER 1/2 OUNCE ASSORTMENT 5 PLASTIC 200 Count Case,The J.M. Smucker Company,Sweet Spreads,US,051500008003,00051500008003,0,14,250,FOOD_SERVICE|GROCERY,2026-06-25,2026-05-18,,UNKNOWN,https://fdc.nal.usda.gov/fdc-app.html#/food-details/2770101/nutrients
USDA-FDC-2770102,Smucker's 1/2 Ounce Assortment 3 Plastic 200 Count Case,The J.M. Smucker Company,Sweet Spreads,US,051500007952,00051500007952,0,14,250,FOOD_SERVICE|GROCERY,2026-06-25,2026-05-18,,UNKNOWN,https://fdc.nal.usda.gov/fdc-app.html#/food-details/2770102/nutrients
USDA-FDC-2770103,Smucker's 1/2 Ounce Assortment 4 Plastic 200 Count Case,The J.M. Smucker Company,Sweet Spreads,US,051500007747,00051500007747,0,14,250,FOOD_SERVICE|GROCERY,2026-06-25,2026-05-18,,UNKNOWN,https://fdc.nal.usda.gov/fdc-app.html#/food-details/2770103/nutrients
USDA-FDC-2770104,SMUCKER 1/2 OUNCE ASSORTMENT 1 PLASTIC 200 Count Case,The J.M. Smucker Company,Sweet Spreads,US,051500007730,00051500007730,0,14,250,FOOD_SERVICE|GROCERY,2026-06-25,2026-05-18,,UNKNOWN,https://fdc.nal.usda.gov/fdc-app.html#/food-details/2770104/nutrients
USDA-FDC-2770105,SMUCKER 1/2 OUNCE STRAWBERRY JAM PLASTIC 200 Count Case,The J.M. Smucker Company,Sweet Spreads,US,051500007679,00051500007679,0,14,250,FOOD_SERVICE|GROCERY,2026-06-25,2026-05-18,,UNKNOWN,https://fdc.nal.usda.gov/fdc-app.html#/food-details/2770105/nutrients
USDA-FDC-2770106,Smucker's 1/2 Ounce Orange Marmalade Plastic 200 Count Case,The J.M. Smucker Company,Sweet Spreads,US,051500007662,00051500007662,0,14,250,FOOD_SERVICE|GROCERY,2026-06-25,2026-05-18,,UNKNOWN,https://fdc.nal.usda.gov/fdc-app.html#/food-details/2770106/nutrients
USDA-FDC-2770107,Smucker's 1/2 Ounce Mixed Fruit Jelly Plastic 200 Count Case,The J.M. Smucker Company,Sweet Spreads,US,051500007655,00051500007655,0,14,250,FOOD_SERVICE|GROCERY,2026-06-25,2026-05-18,,UNKNOWN,https://fdc.nal.usda.gov/fdc-app.html#/food-details/2770107/nutrients
USDA-FDC-2770108,SMUCKER 1/2 OUNCE GRAPE JELLY PLASTIC 200 Count Case,The J.M. Smucker Company,Sweet Spreads,US,051500007648,00051500007648,0,14,250,FOOD_SERVICE|GROCERY,2026-06-25,2026-05-18,,UNKNOWN,https://fdc.nal.usda.gov/fdc-app.html#/food-details/2770108/nutrients
USDA-FDC-2770109,Smucker's 1/2 Ounce Apple Jelly Plastic 200 Count Case,The J.M. Smucker Company,Sweet Spreads,US,051500007600,00051500007600,0,14,250,FOOD_SERVICE|GROCERY,2026-06-25,2026-05-18,,UNKNOWN,https://fdc.nal.usda.gov/fdc-app.html#/food-details/2770109/nutrients
USDA-FDC-2770110,Smucker's 18 Ounce Strawberry Jelly Each,The J.M. Smucker Company,Sweet Spreads,US,051500006962,00051500006962,0,20,250,FOOD_SERVICE|GROCERY,2026-06-25,2025-09-15,,UNKNOWN,https://fdc.nal.usda.gov/fdc-app.html#/food-details/2770110/nutrients
USDA-FDC-2770111,Smucker's 18 Ounce Grape Jelly,The J.M. Smucker Company,Sweet Spreads,US,051500006931,00051500006931,0,20,250,FOOD_SERVICE|GROCERY,2026-06-25,2025-07-02,,UNKNOWN,https://fdc.nal.usda.gov/fdc-app.html#/food-details/2770111/nutrients
USDA-FDC-2770112,Smucker's 18 Ounce Pineapple Preserves Each,The J.M. Smucker Company,Sweet Spreads,US,051500006924,00051500006924,0,20,250,FOOD_SERVICE|GROCERY,2026-06-25,2025-09-22,,UNKNOWN,https://fdc.nal.usda.gov/fdc-app.html#/food-details/2770112/nutrients
USDA-FDC-2770113,Smucker's 18 Ounce Apple Jelly,The J.M. Smucker Company,Sweet Spreads,US,051500006900,00051500006900,0,20,250,FOOD_SERVICE|GROCERY,2026-06-25,2025-07-02,,UNKNOWN,https://fdc.nal.usda.gov/fdc-app.html#/food-details/2770113/nutrients
USDA-FDC-2770114,Smucker's 18 Ounce Strawberry Preserves Each,The J.M. Smucker Company,Sweet Spreads,US,051500006863,00051500006863,0,20,250,FOOD_SERVICE|GROCERY,2026-06-25,2026-04-28,,UNKNOWN,https://fdc.nal.usda.gov/fdc-app.html#/food-details/2770114/nutrients
USDA-FDC-2770115,Smucker's 18 Ounce Seedless Blackberry Jam Each,The J.M. Smucker Company,Sweet Spreads,US,051500006849,00051500006849,0,20,250,FOOD_SERVICE|GROCERY,2026-06-25,2025-09-19,,UNKNOWN,https://fdc.nal.usda.gov/fdc-app.html#/food-details/2770115/nutrients
USDA-FDC-2770116,Smucker's 10 Tin Strawberry Jam,The J.M. Smucker Company,Sweet Spreads,US,051500011805,00051500011805,0,20,250,FOOD_SERVICE|GROCERY,2026-06-25,2023-03-13,,UNKNOWN,https://fdc.nal.usda.gov/fdc-app.html#/food-details/2770116/nutrients
USDA-FDC-2770175,"Capri Sun Hydrate with Electrolytes Flavored Drink with Other Natural Flavor, 10 Pouches, for On-the-Go Hydration and School Lunches, Lemon and Lime, Good Source of Vitamin E, 6 oz",Kraft Foods Inc.,Non Alcoholic Beverages - Ready to Drink,US,087684011997,00087684011997,0,354.389404297,13,GROCERY,2026-06-25,2026-05-19,,UNKNOWN,https://fdc.nal.usda.gov/fdc-app.html#/food-details/2770175/nutrients
USDA-FDC-2770176,"Capri Sun Hydrate with Electrolytes Flavored Drink with Other Natural Flavor, 10 Pouches, for On-the-Go Hydration and School Lunches, Tropical Punch, Good Source of Vitamin E, 6 oz",Kraft Foods Inc.,Non Alcoholic Beverages - Ready to Drink,US,087684011980,00087684011980,0,354.389404297,13,GROCERY,2026-06-25,2026-05-19,,UNKNOWN,https://fdc.nal.usda.gov/fdc-app.html#/food-details/2770176/nutrients
USDA-FDC-2770177,"Capri Sun Hydrate with Electrolytes Flavored Drink with Other Natural Flavor, 10 Pouches, for On-the-Go Hydration and School Lunches, Fruit Punch, Good Source of Vitamin E, 6 oz",Kraft Foods Inc.,Non Alcoholic Beverages - Ready to Drink,US,087684011973,00087684011973,0,357.894012451,13,GROCERY,2026-06-25,2026-05-19,,UNKNOWN,https://fdc.nal.usda.gov/fdc-app.html#/food-details/2770177/nutrients
USDA-FDC-2770197,Bush's Country Style Baked Beans 12-28 oz,Bush Brothers & Company,Vegetables - Prepared/Processed,US,10039400019746,10039400019746,0,130,123,CHILD_NUTRITION_FOOD_PROGRAMS|GROCERY,2026-06-25,2026-05-30,,UNKNOWN,https://fdc.nal.usda.gov/fdc-app.html#/food-details/2770197/nutrients
USDA-FDC-2770198,BUSH'S Red Beans in a Mild Chili Sauce 12-16 oz,Bush Brothers & Company,Vegetables - Prepared/Processed,US,10039400016882,10039400016882,0,130,92,CHILD_NUTRITION_FOOD_PROGRAMS|GROCERY,2026-06-25,2026-05-20,,UNKNOWN,https://fdc.nal.usda.gov/fdc-app.html#/food-details/2770198/nutrients
USDA-FDC-2770199,BUSH'S Black Beans in a Mild Chili Sauce 12-15.5 oz,Bush Brothers & Company,Vegetables - Prepared/Processed,US,10039400015021,10039400015021,0,130,100,CHILD_NUTRITION_FOOD_PROGRAMS|GROCERY,2026-06-25,2026-05-20,,UNKNOWN,https://fdc.nal.usda.gov/fdc-app.html#/food-details/2770199/nutrients
USDA-FDC-2770247,Smucker's 15.5 Ounce Hot Caramel Microwave Squeeze,The J.M. Smucker Company,Desserts/Dessert Sauces/Toppings,US,051500025277,00051500025277,0,42,357,GROCERY,2026-06-25,2026-05-18,,UNKNOWN,https://fdc.nal.usda.gov/fdc-app.html#/food-details/2770247/nutrients
USDA-FDC-2770267,Smucker's 10 Ounce Simply Fruit Seedless Black Raspberry - Each,The J.M. Smucker Company,Sweet Spreads,US,051500025697,00051500025697,0,19,211,GROCERY,2026-06-25,2026-03-06,,UNKNOWN,https://fdc.nal.usda.gov/fdc-app.html#/food-details/2770267/nutrients
USDA-FDC-2770268,Smucker's 10 Ounce Simply Fruit Seedless Strawberry Spreadable Fruit - Each,The J.M. Smucker Company,Sweet Spreads,US,051500025710,00051500025710,0,19,211,GROCERY,2026-06-25,2026-03-06,,UNKNOWN,https://fdc.nal.usda.gov/fdc-app.html#/food-details/2770268/nutrients
USDA-FDC-2770269,Smucker's 1 Ounce Natural Breakfast Syrup Plastic,The J.M. Smucker Company,Sugars/Sugar Substitute Products,US,051500605042,00051500605042,0,28,286,FOOD_SERVICE|GROCERY,2026-06-25,2026-05-18,,UNKNOWN,https://fdc.nal.usda.gov/fdc-app.html#/food-details/2770269/nutrients
USDA-FDC-2770270,Santa Cruz Organic 16 Ounce Organic No Stir Dark Crunchy Peanut Butter Responsibly Sourced Palm Oil Each,The J.M. Smucker Company,Nuts/Seeds - Prepared/Processed,US,051500601525,00051500601525,0,32,594,FOOD_SERVICE|GROCERY,2026-06-25,2026-01-22,,UNKNOWN,https://fdc.nal.usda.gov/fdc-app.html#/food-details/2770270/nutrients
USDA-FDC-2770272,Santa Cruz Organic 12 Ounce Organic Almond Butter Each,The J.M. Smucker Company,Nuts/Seeds - Prepared/Processed,US,051500580721,00051500580721,0,32,594,GROCERY,2026-06-25,2025-11-10,,UNKNOWN,https://fdc.nal.usda.gov/fdc-app.html#/food-details/2770272/nutrients
USDA-FDC-2770273,Jif To Go 1.1 Ounce Crunchy Peanut Butter 8 Pack,The J.M. Smucker Company,Nuts/Seeds - Prepared/Processed,US,051500580028,00051500580028,0,31.2000007629,577,GROCERY,2026-06-25,2025-06-24,,UNKNOWN,https://fdc.nal.usda.gov/fdc-app.html#/food-details/2770273/nutrients
USDA-FDC-2770274,Smucker's 10 Ounce Natural Strawberry Jalapeno Fruit Spread Each,The J.M. Smucker Company,Sweet Spreads,US,051500555989,00051500555989,0,19,211,GROCERY,2026-06-25,2026-03-13,,UNKNOWN,https://fdc.nal.usda.gov/fdc-app.html#/food-details/2770274/nutrients
USDA-FDC-2770276,Smucker's 25 Ounce Strawberry Fruit Spread Each,The J.M. Smucker Company,Sweet Spreads,US,051500555798,00051500555798,0,19,237,GROCERY,2026-06-25,2023-10-31,,UNKNOWN,https://fdc.nal.usda.gov/fdc-app.html#/food-details/2770276/nutrients
USDA-FDC-2770277,Jif 15 Ounce Chocolate Crunchy Peanut Butter Each,The J.M. Smucker Company,Nuts/Seeds - Prepared/Processed,US,051500513545,00051500513545,0,35,571,GROCERY,2026-06-25,2025-09-19,,UNKNOWN,https://fdc.nal.usda.gov/fdc-app.html#/food-details/2770277/nutrients
USDA-FDC-2770279,Santa Cruz Organic 16 Ounce Organic Dark Roasted Crunchy Peanut Butter Each,The J.M. Smucker Company,Nuts/Seeds - Prepared/Processed,US,051500507872,00051500507872,0,32,562,GROCERY,2026-06-25,2026-01-22,,UNKNOWN,https://fdc.nal.usda.gov/fdc-app.html#/food-details/2770279/nutrients
USDA-FDC-2770280,Santa Cruz Organic 26 Ounce Organic Dark Roasted Creamy Peanut Butter Each,The J.M. Smucker Company,Nuts/Seeds - Prepared/Processed,US,051500490334,00051500490334,0,32,562,GROCERY,2026-06-25,2026-01-22,,UNKNOWN,https://fdc.nal.usda.gov/fdc-app.html#/food-details/2770280/nutrients
USDA-FDC-2770282,Santa Cruz Organic 16 Ounce Organic Light Roasted Creamy Peanut Butter Each,The J.M. Smucker Company,Nuts/Seeds - Prepared/Processed,US,051500476734,00051500476734,0,32,562,GROCERY,2026-06-25,2026-01-22,,UNKNOWN,https://fdc.nal.usda.gov/fdc-app.html#/food-details/2770282/nutrients
USDA-FDC-2770283,Smucker's 30 Ounce Grape Jam Each,The J.M. Smucker Company,Sweet Spreads,US,051500543146,00051500543146,0,20,250,FOOD_SERVICE|GROCERY,2026-06-25,2026-05-01,,UNKNOWN,https://fdc.nal.usda.gov/fdc-app.html#/food-details/2770283/nutrients
USDA-FDC-2770284,Smucker's 25 Ounce Strawberry Natural Spread,The J.M. Smucker Company,Sweet Spreads,US,051500616123,00051500616123,0,19,211,GROCERY,2026-06-25,2026-01-29,,UNKNOWN,https://fdc.nal.usda.gov/fdc-app.html#/food-details/2770284/nutrients
USDA-FDC-2770286,Jif To Go 1.1 Ounce Creamy Peanut Butter 8 Pack,The J.M. Smucker Company,Nuts/Seeds - Prepared/Processed,US,051500656426,00051500656426,0,31.2000007629,577,FOOD_SERVICE|GROCERY,2026-06-25,2026-05-18,,UNKNOWN,https://fdc.nal.usda.gov/fdc-app.html#/food-details/2770286/nutrients
USDA-FDC-2770287,JIF 40 OUNCE CRUNCHY PEANUT BUTTER Each,The J.M. Smucker Company,Nuts/Seeds - Prepared/Processed,US,051500720028,00051500720028,0,33,576,FOOD_SERVICE|GROCERY,2026-06-25,2026-05-26,,UNKNOWN,https://fdc.nal.usda.gov/fdc-app.html#/food-details/2770287/nutrients
USDA-FDC-2770288,JIF 40 OUNCE CREAMY PEANUT BUTTER Each,The J.M. Smucker Company,Nuts/Seeds - Prepared/Processed,US,051500720011,00051500720011,0,33,576,FOOD_SERVICE|GROCERY,2026-06-25,2026-05-26,,UNKNOWN,https://fdc.nal.usda.gov/fdc-app.html#/food-details/2770288/nutrients
USDA-FDC-2770289,Smucker's 18 Ounce Goober Honey Each,The J.M. Smucker Company,Nuts/Seeds - Prepared/Processed,US,051500715239,00051500715239,0,56,393,FOOD_SERVICE|GROCERY,2026-06-25,2026-01-22,,UNKNOWN,https://fdc.nal.usda.gov/fdc-app.html#/food-details/2770289/nutrients
USDA-FDC-2770290,Smucker's 60 Ounce Grape Jelly Pack,The J.M. Smucker Company,Sweet Spreads,US,051500713761,00051500713761,0,20,250,GROCERY,2026-06-25,2026-05-12,,UNKNOWN,https://fdc.nal.usda.gov/fdc-app.html#/food-details/2770290/nutrients
USDA-FDC-2770291,ADAMS 36 OUNCE CRUNCHY PEANUT BUTTER,The J.M. Smucker Company,Nuts/Seeds - Prepared/Processed,US,051500710302,00051500710302,0,32,594,FOOD_SERVICE|GROCERY,2026-06-25,2026-05-18,,UNKNOWN,https://fdc.nal.usda.gov/fdc-app.html#/food-details/2770291/nutrients
USDA-FDC-2770292,ADAMS 26 OUNCE CRUNCHY PEANUT BUTTER,The J.M. Smucker Company,Nuts/Seeds - Prepared/Processed,US,051500710203,00051500710203,0,32,594,FOOD_SERVICE|GROCERY,2026-06-25,2026-05-18,,UNKNOWN,https://fdc.nal.usda.gov/fdc-app.html#/food-details/2770292/nutrients
USDA-FDC-2770293,ADAMS 16 OUNCE CRUNCHY PEANUT BUTTER,The J.M. Smucker Company,Nuts/Seeds - Prepared/Processed,US,051500710166,00051500710166,0,32,594,FOOD_SERVICE|GROCERY,2026-06-25,2026-05-18,,UNKNOWN,https://fdc.nal.usda.gov/fdc-app.html#/food-details/2770293/nutrients
USDA-FDC-2770296,ADAMS 36 OUNCE CREAMY NATURAL PEANUT BUTTER,The J.M. Smucker Company,Nuts/Seeds - Prepared/Processed,US,051500700303,00051500700303,0,32,594,FOOD_SERVICE|GROCERY,2026-06-25,2026-05-18,,UNKNOWN,https://fdc.nal.usda.gov/fdc-app.html#/food-details/2770296/nutrients
USDA-FDC-2770297,ADAMS 26 OUNCE CREAMY PEANUT BUTTER,The J.M. Smucker Company,Nuts/Seeds - Prepared/Processed,US,051500700204,00051500700204,0,32,594,FOOD_SERVICE|GROCERY,2026-06-25,2026-05-18,,UNKNOWN,https://fdc.nal.usda.gov/fdc-app.html#/food-details/2770297/nutrients
USDA-FDC-2770298,ADAMS 16 OUNCE CREAMY NATURAL PEANUT BUTTER,The J.M. Smucker Company,Nuts/Seeds - Prepared/Processed,US,051500700167,00051500700167,0,32,594,FOOD_SERVICE|GROCERY,2026-06-25,2026-05-18,,UNKNOWN,https://fdc.nal.usda.gov/fdc-app.html#/food-details/2770298/nutrients
USDA-FDC-2770299,Jif 13.5 Ounce Squeeze Peanut Butter Chocolate Each,The J.M. Smucker Company,Nuts/Seeds - Prepared/Processed,US,051500669419,00051500669419,0,35,571,GROCERY,2026-06-25,2025-11-07,,UNKNOWN,https://fdc.nal.usda.gov/fdc-app.html#/food-details/2770299/nutrients
USDA-FDC-2770300,Santa Cruz Organic 16 Ounce Organic No Stir Dark Creamy Peanut Butter Responsibly Sourced Palm Oil Each,The J.M. Smucker Company,Nuts/Seeds - Prepared/Processed,US,051500668733,00051500668733,0,32,594,GROCERY,2026-06-25,2026-01-22,,UNKNOWN,https://fdc.nal.usda.gov/fdc-app.html#/food-details/2770300/nutrients
USDA-FDC-2770301,Jif To Go 1.1 Ounce Natural Peanut Butter Each,The J.M. Smucker Company,Nuts/Seeds - Prepared/Processed,US,051500666494,00051500666494,0,31.2000007629,577,GROCERY,2026-06-25,2026-05-18,,UNKNOWN,https://fdc.nal.usda.gov/fdc-app.html#/food-details/2770301/nutrients
USDA-FDC-2770303,JIF 27.3 OUNCE SIMPLY JIF CREAMY PEANUT BUTTER,The J.M. Smucker Company,Nuts/Seeds - Prepared/Processed,US,051500725207,00051500725207,0,33,606,FOOD_SERVICE|GROCERY,2026-06-25,2026-05-18,,UNKNOWN,https://fdc.nal.usda.gov/fdc-app.html#/food-details/2770303/nutrients
USDA-FDC-2770304,Jif 29.5 Ounce Chocolate Peanut Butter Each,The J.M. Smucker Company,Nuts/Seeds - Prepared/Processed,US,051500442005,00051500442005,0,35,571,GROCERY,2026-06-25,2026-01-08,,UNKNOWN,https://fdc.nal.usda.gov/fdc-app.html#/food-details/2770304/nutrients
USDA-FDC-2770305,Smucker's 30 Ounce Grape Jelly Each,The J.M. Smucker Company,Sweet Spreads,US,051500416402,00051500416402,0,20,250,FOOD_SERVICE|GROCERY,2026-06-25,2026-05-01,,UNKNOWN,https://fdc.nal.usda.gov/fdc-app.html#/food-details/2770305/nutrients
USDA-FDC-2770306,SIMPLY JIF 15.5 OUNCE CREAMY PEANUT BUTTER,The J.M. Smucker Company,Nuts/Seeds - Prepared/Processed,US,051500255278,00051500255278,0,33,606,FOOD_SERVICE|GROCERY,2026-06-25,2026-05-18,,UNKNOWN,https://fdc.nal.usda.gov/fdc-app.html#/food-details/2770306/nutrients
USDA-FDC-2770307,JIF 40 OUNCE NATURAL CREAMY PEANUT BUTTER,The J.M. Smucker Company,Nuts/Seeds - Prepared/Processed,US,051500255247,00051500255247,0,33,576,GROCERY,2026-06-25,2025-01-17,,UNKNOWN,https://fdc.nal.usda.gov/fdc-app.html#/food-details/2770307/nutrients
USDA-FDC-2770308,JIF 16 OZ REDUCED FAT CREAMY PEANUT BUTTER Each,The J.M. Smucker Company,Nuts/Seeds - Prepared/Processed,US,051500255186,00051500255186,0,36,528,FOOD_SERVICE|GROCERY,2026-06-25,2026-05-28,,UNKNOWN,https://fdc.nal.usda.gov/fdc-app.html#/food-details/2770308/nutrients
USDA-FDC-2770309,JIF 16 OUNCE CREAMY PEANUT BUTTER Each,The J.M. Smucker Company,Nuts/Seeds - Prepared/Processed,US,051500255162,00051500255162,0,33,576,FOOD_SERVICE|GROCERY,2026-06-25,2026-05-28,,UNKNOWN,https://fdc.nal.usda.gov/fdc-app.html#/food-details/2770309/nutrients
USDA-FDC-2770310,JIF 40 OUNCE REDUCED FAT CREAMY PEANUT BUTTER Each,The J.M. Smucker Company,Nuts/Seeds - Prepared/Processed,US,051500254998,00051500254998,0,36,528,FOOD_SERVICE|GROCERY,2026-06-25,2026-05-18,,UNKNOWN,https://fdc.nal.usda.gov/fdc-app.html#/food-details/2770310/nutrients
USDA-FDC-2770311,JIF 80 OUNCE CRUNCHY PEANUT BUTTER TWIN PACK,The J.M. Smucker Company,Nuts/Seeds - Prepared/Processed,US,051500247761,00051500247761,0,33,576,FOOD_SERVICE|GROCERY,2026-06-25,2026-05-18,,UNKNOWN,https://fdc.nal.usda.gov/fdc-app.html#/food-details/2770311/nutrients
USDA-FDC-2770312,JIF 16 OUNCE CRUNCHY PEANUT BUTTER Each,The J.M. Smucker Company,Nuts/Seeds - Prepared/Processed,US,051500255377,00051500255377,0,33,576,FOOD_SERVICE|GROCERY,2026-06-25,2026-05-28,,UNKNOWN,https://fdc.nal.usda.gov/fdc-app.html#/food-details/2770312/nutrients
USDA-FDC-2770313,JIF 80 OUNCE CREAMY PEANUT BUTTER TWIN PACK 2 Pack,The J.M. Smucker Company,Nuts/Seeds - Prepared/Processed,US,051500247693,00051500247693,0,33,576,FOOD_SERVICE|GROCERY,2026-06-25,2026-05-26,,UNKNOWN,https://fdc.nal.usda.gov/fdc-app.html#/food-details/2770313/nutrients
USDA-FDC-2770314,JIF 96 OUNCE CREAMY PEANUT BUTTER TWIN PACK 2 Pack,The J.M. Smucker Company,Nuts/Seeds - Prepared/Processed,US,051500247051,00051500247051,0,33,576,GROCERY,2026-06-25,2026-05-26,,UNKNOWN,https://fdc.nal.usda.gov/fdc-app.html#/food-details/2770314/nutrients
USDA-FDC-2770315,JIF 15 OUNCE CHOCOLATE PEANUT BUTTER 12 COUNT Each,The J.M. Smucker Company,Nuts/Seeds - Prepared/Processed,US,051500246689,00051500246689,0,35,571,FOOD_SERVICE|GROCERY,2026-06-25,2026-05-28,,UNKNOWN,https://fdc.nal.usda.gov/fdc-app.html#/food-details/2770315/nutrients
USDA-FDC-2770316,JIF NATURAL SQUEEZE 13 OUNCE 4 COUNT CASE,The J.M. Smucker Company,Nuts/Seeds - Prepared/Processed,US,051500245736,00051500245736,0,33,576,GROCERY,2026-06-25,2025-01-17,,UNKNOWN,https://fdc.nal.usda.gov/fdc-app.html#/food-details/2770316/nutrients
USDA-FDC-2770317,JIF 13 OUNCE NATURAL SQUEEZE POUCH Each,The J.M. Smucker Company,Nuts/Seeds - Prepared/Processed,US,051500245729,00051500245729,0,33,576,FOOD_SERVICE|GROCERY,2026-06-25,2026-05-28,,UNKNOWN,https://fdc.nal.usda.gov/fdc-app.html#/food-details/2770317/nutrients
USDA-FDC-2770318,Smucker's 26 Ounce Creamy Organic Peanut Butter,The J.M. Smucker Company,Nuts/Seeds - Prepared/Processed,US,051500245552,00051500245552,0,32,562,GROCERY,2026-06-25,2026-04-02,,UNKNOWN,https://fdc.nal.usda.gov/fdc-app.html#/food-details/2770318/nutrients
USDA-FDC-2770319,JIF 40 OUNCE CREAMY PROMOTIONAL JAR,The J.M. Smucker Company,Nuts/Seeds - Prepared/Processed,US,051500245514,00051500245514,0,33,576,GROCERY,2026-06-25,2025-01-17,,UNKNOWN,https://fdc.nal.usda.gov/fdc-app.html#/food-details/2770319/nutrients
USDA-FDC-2770320,JIF 96 OUNCE CRUNCHY PEANUT BUTTER TWIN PACK 2 Pack,The J.M. Smucker Company,Nuts/Seeds - Prepared/Processed,US,051500247068,00051500247068,0,33,576,GROCERY,2026-06-25,2026-05-26,,UNKNOWN,https://fdc.nal.usda.gov/fdc-app.html#/food-details/2770320/nutrients
USDA-FDC-2770321,JIF 80 OUNCE NATURAL CREAMY PEANUT BUTTER TWIN PACK,The J.M. Smucker Company,Nuts/Seeds - Prepared/Processed,US,051500255421,00051500255421,0,33,576,GROCERY,2026-06-25,2025-01-17,,UNKNOWN,https://fdc.nal.usda.gov/fdc-app.html#/food-details/2770321/nutrients
USDA-FDC-2770322,JIF 16 OUNCE NATURAL CREAMY PEANUT BUTTER Each,The J.M. Smucker Company,Nuts/Seeds - Prepared/Processed,US,051500255650,00051500255650,0,33,576,FOOD_SERVICE|GROCERY,2026-06-25,2026-05-28,,UNKNOWN,https://fdc.nal.usda.gov/fdc-app.html#/food-details/2770322/nutrients
USDA-FDC-2770323,JIF 16 OUNCE NATURAL CRUNCHY PEANUT BUTTER Each,The J.M. Smucker Company,Nuts/Seeds - Prepared/Processed,US,051500255742,00051500255742,0,33,576,FOOD_SERVICE|GROCERY,2026-06-25,2026-05-18,,UNKNOWN,https://fdc.nal.usda.gov/fdc-app.html#/food-details/2770323/nutrients
USDA-FDC-2770325,Jif 46.5 Ounce No Added Sugar Peanut Butter Each,The J.M. Smucker Company,Nuts/Seeds - Prepared/Processed,US,051500414187,00051500414187,0,33,606,GROCERY,2026-06-25,2025-08-13,,UNKNOWN,https://fdc.nal.usda.gov/fdc-app.html#/food-details/2770325/nutrients
USDA-FDC-2770326,Smucker 30 Ounce Goober Grape Each,The J.M. Smucker Company,Nuts/Seeds - Prepared/Processed,US,051500391303,00051500391303,0,56,393,GROCERY,2026-06-25,2026-01-22,,UNKNOWN,https://fdc.nal.usda.gov/fdc-app.html#/food-details/2770326/nutrients
USDA-FDC-2770327,Jif Simply 15 Ounce Sweetened Creamy Peanut Butter Each,The J.M. Smucker Company,Nuts/Seeds - Prepared/Processed,US,051500375587,00051500375587,0,33,576,GROCERY,2026-06-25,2026-05-07,,UNKNOWN,https://fdc.nal.usda.gov/fdc-app.html#/food-details/2770327/nutrients
USDA-FDC-2770328,Jif 1.1 Ounce Chocolate Peanut Butter To Go 8 Pack,The J.M. Smucker Company,Nuts/Seeds - Prepared/Processed,US,051500356142,00051500356142,0,31.2000007629,577,FOOD_SERVICE|GROCERY,2026-06-25,2026-05-18,,UNKNOWN,https://fdc.nal.usda.gov/fdc-app.html#/food-details/2770328/nutrients
USDA-FDC-2770330,Jif 15 Ounce Dark Roast Creamy Peanut Butter Each,The J.M. Smucker Company,Nuts/Seeds - Prepared/Processed,US,051500319505,00051500319505,0,33,576,GROCERY,2026-06-25,2026-01-08,,UNKNOWN,https://fdc.nal.usda.gov/fdc-app.html#/food-details/2770330/nutrients
USDA-FDC-2770332,Jif Simply 27.3 Ounce Unsweetened Creamy Peanut Butter Each,The J.M. Smucker Company,Nuts/Seeds - Prepared/Processed,US,051500290798,00051500290798,0,33,606,GROCERY,2026-06-25,2026-05-04,,UNKNOWN,https://fdc.nal.usda.gov/fdc-app.html#/food-details/2770332/nutrients
USDA-FDC-2770333,CROSSE & BLACKWELL 12 OUNCE RED CURRANT JELLY,The J.M. Smucker Company,Sweet Spreads,US,051500286043,00051500286043,0,20,250,FOOD_SERVICE|GROCERY,2026-06-25,2025-07-02,,UNKNOWN,https://fdc.nal.usda.gov/fdc-app.html#/food-details/2770333/nutrients
USDA-FDC-2770334,CROSSE & BLACKWELL 12 OUNCE MINT APPLE JELLY,The J.M. Smucker Company,Sweet Spreads,US,051500286029,00051500286029,0,20,250,FOOD_SERVICE|GROCERY,2026-06-25,2025-07-02,,UNKNOWN,https://fdc.nal.usda.gov/fdc-app.html#/food-details/2770334/nutrients
USDA-FDC-2770335,CROSSE & BLACKWELL 12 OUNCE ORANGE MARMALADE,The J.M. Smucker Company,Sweet Spreads,US,051500286012,00051500286012,0,20,250,FOOD_SERVICE|GROCERY,2026-06-25,2025-07-02,,UNKNOWN,https://fdc.nal.usda.gov/fdc-app.html#/food-details/2770335/nutrients
USDA-FDC-2770336,Dickinson's .5 Ounce Grape Jam Portion Control 200 Count Case,The J.M. Smucker Company,Sweet Spreads,US,051500277485,00051500277485,0,14,250,FOOD_SERVICE|GROCERY,2026-06-25,2026-05-22,,UNKNOWN,https://fdc.nal.usda.gov/fdc-app.html#/food-details/2770336/nutrients
USDA-FDC-2770337,Dickinson's .5 Ounce Orange Marmalade Portion Control 200 Count Case,The J.M. Smucker Company,Sweet Spreads,US,051500273296,00051500273296,0,14,250,FOOD_SERVICE|GROCERY,2026-06-25,2026-05-22,,UNKNOWN,https://fdc.nal.usda.gov/fdc-app.html#/food-details/2770337/nutrients
USDA-FDC-2770340,Smucker's 25 Ounce Grape Natural Spread,The J.M. Smucker Company,Sweet Spreads,US,051500245491,00051500245491,0,19,211,GROCERY,2026-06-25,2026-01-29,,UNKNOWN,https://fdc.nal.usda.gov/fdc-app.html#/food-details/2770340/nutrients
USDA-FDC-2770342,ADAMS 16 OUNCE CREAMY UNSALTED PEANUT BUTTER,The J.M. Smucker Company,Nuts/Seeds - Prepared/Processed,US,051500740163,00051500740163,0,32,594,GROCERY,2026-06-25,2026-01-22,,UNKNOWN,https://fdc.nal.usda.gov/fdc-app.html#/food-details/2770342/nutrients
USDA-FDC-2770356,Jif To Go 1.1 Ounce Natural Peanut Butter 8 Pack,The J.M. Smucker Company,Nuts/Seeds - Prepared/Processed,US,051500992661,00051500992661,0,31.2000007629,577,FOOD_SERVICE|GROCERY,2026-06-25,2026-05-18,,UNKNOWN,https://fdc.nal.usda.gov/fdc-app.html#/food-details/2770356/nutrients
USDA-FDC-2770376,Jif Simply 15 Ounce Unsweetened Creamy Peanut Butter Each,The J.M. Smucker Company,Nuts/Seeds - Prepared/Processed,US,051500937976,00051500937976,0,33,606,GROCERY,2026-06-25,2026-05-21,,UNKNOWN,https://fdc.nal.usda.gov/fdc-app.html#/food-details/2770376/nutrients
USDA-FDC-2770377,Smucker's Squeeze 40 Ounce Strawberry Fruit Spread Twin Pack,The J.M. Smucker Company,Sweet Spreads,US,051500738238,00051500738238,0,20,250,GROCERY,2026-06-25,2025-01-17,,UNKNOWN,https://fdc.nal.usda.gov/fdc-app.html#/food-details/2770377/nutrients
USDA-FDC-2770378,Jif Simply 15 Ounce Unsweetened Crunchy Peanut Butter Each,The J.M. Smucker Company,Nuts/Seeds - Prepared/Processed,US,051500935392,00051500935392,0,33,606,GROCERY,2026-06-25,2026-05-21,,UNKNOWN,https://fdc.nal.usda.gov/fdc-app.html#/food-details/2770378/nutrients
USDA-FDC-2770379,Santa Cruz Organic 16 Ounce Organic Dark Roasted Creamy Peanut Butter Each,The J.M. Smucker Company,Nuts/Seeds - Prepared/Processed,US,051500902882,00051500902882,0,32,562,GROCERY,2026-06-25,2026-01-22,,UNKNOWN,https://fdc.nal.usda.gov/fdc-app.html#/food-details/2770379/nutrients
USDA-FDC-2770380,Jif 41.5 Ounce Chocolate Peanut Butter Each,The J.M. Smucker Company,Nuts/Seeds - Prepared/Processed,US,051500784556,00051500784556,0,35,571,GROCERY,2026-06-25,2025-06-25,,UNKNOWN,https://fdc.nal.usda.gov/fdc-app.html#/food-details/2770380/nutrients
USDA-FDC-2770381,Smucker's 26 Ounce Creamy Organic Peanut Butter Twin Pack,The J.M. Smucker Company,Nuts/Seeds - Prepared/Processed,US,051500783061,00051500783061,0,32,562,GROCERY,2026-06-25,2026-04-02,,UNKNOWN,https://fdc.nal.usda.gov/fdc-app.html#/food-details/2770381/nutrients
USDA-FDC-2770384,Smucker's 61.5 Ounce Red Raspberry Twinpack,The J.M. Smucker Company,Sweet Spreads,US,051500782309,00051500782309,0,19,211,GROCERY,2026-06-25,2025-03-24,,UNKNOWN,https://fdc.nal.usda.gov/fdc-app.html#/food-details/2770384/nutrients
USDA-FDC-2770385,Smucker's 17.25 Ounce Triple Berry Natural Spread,The J.M. Smucker Company,Sweet Spreads,US,051500782286,00051500782286,0,19,237,GROCERY,2026-06-25,2026-01-28,,UNKNOWN,https://fdc.nal.usda.gov/fdc-app.html#/food-details/2770385/nutrients
USDA-FDC-2770387,Smucker's 17.25 Ounce Blueberry Natural Spread,The J.M. Smucker Company,Sweet Spreads,US,051500782279,00051500782279,0,19,237,GROCERY,2026-06-25,2026-01-28,,UNKNOWN,https://fdc.nal.usda.gov/fdc-app.html#/food-details/2770387/nutrients
USDA-FDC-2770388,Smucker's 30.75 Ounce Natural Red Raspberry,The J.M. Smucker Company,Sweet Spreads,US,051500782224,00051500782224,0,19,211,GROCERY,2026-06-25,2025-03-24,,UNKNOWN,https://fdc.nal.usda.gov/fdc-app.html#/food-details/2770388/nutrients
USDA-FDC-2770390,ADAMS 80 OUNCE CRUNCHY PEANUT BUTTER,The J.M. Smucker Company,Nuts/Seeds - Prepared/Processed,US,051500755808,00051500755808,0,32,594,FOOD_SERVICE|GROCERY,2026-06-25,2025-07-02,,UNKNOWN,https://fdc.nal.usda.gov/fdc-app.html#/food-details/2770390/nutrients
USDA-FDC-2770391,ADAMS 16 OUNCE NO STIR CREAMY PEANUT BUTTER,The J.M. Smucker Company,Nuts/Seeds - Prepared/Processed,US,051500750353,00051500750353,0,32,594,FOOD_SERVICE|GROCERY,2026-06-25,2026-05-18,,UNKNOWN,https://fdc.nal.usda.gov/fdc-app.html#/food-details/2770391/nutrients
USDA-FDC-2770392,ADAMS 16 OUNCE CRUNCHY UNSALTED PEANUT BUTTER 12 COUNT,The J.M. Smucker Company,Nuts/Seeds - Prepared/Processed,US,051500750162,00051500750162,0,32,594,GROCERY,2026-06-25,2026-04-20,,UNKNOWN,https://fdc.nal.usda.gov/fdc-app.html#/food-details/2770392/nutrients
USDA-FDC-2770393,Smucker's Squeeze 20 Ounce Seedless Raspberry Jam Each,The J.M. Smucker Company,Sweet Spreads,US,051500747520,00051500747520,0,20,250,FOOD_SERVICE|GROCERY,2026-06-25,2026-02-16,,UNKNOWN,https://fdc.nal.usda.gov/fdc-app.html#/food-details/2770393/nutrients
USDA-FDC-2770394,Smucker's 7.25 Ounce Magic Shell Unicorn Each,The J.M. Smucker Company,Desserts/Dessert Sauces/Toppings,US,051500782255,00051500782255,0,34,647,FOOD_SERVICE|GROCERY,2026-06-25,2026-05-18,,UNKNOWN,https://fdc.nal.usda.gov/fdc-app.html#/food-details/2770394/nutrients
USDA-FDC-2770395,Smucker's 12 Ounce Peanut Butter Sauce Each,The J.M. Smucker Company,Desserts/Dessert Sauces/Toppings,US,051500801895,00051500801895,0,33,576,GROCERY,2026-06-25,2026-05-18,,UNKNOWN,https://fdc.nal.usda.gov/fdc-app.html#/food-details/2770395/nutrients
USDA-FDC-2770396,Smucker's 32 Ounce Special Recipe Strawberry Preserves Glass Twin Pack,The J.M. Smucker Company,Sweet Spreads,US,051500820261,00051500820261,0,20,250,GROCERY,2026-06-25,2025-01-17,,UNKNOWN,https://fdc.nal.usda.gov/fdc-app.html#/food-details/2770396/nutrients
USDA-FDC-2770397,Smucker's 32 Ounce Special Recipe Strawberry Preserves Glass,The J.M. Smucker Company,Sweet Spreads,US,051500820292,00051500820292,0,20,250,GROCERY,2026-06-25,2025-08-18,,UNKNOWN,https://fdc.nal.usda.gov/fdc-app.html#/food-details/2770397/nutrients
USDA-FDC-2770398,Jif 27 Ounce Chocolate Peanut Butter Squeeze Twinpack 2 Pack,The J.M. Smucker Company,Nuts/Seeds - Prepared/Processed,US,051500893487,00051500893487,0,35,571,GROCERY,2026-06-25,2025-11-07,,UNKNOWN,https://fdc.nal.usda.gov/fdc-app.html#/food-details/2770398/nutrients
USDA-FDC-2770399,Smucker's Red Raspberry Preserves 36 Ounce Twin Pack,The J.M. Smucker Company,Sweet Spreads,US,051500883013,00051500883013,0,20,250,GROCERY,2026-06-25,2025-01-10,,UNKNOWN,https://fdc.nal.usda.gov/fdc-app.html#/food-details/2770399/nutrients
USDA-FDC-2770400,Smucker's 16 Ounce No Salt Creamy Peanut Butter Each,The J.M. Smucker Company,Nuts/Seeds - Prepared/Processed,US,051500867440,00051500867440,0,32,594,GROCERY,2026-06-25,2026-01-22,,UNKNOWN,https://fdc.nal.usda.gov/fdc-app.html#/food-details/2770400/nutrients
USDA-FDC-2770401,Smucker's Squeeze 20 Ounce Apple Cinnamon Jelly Each,The J.M. Smucker Company,Sweet Spreads,US,051500844793,00051500844793,0,20,250,GROCERY,2026-06-25,2026-02-19,,UNKNOWN,https://fdc.nal.usda.gov/fdc-app.html#/food-details/2770401/nutrients
USDA-FDC-2770402,Jif To Go 1.1 Ounce Creamy Peanut Butter Each,The J.M. Smucker Company,Nuts/Seeds - Prepared/Processed,US,051500838945,00051500838945,0,31.2000007629,577,GROCERY,2026-06-25,2026-05-22,,UNKNOWN,https://fdc.nal.usda.gov/fdc-app.html#/food-details/2770402/nutrients
USDA-FDC-2770403,Smucker's 26 Ounce Chunky Natural Peanut Butter Twin Pack,The J.M. Smucker Company,Nuts/Seeds - Prepared/Processed,US,051500825891,00051500825891,0,32,594,GROCERY,2026-06-25,2025-06-24,,UNKNOWN,https://fdc.nal.usda.gov/fdc-app.html#/food-details/2770403/nutrients
USDA-FDC-2770404,Smucker's 26 Ounce Creamy Natural Peanut Butter Twin Pack,The J.M. Smucker Company,Nuts/Seeds - Prepared/Processed,US,051500825877,00051500825877,0,32,594,GROCERY,2026-06-25,2025-06-24,,UNKNOWN,https://fdc.nal.usda.gov/fdc-app.html#/food-details/2770404/nutrients
USDA-FDC-2770405,Laura Scudder's 26 Ounce Smooth Peanut Butter Twin Pack,The J.M. Smucker Company,Nuts/Seeds - Prepared/Processed,US,051500825860,00051500825860,0,32,594,GROCERY,2026-06-25,2025-06-25,,UNKNOWN,https://fdc.nal.usda.gov/fdc-app.html#/food-details/2770405/nutrients
USDA-FDC-2770407,Smucker's 96 Ounce Grape Jelly Glass Twinpack,The J.M. Smucker Company,Sweet Spreads,US,051500820544,00051500820544,0,20,250,GROCERY,2026-06-25,2025-07-01,,UNKNOWN,https://fdc.nal.usda.gov/fdc-app.html#/food-details/2770407/nutrients
USDA-FDC-2770408,Smucker's 48 Ounce Grape Jelly Glass,The J.M. Smucker Company,Sweet Spreads,US,051500820537,00051500820537,0,20,250,GROCERY,2026-06-25,2025-07-01,,UNKNOWN,https://fdc.nal.usda.gov/fdc-app.html#/food-details/2770408/nutrients
USDA-FDC-2770409,Smucker's 32 Oz Strawberry Jam Glass Club Each,The J.M. Smucker Company,Sweet Spreads,US,051500820445,00051500820445,0,20,250,GROCERY,2026-06-25,2025-07-01,,UNKNOWN,https://fdc.nal.usda.gov/fdc-app.html#/food-details/2770409/nutrients
USDA-FDC-2770410,Smucker's 32 Ounce Strawberry Jam Glass Twin Pack,The J.M. Smucker Company,Sweet Spreads,US,051500820391,00051500820391,0,20,250,GROCERY,2026-06-25,2025-07-01,,UNKNOWN,https://fdc.nal.usda.gov/fdc-app.html#/food-details/2770410/nutrients
USDA-FDC-2770411,Smucker's 32 Ounce Strawberry Preserves,The J.M. Smucker Company,Sweet Spreads,US,051500820353,00051500820353,0,20,250,GROCERY,2026-06-25,2025-08-18,,UNKNOWN,https://fdc.nal.usda.gov/fdc-app.html#/food-details/2770411/nutrients
USDA-FDC-2770412,Smucker's 32 Ounce Strawberry Preserves Glass Twin Pack,The J.M. Smucker Company,Sweet Spreads,US,051500820346,00051500820346,0,20,250,GROCERY,2026-06-25,2025-06-24,,UNKNOWN,https://fdc.nal.usda.gov/fdc-app.html#/food-details/2770412/nutrients
USDA-FDC-2770413,JIF 1.1 OUNCE PORTION CONTROL PEANUT BUTTER 120 COUNT,The J.M. Smucker Company,Nuts/Seeds - Prepared/Processed,US,051500921005,00051500921005,0,31.2000007629,577,FOOD_SERVICE|GROCERY,2026-06-25,2026-05-18,,UNKNOWN,https://fdc.nal.usda.gov/fdc-app.html#/food-details/2770413/nutrients
USDA-FDC-2770414,JIF 33.5 OUNCE NO ADDED SUGAR PEANUT BUTTER Each,The J.M. Smucker Company,Nuts/Seeds - Prepared/Processed,US,051500245484,00051500245484,0,33,606,FOOD_SERVICE|GROCERY,2026-06-25,2026-05-18,,UNKNOWN,https://fdc.nal.usda.gov/fdc-app.html#/food-details/2770414/nutrients
USDA-FDC-2770415,JIF 13 OUNCE SQUEEZABLE POUCH Each,The J.M. Smucker Company,Nuts/Seeds - Prepared/Processed,US,051500245453,00051500245453,0,33,576,FOOD_SERVICE|GROCERY,2026-06-25,2026-05-28,,UNKNOWN,https://fdc.nal.usda.gov/fdc-app.html#/food-details/2770415/nutrients
USDA-FDC-2770416,JIF 15.5 OUNCE NO ADDED SUGAR PEANUT BUTTER Each,The J.M. Smucker Company,Nuts/Seeds - Prepared/Processed,US,051500245408,00051500245408,0,33,606,FOOD_SERVICE|GROCERY,2026-06-25,2026-05-18,,UNKNOWN,https://fdc.nal.usda.gov/fdc-app.html#/food-details/2770416/nutrients
USDA-FDC-2770417,Laura Scudder's 16 Ounce Nutty Peanut Butter,The J.M. Smucker Company,Nuts/Seeds - Prepared/Processed,US,051500050613,00051500050613,0,32,594,FOOD_SERVICE|GROCERY,2026-06-25,2026-05-18,,UNKNOWN,https://fdc.nal.usda.gov/fdc-app.html#/food-details/2770417/nutrients
USDA-FDC-2770418,Smucker's 19.25 Ounce Raspberry Platescapers,The J.M. Smucker Company,Desserts/Dessert Sauces/Toppings,US,051500050576,00051500050576,0,40,275,FOOD_SERVICE|GROCERY,2026-06-25,2026-05-18,,UNKNOWN,https://fdc.nal.usda.gov/fdc-app.html#/food-details/2770418/nutrients
USDA-FDC-2770419,Smucker's 19.5 Ounce Caramel Platescapers,The J.M. Smucker Company,Desserts/Dessert Sauces/Toppings,US,051500050552,00051500050552,0,40,275,FOOD_SERVICE|GROCERY,2026-06-25,2026-05-18,,UNKNOWN,https://fdc.nal.usda.gov/fdc-app.html#/food-details/2770419/nutrients
USDA-FDC-2770420,Smucker's 19.5 Ounce Chocolate Platescapers,The J.M. Smucker Company,Desserts/Dessert Sauces/Toppings,US,051500050545,00051500050545,0,40,275,FOOD_SERVICE|GROCERY,2026-06-25,2026-05-18,,UNKNOWN,https://fdc.nal.usda.gov/fdc-app.html#/food-details/2770420/nutrients
USDA-FDC-2770422,Laura Scudder's 16 Ounce Smooth Natural Peanut Butter,The J.M. Smucker Company,Nuts/Seeds - Prepared/Processed,US,051500050293,00051500050293,0,32,594,FOOD_SERVICE|GROCERY,2026-06-25,2026-05-18,,UNKNOWN,https://fdc.nal.usda.gov/fdc-app.html#/food-details/2770422/nutrients
USDA-FDC-2770423,Smucker's 19.5 Ounce Vanilla Platescapers,The J.M. Smucker Company,Desserts/Dessert Sauces/Toppings,US,051500050637,00051500050637,0,40,275,FOOD_SERVICE|GROCERY,2026-06-25,2026-05-18,,UNKNOWN,https://fdc.nal.usda.gov/fdc-app.html#/food-details/2770423/nutrients
USDA-FDC-2770425,Smucker's 11.75 Ounce Sugar Free Hot Fudge Topping,The J.M. Smucker Company,Desserts/Dessert Sauces/Toppings,US,051500044506,00051500044506,0,37,243,FOOD_SERVICE|GROCERY,2026-06-25,2026-05-18,,UNKNOWN,https://fdc.nal.usda.gov/fdc-app.html#/food-details/2770425/nutrients
USDA-FDC-2770426,Smucker's 14.5 Fluid Ounce Sugar Free Breakfast Syrup Each,The J.M. Smucker Company,Sugars/Sugar Substitute Products,US,051500042311,00051500042311,0,32,31,FOOD_SERVICE|GROCERY,2026-06-25,2026-05-28,,UNKNOWN,https://fdc.nal.usda.gov/fdc-app.html#/food-details/2770426/nutrients
USDA-FDC-2770432,Jif To Go 1.1 Ounce Crunchy Peanut Butter Each,The J.M. Smucker Company,Nuts/Seeds - Prepared/Processed,US,051500051917,00051500051917,0,31.2000007629,577,GROCERY,2026-06-25,2025-06-24,,UNKNOWN,https://fdc.nal.usda.gov/fdc-app.html#/food-details/2770432/nutrients
USDA-FDC-2770434,Smucker's 16 Ounce Creamy Organic Peanut Butter,The J.M. Smucker Company,Nuts/Seeds - Prepared/Processed,US,051500053300,00051500053300,0,32,562,FOOD_SERVICE|GROCERY,2026-06-25,2026-03-06,,UNKNOWN,https://fdc.nal.usda.gov/fdc-app.html#/food-details/2770434/nutrients
USDA-FDC-2770437,JIF 3/4 OUNCE PEANUT BUTTER PLASTIC 200 Count Case,The J.M. Smucker Company,Nuts/Seeds - Prepared/Processed,US,051500080511,00051500080511,0,21,571,FOOD_SERVICE|GROCERY|ONLINE,2026-06-25,2026-05-18,,UNKNOWN,https://fdc.nal.usda.gov/fdc-app.html#/food-details/2770437/nutrients
USDA-FDC-2770438,JIF 40 OUNCE NATURAL CRUNCHY PEANUT BUTTER Each,The J.M. Smucker Company,Nuts/Seeds - Prepared/Processed,US,051500075654,00051500075654,0,33,576,FOOD_SERVICE|GROCERY,2026-06-25,2026-05-18,,UNKNOWN,https://fdc.nal.usda.gov/fdc-app.html#/food-details/2770438/nutrients
USDA-FDC-2770440,Jif 5 Ounce Creamy Squeeze Peanut Butter 4 Pack,The J.M. Smucker Company,Nuts/Seeds - Prepared/Processed,US,051500072431,00051500072431,0,33,576,GROCERY,2026-06-25,2026-05-18,,UNKNOWN,https://fdc.nal.usda.gov/fdc-app.html#/food-details/2770440/nutrients
USDA-FDC-2770441,Laura Scudder's 26 Ounce Nutty Peanut Butter,The J.M. Smucker Company,Nuts/Seeds - Prepared/Processed,US,051500069394,00051500069394,0,32,594,FOOD_SERVICE|GROCERY,2026-06-25,2026-05-18,,UNKNOWN,https://fdc.nal.usda.gov/fdc-app.html#/food-details/2770441/nutrients
USDA-FDC-2770442,Smucker's 26 Ounce Creamy Natural Peanut Butter,The J.M. Smucker Company,Nuts/Seeds - Prepared/Processed,US,051500068243,00051500068243,0,32,594,FOOD_SERVICE|GROCERY,2026-06-25,2026-05-18,,UNKNOWN,https://fdc.nal.usda.gov/fdc-app.html#/food-details/2770442/nutrients
USDA-FDC-2770443,Laura Scudder's 26 Ounce Smooth Peanut Butter,The J.M. Smucker Company,Nuts/Seeds - Prepared/Processed,US,051500068236,00051500068236,0,32,594,FOOD_SERVICE|GROCERY,2026-06-25,2026-05-18,,UNKNOWN,https://fdc.nal.usda.gov/fdc-app.html#/food-details/2770443/nutrients
USDA-FDC-2770444,Smucker's 26 Ounce Chunky Natural Peanut Butter,The J.M. Smucker Company,Nuts/Seeds - Prepared/Processed,US,051500062005,00051500062005,0,32,594,FOOD_SERVICE|GROCERY,2026-06-25,2026-01-22,,UNKNOWN,https://fdc.nal.usda.gov/fdc-app.html#/food-details/2770444/nutrients
USDA-FDC-2770446,Smucker's 20 Ounce Squeeze Strawberry Each,The J.M. Smucker Company,Sweet Spreads,US,051500057223,00051500057223,0,20,250,FOOD_SERVICE|GROCERY,2026-06-25,2026-05-18,,UNKNOWN,https://fdc.nal.usda.gov/fdc-app.html#/food-details/2770446/nutrients
USDA-FDC-2770448,Smucker's 20 Ounce Squeeze Grape Jelly Each,The J.M. Smucker Company,Sweet Spreads,US,051500057117,00051500057117,0,20,250,FOOD_SERVICE|GROCERY,2026-06-25,2026-05-18,,UNKNOWN,https://fdc.nal.usda.gov/fdc-app.html#/food-details/2770448/nutrients
USDA-FDC-2770449,Smucker's 16 Ounce Chunky Organic Peanut Butter,The J.M. Smucker Company,Nuts/Seeds - Prepared/Processed,US,051500053317,00051500053317,0,32,562,FOOD_SERVICE|GROCERY,2026-06-25,2026-01-26,,UNKNOWN,https://fdc.nal.usda.gov/fdc-app.html#/food-details/2770449/nutrients
USDA-FDC-2770456,Smucker's 16.5 Ounce Triple Berry Fruit Spread,The J.M. Smucker Company,Sweet Spreads,US,051500029183,00051500029183,0,18,194,GROCERY,2026-06-25,2026-01-29,,UNKNOWN,https://fdc.nal.usda.gov/fdc-app.html#/food-details/2770456/nutrients
USDA-FDC-2770457,Smucker's 30.75 Ounce Natural Blackberry,The J.M. Smucker Company,Sweet Spreads,US,051500028360,00051500028360,0,19,211,GROCERY,2026-06-25,2023-10-11,,UNKNOWN,https://fdc.nal.usda.gov/fdc-app.html#/food-details/2770457/nutrients
USDA-FDC-2770461,SMUCKER .5 OUNCE CASH N CARRY ASSORTMENT 12 PORTION CONTROL 200 Count Case,The J.M. Smucker Company,Sweet Spreads,US,051500026496,00051500026496,0,14,250,FOOD_SERVICE|GROCERY,2026-06-25,2026-03-06,,UNKNOWN,https://fdc.nal.usda.gov/fdc-app.html#/food-details/2770461/nutrients
USDA-FDC-2770462,SMUCKER .5 OUNCE CASH N CARRY STRAWBERRY JAM PORTION CONTROL 200 Count Case,The J.M. Smucker Company,Sweet Spreads,US,051500026441,00051500026441,0,14,250,FOOD_SERVICE|GROCERY,2026-06-25,2026-03-06,,UNKNOWN,https://fdc.nal.usda.gov/fdc-app.html#/food-details/2770462/nutrients
USDA-FDC-2770463,SMUCKER .5 OUNCE CASH N CARRY ORANGE MARMALADE 200 Count Case,The J.M. Smucker Company,Sweet Spreads,US,051500026403,00051500026403,0,14,250,FOOD_SERVICE|GROCERY,2026-06-25,2026-03-06,,UNKNOWN,https://fdc.nal.usda.gov/fdc-app.html#/food-details/2770463/nutrients
USDA-FDC-2770466,JIF 16 OUNCE CRUNCHY PEANUT BUTTER INTERNET READY PACKAGING 3 COUNT,The J.M. Smucker Company,Nuts/Seeds - Prepared/Processed,US,051500026205,00051500026205,0,33,576,GROCERY,2026-06-25,2026-04-02,,UNKNOWN,https://fdc.nal.usda.gov/fdc-app.html#/food-details/2770466/nutrients
USDA-FDC-2770467,JIF 16 OUNCE CREAMY PEANUT BUTTER INTERNET READY PACKAGING 3 COUNT,The J.M. Smucker Company,Nuts/Seeds - Prepared/Processed,US,051500026199,00051500026199,0,33,576,GROCERY,2026-06-25,2026-05-28,,UNKNOWN,https://fdc.nal.usda.gov/fdc-app.html#/food-details/2770467/nutrients
USDA-FDC-2770469,Dickinson's 8 Ounce Splenda Strawberry Preserves,The J.M. Smucker Company,Sweet Spreads,US,051500030011,00051500030011,0,17,59,FOOD_SERVICE|GROCERY,2026-06-25,2023-11-02,,UNKNOWN,https://fdc.nal.usda.gov/fdc-app.html#/food-details/2770469/nutrients
USDA-FDC-2770470,Dickinson's 8 Ounce Splenda Seedless Blackberry Preserves,The J.M. Smucker Company,Sweet Spreads,US,051500030035,00051500030035,0,17,59,FOOD_SERVICE|GROCERY,2026-06-25,2023-11-02,,UNKNOWN,https://fdc.nal.usda.gov/fdc-app.html#/food-details/2770470/nutrients
USDA-FDC-2770473,Dickinson's 1 Ounce Seedless Blackberry Preserves Glass,The J.M. Smucker Company,Sweet Spreads,US,051500038925,00051500038925,0,28,286,FOOD_SERVICE|GROCERY,2026-06-25,2026-05-18,,UNKNOWN,https://fdc.nal.usda.gov/fdc-app.html#/food-details/2770473/nutrients
USDA-FDC-2770474,Dickinson's 1 Ounce Strawberry Preserves,The J.M. Smucker Company,Sweet Spreads,US,051500038895,00051500038895,0,28,286,FOOD_SERVICE|GROCERY,2026-06-25,2026-05-18,,UNKNOWN,https://fdc.nal.usda.gov/fdc-app.html#/food-details/2770474/nutrients
USDA-FDC-2770475,Dickinson's 1 Ounce Orange Marmalade,The J.M. Smucker Company,Sweet Spreads,US,051500038888,00051500038888,0,28,286,FOOD_SERVICE|GROCERY,2026-06-25,2026-05-18,,UNKNOWN,https://fdc.nal.usda.gov/fdc-app.html#/food-details/2770475/nutrients
USDA-FDC-2770476,Dickinson's 1 Ounce Red Raspberry Preserves,The J.M. Smucker Company,Sweet Spreads,US,051500038871,00051500038871,0,28,250,FOOD_SERVICE|GROCERY,2026-06-25,2026-05-18,,UNKNOWN,https://fdc.nal.usda.gov/fdc-app.html#/food-details/2770476/nutrients
USDA-FDC-2770477,Dickinson's 1 Ounce Grape Jam,The J.M. Smucker Company,Sweet Spreads,US,051500038833,00051500038833,0,28,286,FOOD_SERVICE|GROCERY,2026-06-25,2026-05-18,,UNKNOWN,https://fdc.nal.usda.gov/fdc-app.html#/food-details/2770477/nutrients
USDA-FDC-2770480,Dickinson's 10 Tin Red Raspberry Preserves,The J.M. Smucker Company,Sweet Spreads,US,051500035030,00051500035030,0,20,250,FOOD_SERVICE|GROCERY,2026-06-25,2023-03-13,,UNKNOWN,https://fdc.nal.usda.gov/fdc-app.html#/food-details/2770480/nutrients
USDA-FDC-2770485,Dickinson's 9.5 Ounce Purely Fruit Orange Marmalade Spread,The J.M. Smucker Company,Sweet Spreads,US,051500030721,00051500030721,0,19,237,GROCERY,2026-06-25,2025-07-02,,UNKNOWN,https://fdc.nal.usda.gov/fdc-app.html#/food-details/2770485/nutrients
USDA-FDC-2770491,JIF 12OZ CREAMY PBTR TO GO,The J.M. Smucker Company,Nuts/Seeds - Prepared/Processed,US,051500241363,00051500241363,0,43,581,FOOD_SERVICE|GROCERY,2026-06-25,2026-05-18,,UNKNOWN,https://fdc.nal.usda.gov/fdc-app.html#/food-details/2770491/nutrients
USDA-FDC-2770493,JIF 36 COUNT CREAMY JIF PEANUT TO GO,The J.M. Smucker Company,Nuts/Seeds - Prepared/Processed,US,051500241141,00051500241141,0,43,581,FOOD_SERVICE|GROCERY,2026-06-25,2026-05-18,,UNKNOWN,https://fdc.nal.usda.gov/fdc-app.html#/food-details/2770493/nutrients
USDA-FDC-2770495,SMUCKER 1/2 OUNCE CASH N CARRY CLUB ASSORTMENT #21,The J.M. Smucker Company,Sweet Spreads,US,051500241097,00051500241097,0,14,250,FOOD_SERVICE|GROCERY,2026-06-25,2026-04-20,,UNKNOWN,https://fdc.nal.usda.gov/fdc-app.html#/food-details/2770495/nutrients
USDA-FDC-2770496,JIF 48 OUNCE CRUNCHY PEANUT BUTTER TWIN JAR EACH Each,The J.M. Smucker Company,Nuts/Seeds - Prepared/Processed,US,051500240953,00051500240953,0,33,576,GROCERY,2026-06-25,2026-05-26,,UNKNOWN,https://fdc.nal.usda.gov/fdc-app.html#/food-details/2770496/nutrients
USDA-FDC-2770497,JIF 4.5 OUNCE CREAMY PEANUT BUTTER TO GO,The J.M. Smucker Company,Nuts/Seeds - Prepared/Processed,US,051500241370,00051500241370,0,43,581,FOOD_SERVICE|GROCERY,2026-06-25,2026-03-13,,UNKNOWN,https://fdc.nal.usda.gov/fdc-app.html#/food-details/2770497/nutrients
USDA-FDC-2770498,JIF 48 OUNCE CREAMY PEANUT BUTTER TWIN JAR EACH Each,The J.M. Smucker Company,Nuts/Seeds - Prepared/Processed,US,051500240946,00051500240946,0,33,576,GROCERY,2026-06-25,2026-05-26,,UNKNOWN,https://fdc.nal.usda.gov/fdc-app.html#/food-details/2770498/nutrients
USDA-FDC-2770499,JIF 40 OUNCE CREAMY PEANUT BUTTER TWIN JAR - EACH Each,The J.M. Smucker Company,Nuts/Seeds - Prepared/Processed,US,051500240908,00051500240908,0,33,576,GROCERY,2026-06-25,2026-05-26,,UNKNOWN,https://fdc.nal.usda.gov/fdc-app.html#/food-details/2770499/nutrients
USDA-FDC-2770505,JIF 40 OUNCE CRUNCHY PEANUT BUTTER TWIN JAR - EACH,The J.M. Smucker Company,Nuts/Seeds - Prepared/Processed,US,051500240915,00051500240915,0,33,576,GROCERY,2026-06-25,2026-05-18,,UNKNOWN,https://fdc.nal.usda.gov/fdc-app.html#/food-details/2770505/nutrients
USDA-FDC-2770506,JIF BULK CREAMY PEANUT BUTTER TO GO - EACH,The J.M. Smucker Company,Nuts/Seeds - Prepared/Processed,US,051500241417,00051500241417,0,43,581,GROCERY,2026-06-25,2026-05-18,,UNKNOWN,https://fdc.nal.usda.gov/fdc-app.html#/food-details/2770506/nutrients
USDA-FDC-2770508,JIF 28 OUNCE CRUNCHY PEANUT BUTTER Each,The J.M. Smucker Company,Nuts/Seeds - Prepared/Processed,US,051500241639,00051500241639,0,33,576,FOOD_SERVICE|GROCERY,2026-06-25,2026-05-18,,UNKNOWN,https://fdc.nal.usda.gov/fdc-app.html#/food-details/2770508/nutrients
USDA-FDC-2770509,JIF 40 OUNCE CREAMY PEANT BUTTER INTERNET READY PACKAGING 4 COUNT WITH RECIPE CARD,The J.M. Smucker Company,Nuts/Seeds - Prepared/Processed,US,051500245392,00051500245392,0,33,576,GROCERY,2026-06-25,2026-04-02,,UNKNOWN,https://fdc.nal.usda.gov/fdc-app.html#/food-details/2770509/nutrients
USDA-FDC-2770510,JIF 40 OUNCE CREAMY PEANUT BUTTER INTERNET READY PACKAGING 4 COUNT,The J.M. Smucker Company,Nuts/Seeds - Prepared/Processed,US,051500245385,00051500245385,0,33,576,GROCERY,2026-06-25,2026-04-02,,UNKNOWN,https://fdc.nal.usda.gov/fdc-app.html#/food-details/2770510/nutrients
USDA-FDC-2770513,Jif 5 Ounce Creamy Squeeze Peanut Butter Each,The J.M. Smucker Company,Nuts/Seeds - Prepared/Processed,US,051500245231,00051500245231,0,33,576,FOOD_SERVICE|GROCERY,2026-06-25,2026-05-18,,UNKNOWN,https://fdc.nal.usda.gov/fdc-app.html#/food-details/2770513/nutrients
USDA-FDC-2770514,JIF 96 OUNCE NATURAL CREAMY TWINPACK,The J.M. Smucker Company,Nuts/Seeds - Prepared/Processed,US,051500244043,00051500244043,0,33,576,GROCERY,2026-06-25,2025-08-22,,UNKNOWN,https://fdc.nal.usda.gov/fdc-app.html#/food-details/2770514/nutrients
USDA-FDC-2770515,JIF 48 OUNCE NATURAL CREAMY PEANUT BUTTER TWIN JAR,The J.M. Smucker Company,Nuts/Seeds - Prepared/Processed,US,051500244029,00051500244029,0,33,576,GROCERY,2026-06-25,2026-04-20,,UNKNOWN,https://fdc.nal.usda.gov/fdc-app.html#/food-details/2770515/nutrients
USDA-FDC-2770516,JIF 4 POUND CAN CREAMY PEANUT BUTTER,The J.M. Smucker Company,Nuts/Seeds - Prepared/Processed,US,051500243312,00051500243312,0,33,576,FOOD_SERVICE|GROCERY,2026-06-25,2026-05-18,,UNKNOWN,https://fdc.nal.usda.gov/fdc-app.html#/food-details/2770516/nutrients
USDA-FDC-2770517,JIF 28 OUNCE NATURAL CREAMY PEANUT BUTTER Each,The J.M. Smucker Company,Nuts/Seeds - Prepared/Processed,US,051500243220,00051500243220,0,33,576,FOOD_SERVICE|GROCERY,2026-06-25,2026-05-18,,UNKNOWN,https://fdc.nal.usda.gov/fdc-app.html#/food-details/2770517/nutrients
USDA-FDC-2770518,JIF 40 OUNCE NATURAL CREAMY PEANUT BUTTER Each,The J.M. Smucker Company,Nuts/Seeds - Prepared/Processed,US,051500243213,00051500243213,0,33,576,FOOD_SERVICE|GROCERY,2026-06-25,2026-05-18,,UNKNOWN,https://fdc.nal.usda.gov/fdc-app.html#/food-details/2770518/nutrients
USDA-FDC-2770520,JIF 12 OUNCE CREAMY PEANUT BUTTER Each,The J.M. Smucker Company,Nuts/Seeds - Prepared/Processed,US,051500241912,00051500241912,0,33,576,FOOD_SERVICE|GROCERY,2026-06-25,2026-05-18,,UNKNOWN,https://fdc.nal.usda.gov/fdc-app.html#/food-details/2770520/nutrients
USDA-FDC-2770521,JIF 40 OUNCE NATURAL HONEY,The J.M. Smucker Company,Nuts/Seeds - Prepared/Processed,US,051500241820,00051500241820,0,34,559,GROCERY,2026-06-25,2025-01-17,,UNKNOWN,https://fdc.nal.usda.gov/fdc-app.html#/food-details/2770521/nutrients
USDA-FDC-2770522,Jif 28 Ounce Creamy Peanut Butter Each,The J.M. Smucker Company,Nuts/Seeds - Prepared/Processed,US,051500241776,00051500241776,0,33,576,FOOD_SERVICE|GROCERY,2026-06-25,2026-05-26,,UNKNOWN,https://fdc.nal.usda.gov/fdc-app.html#/food-details/2770522/nutrients
USDA-FDC-2770527,SMUCKER .5 OUNCE GRAPE JELLY PLASTIC 400 COUNT,The J.M. Smucker Company,Sweet Spreads,US,051500210499,00051500210499,0,14,250,FOOD_SERVICE|GROCERY,2026-06-25,2026-05-18,,UNKNOWN,https://fdc.nal.usda.gov/fdc-app.html#/food-details/2770527/nutrients
USDA-FDC-2770532,Smucker's 48Oz Strawberry Jam Glass,The J.M. Smucker Company,Sweet Spreads,US,051500102527,00051500102527,0,20,250,FOOD_SERVICE|GROCERY,2026-06-25,2025-03-28,,UNKNOWN,https://fdc.nal.usda.gov/fdc-app.html#/food-details/2770532/nutrients
USDA-FDC-2770533,Smucker's 48Oz Grape Jelly Glass,The J.M. Smucker Company,Sweet Spreads,US,051500102510,00051500102510,0,20,250,FOOD_SERVICE|GROCERY,2026-06-25,2025-01-10,,UNKNOWN,https://fdc.nal.usda.gov/fdc-app.html#/food-details/2770533/nutrients
USDA-FDC-2770534,Smucker's 18 Ounce Blueberry Preserves,The J.M. Smucker Company,Sweet Spreads,US,051500101285,00051500101285,0,20,250,FOOD_SERVICE|GROCERY,2026-06-25,2025-01-10,,UNKNOWN,https://fdc.nal.usda.gov/fdc-app.html#/food-details/2770534/nutrients
USDA-FDC-2770535,Dickinson's .5 Ounce Red Raspberry Preserves Portion Control 200 Count Case,The J.M. Smucker Company,Sweet Spreads,US,051500093122,00051500093122,0,14,250,FOOD_SERVICE|GROCERY,2026-06-25,2026-05-18,,UNKNOWN,https://fdc.nal.usda.gov/fdc-app.html#/food-details/2770535/nutrients
USDA-FDC-2770536,Dickinson's .5 Ounce Strawberry Preserves Portion Control 200 Count Case,The J.M. Smucker Company,Sweet Spreads,US,051500089705,00051500089705,0,14,250,FOOD_SERVICE|GROCERY,2026-06-25,2026-05-18,,UNKNOWN,https://fdc.nal.usda.gov/fdc-app.html#/food-details/2770536/nutrients
USDA-FDC-2770540,Smucker's 1/2 Ounce Natural Natural Orange Marmalade Jam,The J.M. Smucker Company,Sweet Spreads,US,051500082041,00051500082041,0,14,250,FOOD_SERVICE|GROCERY,2026-06-25,2026-05-18,,UNKNOWN,https://fdc.nal.usda.gov/fdc-app.html#/food-details/2770540/nutrients
USDA-FDC-2770541,Smucker's 1/2 Ounce Natural Concord Grape Jam,The J.M. Smucker Company,Sweet Spreads,US,051500082027,00051500082027,0,14,250,FOOD_SERVICE|GROCERY,2026-06-25,2026-05-18,,UNKNOWN,https://fdc.nal.usda.gov/fdc-app.html#/food-details/2770541/nutrients
USDA-FDC-2770542,Smucker's 1/2 Oz Nat Strawberry Jam,The J.M. Smucker Company,Sweet Spreads,US,051500082010,00051500082010,0,14,250,FOOD_SERVICE|GROCERY,2026-06-25,2026-05-18,,UNKNOWN,https://fdc.nal.usda.gov/fdc-app.html#/food-details/2770542/nutrients
USDA-FDC-2770544,Smucker's 10 Ounce Simply Fruit Seedless Red Raspberry - Each,The J.M. Smucker Company,Sweet Spreads,US,051500025703,00051500025703,0,19,211,FOOD_SERVICE|GROCERY,2026-06-25,2026-03-06,,UNKNOWN,https://fdc.nal.usda.gov/fdc-app.html#/food-details/2770544/nutrients
USDA-FDC-2770545,Smucker's 11.5 Ounce Salted Caramel Simple Delight,The J.M. Smucker Company,Desserts/Dessert Sauces/Toppings,US,051500108604,00051500108604,0,40,375,FOOD_SERVICE|GROCERY,2026-06-25,2026-05-18,,UNKNOWN,https://fdc.nal.usda.gov/fdc-app.html#/food-details/2770545/nutrients
USDA-FDC-2770547,Smucker's .5 Ounce Strawberry Jam Plastic 400 Count,The J.M. Smucker Company,Sweet Spreads,US,051500210482,00051500210482,0,14,250,FOOD_SERVICE|GROCERY,2026-06-25,2026-05-18,,UNKNOWN,https://fdc.nal.usda.gov/fdc-app.html#/food-details/2770547/nutrients
USDA-FDC-2770552,Smucker's 17.25 Ounce Natural Apricot Fruit Spread Each,The J.M. Smucker Company,Sweet Spreads,US,051500167380,00051500167380,0,19,211,GROCERY,2026-06-25,2026-01-28,,UNKNOWN,https://fdc.nal.usda.gov/fdc-app.html#/food-details/2770552/nutrients
USDA-FDC-2770553,Smucker's 19 Ounce Natural Red Raspberry Squeeze Each,The J.M. Smucker Company,Sweet Spreads,US,051500141755,00051500141755,0,19,211,FOOD_SERVICE|GROCERY,2026-06-25,2026-05-18,,UNKNOWN,https://fdc.nal.usda.gov/fdc-app.html#/food-details/2770553/nutrients
USDA-FDC-2770554,Smucker's 19 Ounce Natural Grape Squeeze Each,The J.M. Smucker Company,Sweet Spreads,US,051500141748,00051500141748,0,19,211,FOOD_SERVICE|GROCERY,2026-06-25,2026-05-18,,UNKNOWN,https://fdc.nal.usda.gov/fdc-app.html#/food-details/2770554/nutrients
USDA-FDC-2770555,Smucker's 19 Ounce Natural Strawberry Squeeze Spread Each,The J.M. Smucker Company,Sweet Spreads,US,051500141724,00051500141724,0,19,211,FOOD_SERVICE|GROCERY,2026-06-25,2026-05-18,,UNKNOWN,https://fdc.nal.usda.gov/fdc-app.html#/food-details/2770555/nutrients
USDA-FDC-2770556,Smucker's 17.25 Ounce Raspberry Natural Spread - Each,The J.M. Smucker Company,Sweet Spreads,US,051500141342,00051500141342,0,19,211,GROCERY,2026-06-25,2026-05-18,,UNKNOWN,https://fdc.nal.usda.gov/fdc-app.html#/food-details/2770556/nutrients
USDA-FDC-2770557,Smucker's 17.25 Ounce Orange Marmalade Natural Spread - Each,The J.M. Smucker Company,Sweet Spreads,US,051500141335,00051500141335,0,19,211,GROCERY,2026-06-25,2026-05-18,,UNKNOWN,https://fdc.nal.usda.gov/fdc-app.html#/food-details/2770557/nutrients
USDA-FDC-2770558,Smucker's 17.25 Ounce Strawberry Natural Spread Each,The J.M. Smucker Company,Sweet Spreads,US,051500141304,00051500141304,0,19,211,GROCERY,2026-06-25,2026-05-28,,UNKNOWN,https://fdc.nal.usda.gov/fdc-app.html#/food-details/2770558/nutrients
USDA-FDC-2770559,Smucker's 17.25 Ounce Blackberry Natural Spread Each,The J.M. Smucker Company,Sweet Spreads,US,051500141298,00051500141298,0,19,211,FOOD_SERVICE|GROCERY,2026-06-25,2026-05-18,,UNKNOWN,https://fdc.nal.usda.gov/fdc-app.html#/food-details/2770559/nutrients
USDA-FDC-2770560,Smucker's 17.25 Ounce Cherry Natural Spread Each,The J.M. Smucker Company,Sweet Spreads,US,051500141274,00051500141274,0,19,211,FOOD_SERVICE|GROCERY,2026-06-25,2026-05-18,,UNKNOWN,https://fdc.nal.usda.gov/fdc-app.html#/food-details/2770560/nutrients
USDA-FDC-2770561,Smucker's 17.25 Ounce Grape Natural Spread - Each,The J.M. Smucker Company,Sweet Spreads,US,051500141250,00051500141250,0,19,211,GROCERY,2026-06-25,2026-05-18,,UNKNOWN,https://fdc.nal.usda.gov/fdc-app.html#/food-details/2770561/nutrients
USDA-FDC-2770562,Smucker's 11.5 Ounce Hot Fudge Simple Delight,The J.M. Smucker Company,Desserts/Dessert Sauces/Toppings,US,051500108642,00051500108642,0,38,342,FOOD_SERVICE|GROCERY,2026-06-25,2026-05-18,,UNKNOWN,https://fdc.nal.usda.gov/fdc-app.html#/food-details/2770562/nutrients
USDA-FDC-2770563,Bush's Chickpeas 12-15.5 oz,Bush Brothers & Company,Vegetables - Prepared/Processed,US,10039400001178,10039400001178,0,130,92,CHILD_NUTRITION_FOOD_PROGRAMS|GROCERY,2026-06-25,2026-05-27,,UNKNOWN,https://fdc.nal.usda.gov/fdc-app.html#/food-details/2770563/nutrients
USDA-FDC-2770567,Kellogg's Cheez It Crackers White Cheddar 21oz,Kellogg Company US,Biscuits/Cookies,US,024100440870,00024100440870,0,30,500,FOOD_SERVICE|GROCERY|MILITARY|ONLINE,2026-06-25,2026-05-22,,UNKNOWN,https://fdc.nal.usda.gov/fdc-app.html#/food-details/2770567/nutrients
USDA-FDC-2770568,Kellogg's Cheez It Crackers Original 21oz,Kellogg Company US,Biscuits/Cookies,US,024100440702,00024100440702,0,30,500,FOOD_SERVICE|GROCERY|MILITARY|ONLINE,2026-06-25,2026-05-22,,UNKNOWN,https://fdc.nal.usda.gov/fdc-app.html#/food-details/2770568/nutrients
USDA-FDC-2770572,Kellogg's Cheez It Crackers Cheddar Jack 12.4oz,Kellogg Company US,Biscuits/Cookies,US,024100788873,00024100788873,0,30,500,CONVENIENCE|GROCERY|ONLINE,2026-06-25,2026-05-22,,UNKNOWN,https://fdc.nal.usda.gov/fdc-app.html#/food-details/2770572/nutrients
USDA-FDC-2770574,Kellogg's Cheez It Crackers Original 12oz,Kellogg Company US,Biscuits/Cookies,US,024100122332,00024100122332,0,42,500,CONVENIENCE|FOOD_SERVICE|GROCERY|ONLINE,2026-06-25,2026-05-22,,UNKNOWN,https://fdc.nal.usda.gov/fdc-app.html#/food-details/2770574/nutrients
USDA-FDC-2770575,Kellogg's Cheez It Crackers Extra Toasty 21oz,Kellogg Company US,Biscuits/Cookies,US,024100115099,00024100115099,0,30,500,GROCERY|MILITARY|ONLINE,2026-06-25,2026-05-22,,UNKNOWN,https://fdc.nal.usda.gov/fdc-app.html#/food-details/2770575/nutrients
USDA-FDC-2770576,Kellogg's Cheez It Crackers Double Cheese 1.5oz,Kellogg Company US,Biscuits/Cookies,US,024100114832,00024100114832,0,42,476,CONVENIENCE|DRUG|GROCERY|ONLINE|VENDING,2026-06-25,2026-05-22,,UNKNOWN,https://fdc.nal.usda.gov/fdc-app.html#/food-details/2770576/nutrients
USDA-FDC-2770577,Kellogg's Cheez It Crackers Double Cheese 9oz,Kellogg Company US,Biscuits/Cookies,US,024100114825,00024100114825,0,42,476,CONVENIENCE|DRUG|GROCERY|ONLINE|VENDING,2026-06-25,2026-05-12,,UNKNOWN,https://fdc.nal.usda.gov/fdc-app.html#/food-details/2770577/nutrients
USDA-FDC-2770580,Kellogg's Cheez It Crackers Original 1.5oz,Kellogg Company US,Biscuits/Cookies,US,024100122615,00024100122615,0,42,500,CONVENIENCE|FOOD_SERVICE|GROCERY|ONLINE,2026-06-25,2026-05-22,,UNKNOWN,https://fdc.nal.usda.gov/fdc-app.html#/food-details/2770580/nutrients
USDA-FDC-2770581,Kellogg's Cheez It Crackers Hot & Spicy 12.4oz,Kellogg Company US,Biscuits/Cookies,US,024100789092,00024100789092,0,30,500,GROCERY|ONLINE,2026-06-25,2026-05-22,,UNKNOWN,https://fdc.nal.usda.gov/fdc-app.html#/food-details/2770581/nutrients
USDA-FDC-2770582,Kellogg's Cheez It Caddies Crackers Original 1oz,Kellogg Company US,Biscuits/Cookies,US,024100940141,00024100940141,0,28,500,FOOD_SERVICE|GROCERY|MASS_MERCHANDISING|ONLINE,2026-06-25,2026-05-22,,UNKNOWN,https://fdc.nal.usda.gov/fdc-app.html#/food-details/2770582/nutrients
USDA-FDC-2770601,Kellogg's Cheez It Crackers Extra Toasty 7oz,Kellogg Company US,Biscuits/Cookies,US,024100111350,00024100111350,0,30,500,CONVENIENCE|DRUG|FOOD_SERVICE|GROCERY|ONLINE,2026-06-25,2026-05-22,,UNKNOWN,https://fdc.nal.usda.gov/fdc-app.html#/food-details/2770601/nutrients
USDA-FDC-2770602,Kellogg's Cheez It Caddies Crackers Original 30oz,Kellogg Company US,Biscuits/Cookies,US,024100109470,00024100109470,0,28,500,GROCERY|ONLINE,2026-06-25,2026-05-22,,UNKNOWN,https://fdc.nal.usda.gov/fdc-app.html#/food-details/2770602/nutrients
USDA-FDC-2770621,Kellogg's Cheez It Crackers Grooves Sharp White Cheddar 17oz,Kellogg Company US,Biscuits/Cookies,US,024100108244,00024100108244,0,29,483,GROCERY|ONLINE,2026-06-25,2026-05-22,,UNKNOWN,https://fdc.nal.usda.gov/fdc-app.html#/food-details/2770621/nutrients
USDA-FDC-2770622,Kellogg's Cheez It Crackers Original 12.4oz,Kellogg Company US,Biscuits/Cookies,US,024100106851,00024100106851,0,30,500,CONVENIENCE|FOOD_SERVICE|GROCERY|MASS_MERCHANDISING|MILITARY|ONLINE,2026-06-25,2026-05-28,,UNKNOWN,https://fdc.nal.usda.gov/fdc-app.html#/food-details/2770622/nutrients
USDA-FDC-2770623,Kellogg's Cheez It Crackers Extra Toasty 12.4oz,Kellogg Company US,Biscuits/Cookies,US,024100104437,00024100104437,0,30,500,CONVENIENCE|DRUG|GROCERY|MASS_MERCHANDISING|MILITARY|ONLINE,2026-06-25,2026-05-28,,UNKNOWN,https://fdc.nal.usda.gov/fdc-app.html#/food-details/2770623/nutrients
USDA-FDC-2770660,NESTLE CARLOS V Candy Bar Chocolate Bar 32x18g,Société des Produits Nestlé S.A.,Confectionery Products,US,028000374310,00028000374310,0,36,528,GROCERY,2026-06-25,2026-05-13,,UNKNOWN,https://fdc.nal.usda.gov/fdc-app.html#/food-details/2770660/nutrients
USDA-FDC-2770760,LEAN CUISINE Chicken Enchilada Suiza Frozen Entre 9oz,Société des Produits Nestlé S.A.,Ready-Made Combination Meals,US,013800171153,00013800171153,0,255,114,GROCERY,2026-06-25,2026-05-11,,UNKNOWN,https://fdc.nal.usda.gov/fdc-app.html#/food-details/2770760/nutrients
USDA-FDC-2770765,STOUFFER'S Family Size Spaghetti And Meatballs Frozen Entre 30oz,Société des Produits Nestlé S.A.,Ready-Made Combination Meals,US,013800356963,00013800356963,0,217,129,GROCERY,2026-06-25,2026-05-15,,UNKNOWN,https://fdc.nal.usda.gov/fdc-app.html#/food-details/2770765/nutrients
USDA-FDC-2770846,"Kraft Original Slow-Simmered Barbecue BBQ Sauce, 18 oz Bottle",Kraft Foods Inc.,Sauces/Spreads/Dips/Condiments,US,021000052288,00021000052288,0,36,167,GROCERY,2026-06-25,2026-05-27,,UNKNOWN,https://fdc.nal.usda.gov/fdc-app.html#/food-details/2770846/nutrients
USDA-FDC-2770864,Smucker's 2.8 Ounce Uncrustables Peanut Butter & Grape 18 Pack,The J.M. Smucker Company,Sandwiches/Filled Rolls/Wraps,US,051500826010,00051500826010,0,80,400,GROCERY,2026-06-25,2026-05-29,,UNKNOWN,https://fdc.nal.usda.gov/fdc-app.html#/food-details/2770864/nutrients
USDA-FDC-2770865,Smucker's 2 Ounce Uncrustables Peanut Butter And Strawberry Each,The J.M. Smucker Company,Sandwiches/Filled Rolls/Wraps,US,051500825631,00051500825631,0,58,362,GROCERY,2026-06-25,2026-05-18,,UNKNOWN,https://fdc.nal.usda.gov/fdc-app.html#/food-details/2770865/nutrients
USDA-FDC-2770872,Smucker's Uncrustables Peanut Butter And Strawberry 10 Pack - Each,The J.M. Smucker Company,Sandwiches/Filled Rolls/Wraps,US,051500048184,00051500048184,0,58,362,FOOD_SERVICE|GROCERY,2026-06-25,2026-05-18,,UNKNOWN,https://fdc.nal.usda.gov/fdc-app.html#/food-details/2770872/nutrients
USDA-FDC-2770873,Smucker's Uncrustables Peanut Butter And Strawberry 4 Pack - Each,The J.M. Smucker Company,Sandwiches/Filled Rolls/Wraps,US,051500048160,00051500048160,0,58,362,FOOD_SERVICE|GROCERY,2026-06-25,2026-05-18,,UNKNOWN,https://fdc.nal.usda.gov/fdc-app.html#/food-details/2770873/nutrients
USDA-FDC-2770874,Smucker's 7.25 Ounce Magic Shell Caramel Each,The J.M. Smucker Company,Desserts/Dessert Sauces/Toppings,US,051500045183,00051500045183,0,34,647,FOOD_SERVICE|GROCERY,2026-06-25,2026-05-18,,UNKNOWN,https://fdc.nal.usda.gov/fdc-app.html#/food-details/2770874/nutrients
USDA-FDC-2770875,Smucker's 1.8 Ounce Uncrustables Chocolate Hazelnut 10 Pack,The J.M. Smucker Company,Sandwiches/Filled Rolls/Wraps,US,051500029909,00051500029909,0,52,404,FOOD_SERVICE|GROCERY,2026-06-25,2026-05-18,,UNKNOWN,https://fdc.nal.usda.gov/fdc-app.html#/food-details/2770875/nutrients
USDA-FDC-2770876,Smucker's 2.0 Ounce Uncrustables Peanut Butter And Strawberry 15 Pack,The J.M. Smucker Company,Sandwiches/Filled Rolls/Wraps,US,051500029459,00051500029459,0,58,362,FOOD_SERVICE|GROCERY,2026-06-25,2026-05-18,,UNKNOWN,https://fdc.nal.usda.gov/fdc-app.html#/food-details/2770876/nutrients
USDA-FDC-2770896,Smucker's 15.5 Ounce Hot Fudge Microwave Squeeze,The J.M. Smucker Company,Desserts/Dessert Sauces/Toppings,US,051500021231,00051500021231,0,40,325,FOOD_SERVICE|GROCERY,2026-06-25,2026-05-18,,UNKNOWN,https://fdc.nal.usda.gov/fdc-app.html#/food-details/2770896/nutrients
USDA-FDC-2770898,Smucker's Uncrustables 2.6 Ounce Peanut Butter And Honey Wheat Sandwich 8 Pack,The J.M. Smucker Company,Sandwiches/Filled Rolls/Wraps,US,051500015988,00051500015988,0,76,395,FOOD_SERVICE|GROCERY,2026-06-25,2026-05-22,,UNKNOWN,https://fdc.nal.usda.gov/fdc-app.html#/food-details/2770898/nutrients
USDA-FDC-2770902,8.9Z OM LC HAM/AMER TKY/AMER SS 20 1 ct. Case,Kraft Foods Inc.,Ready-Made Combination Meals,US,044700094877,00044700094877,0,262,126,GROCERY,2026-06-25,2026-05-05,,UNKNOWN,https://fdc.nal.usda.gov/fdc-app.html#/food-details/2770902/nutrients
USDA-FDC-2770963,DIGIORNO Classic Thin Crust Pepperoni Pza 16.9oz Package,Société des Produits Nestlé S.A.,Savoury Bakery Products,US,071921793548,00071921793548,0,120,250,GROCERY,2026-06-25,2026-05-08,,UNKNOWN,https://fdc.nal.usda.gov/fdc-app.html#/food-details/2770963/nutrients
USDA-FDC-2770964,DIGIORNO Frozen Pizza Hand Toss Three Meat 18.1oz,Société des Produits Nestlé S.A.,Savoury Bakery Products,US,071921328863,00071921328863,0,128,258,GROCERY,2026-06-25,2026-05-05,,UNKNOWN,https://fdc.nal.usda.gov/fdc-app.html#/food-details/2770964/nutrients
USDA-FDC-2770965,DIGIORNO Original Rising Crust Sausage & Pepperoni Frozen Pizza 30.3 oz. Box,Société des Produits Nestlé S.A.,Savoury Bakery Products,US,071921003326,00071921003326,0,143,238,GROCERY,2026-06-25,2026-05-09,,UNKNOWN,https://fdc.nal.usda.gov/fdc-app.html#/food-details/2770965/nutrients
USDA-FDC-2771011,Pringles Crisps Snack Stacks Sour Cream & Onion .74oz,Kellogg Company US,Snacks,US,038000000843,00038000000843,0,21,524,GROCERY|ONLINE|SPECIALTY_RETAIL|VENDING,2026-06-25,2026-05-22,,UNKNOWN,https://fdc.nal.usda.gov/fdc-app.html#/food-details/2771011/nutrients
USDA-FDC-2771012,Pringles Crisps Snack Stacks Original .67oz,Kellogg Company US,Snacks,US,038000000836,00038000000836,0,19,526,FOOD_SERVICE|GROCERY|MASS_MERCHANDISING|ONLINE|SPECIALTY_RETAIL|VENDING,2026-06-25,2026-05-22,,UNKNOWN,https://fdc.nal.usda.gov/fdc-app.html#/food-details/2771012/nutrients
USDA-FDC-2771013,Kellogg's Special K Protein Bars Brownie Batter 1.59oz,Kellogg Company US,Processed Cereal Products,US,038000000126,00038000000126,0,45,400,CONVENIENCE|FOOD_SERVICE|GROCERY|ONLINE|VENDING,2026-06-25,2026-05-22,,UNKNOWN,https://fdc.nal.usda.gov/fdc-app.html#/food-details/2771013/nutrients
USDA-FDC-2771014,Kellogg's Special K Protein Bars Strawberry 1.59oz,Kellogg Company US,Processed Cereal Products,US,038000000119,00038000000119,0,45,400,CONVENIENCE|FOOD_SERVICE|GROCERY|ONLINE|VENDING,2026-06-25,2026-05-22,,UNKNOWN,https://fdc.nal.usda.gov/fdc-app.html#/food-details/2771014/nutrients
USDA-FDC-2771015,Kellogg's Special K Protein Bars Chocolate Peanut Butter 1.59oz,Kellogg Company US,Processed Cereal Products,US,038000000102,00038000000102,0,45,400,CONVENIENCE|FOOD_SERVICE|GROCERY|ONLINE|VENDING,2026-06-25,2026-05-22,,UNKNOWN,https://fdc.nal.usda.gov/fdc-app.html#/food-details/2771015/nutrients
USDA-FDC-2771016,Kellogg's Special K Protein Bars Chocolate Chip 1.58oz,Kellogg Company US,Processed Cereal Products,US,038000000010,00038000000010,0,45,400,GROCERY|ONLINE,2026-06-25,2026-05-22,,UNKNOWN,https://fdc.nal.usda.gov/fdc-app.html#/food-details/2771016/nutrients
USDA-FDC-2771017,Pringles Crisps Snack Stacks Cheddar Cheese .74oz,Kellogg Company US,Snacks,US,038000000850,00038000000850,0,21,524,GROCERY|ONLINE|SPECIALTY_RETAIL|VENDING,2026-06-25,2026-05-22,,UNKNOWN,https://fdc.nal.usda.gov/fdc-app.html#/food-details/2771017/nutrients
USDA-FDC-2771018,Food Club California Sun-Dried Raisins 32oz Bag,"Topco Associates, LLC",Fruit - Prepared/Processed,US,036800786189,00036800786189,0,40,300,GROCERY,2026-06-25,2026-05-20,,UNKNOWN,https://fdc.nal.usda.gov/fdc-app.html#/food-details/2771018/nutrients
USDA-FDC-2771019,Food Club California Sun-Dried Raisins 12oz Box,"Topco Associates, LLC",Fruit - Prepared/Processed,US,036800383746,00036800383746,0,40,300,GROCERY,2026-06-25,2026-05-20,,UNKNOWN,https://fdc.nal.usda.gov/fdc-app.html#/food-details/2771019/nutrients
USDA-FDC-2771020,Food Club California Sun-Dried Raisins 6-Pack/1oz Cartons,"Topco Associates, LLC",Fruit - Prepared/Processed,US,036800383739,00036800383739,0,28,321,GROCERY,2026-06-25,2026-05-21,,UNKNOWN,https://fdc.nal.usda.gov/fdc-app.html#/food-details/2771020/nutrients
USDA-FDC-2771025,Food Club California Sun-Dried Raisins 20oz Canister,"Topco Associates, LLC",Fruit - Prepared/Processed,US,036800383760,00036800383760,0,40,300,GROCERY,2026-06-25,2026-05-20,,UNKNOWN,https://fdc.nal.usda.gov/fdc-app.html#/food-details/2771025/nutrients
USDA-FDC-2771026,Kellogg's Rice Krispies Treats Squares Original Minis .39oz,Kellogg Company US,Processed Cereal Products,US,038000007316,00038000007316,0,11,409,CONVENIENCE|FOOD_SERVICE|GROCERY|ONLINE|VENDING,2026-06-25,2026-05-22,,UNKNOWN,https://fdc.nal.usda.gov/fdc-app.html#/food-details/2771026/nutrients
USDA-FDC-2771027,Pringles Crisps Snack Stacks BBQ .74oz,Kellogg Company US,Snacks,US,038000007347,00038000007347,0,21,524,GROCERY|ONLINE,2026-06-25,2026-05-22,,UNKNOWN,https://fdc.nal.usda.gov/fdc-app.html#/food-details/2771027/nutrients
USDA-FDC-2771029,Kellogg's Nutri-Grain Cereal Bars Mixed Berry 10.4oz,Kellogg Company US,Processed Cereal Products,US,038000355004,00038000355004,0,37,351,GROCERY|MASS_MERCHANDISING|ONLINE,2026-06-25,2026-05-26,,UNKNOWN,https://fdc.nal.usda.gov/fdc-app.html#/food-details/2771029/nutrients
USDA-FDC-2771030,Kellogg's Special K Protein Bars Brownie Batter 9.5oz,Kellogg Company US,Processed Cereal Products,US,038000291791,00038000291791,0,45,400,GROCERY|ONLINE,2026-06-25,2026-05-26,,UNKNOWN,https://fdc.nal.usda.gov/fdc-app.html#/food-details/2771030/nutrients
USDA-FDC-2771031,Kellogg's Special K Protein Bars Chocolate Peanut Butter 9.5oz,Kellogg Company US,Processed Cereal Products,US,038000291722,00038000291722,0,45,400,FOOD_SERVICE|GROCERY|ONLINE,2026-06-25,2026-05-26,,UNKNOWN,https://fdc.nal.usda.gov/fdc-app.html#/food-details/2771031/nutrients
USDA-FDC-2771033,Pringles Crisps BBQ 1.4oz,Kellogg Company US,Snacks,US,038000183737,00038000183737,0,40,525,CONVENIENCE|FOOD_SERVICE|GROCERY|ONLINE,2026-06-25,2026-05-22,,UNKNOWN,https://fdc.nal.usda.gov/fdc-app.html#/food-details/2771033/nutrients
USDA-FDC-2771034,Pringles Crisps BBQ 2.5oz,Kellogg Company US,Snacks,US,038000183690,00038000183690,0,28,536,CONVENIENCE|FOOD_SERVICE|GROCERY|ONLINE,2026-06-25,2026-05-22,,UNKNOWN,https://fdc.nal.usda.gov/fdc-app.html#/food-details/2771034/nutrients
USDA-FDC-2771036,Pringles Crisps Reduced Fat Original 4.9oz,Kellogg Company US,Snacks,US,038000165276,00038000165276,0,28,500,CASH_AND_CARRY|CONVENIENCE|FOOD_SERVICE|GROCERY|ONLINE,2026-06-25,2026-05-22,,UNKNOWN,https://fdc.nal.usda.gov/fdc-app.html#/food-details/2771036/nutrients
USDA-FDC-2771041,Pringles Crisps Lightly Salted Original 5.2oz,Kellogg Company US,Snacks,US,038000138812,00038000138812,0,28,536,CASH_AND_CARRY|CONVENIENCE|FOOD_SERVICE|GROCERY|ONLINE,2026-06-25,2026-05-22,,UNKNOWN,https://fdc.nal.usda.gov/fdc-app.html#/food-details/2771041/nutrients
USDA-FDC-2771042,Pringles Crisps Ranch 5.5oz,Kellogg Company US,Snacks,US,038000138720,00038000138720,0,28,536,CONVENIENCE|FOOD_SERVICE|GROCERY|ONLINE|VENDING,2026-06-25,2026-05-22,,UNKNOWN,https://fdc.nal.usda.gov/fdc-app.html#/food-details/2771042/nutrients
USDA-FDC-2771045,Kellogg's Nutri-Grain Cereal Bars Apple Cinnamon 10.4oz,Kellogg Company US,Processed Cereal Products,US,038000356001,00038000356001,0,37,351,CONVENIENCE|DRUG|GROCERY|MASS_MERCHANDISING|ONLINE|VENDING,2026-06-25,2026-05-26,,UNKNOWN,https://fdc.nal.usda.gov/fdc-app.html#/food-details/2771045/nutrients
USDA-FDC-2771061,Kellogg's Klg Licensed Crackers Scooby-Doo Cinnamon Graham Sticks 11oz,Kellogg Company US,Biscuits/Cookies,US,030100182016,00030100182016,0,30,433,FOOD_SERVICE|GROCERY|ONLINE,2026-06-25,2026-05-22,,UNKNOWN,https://fdc.nal.usda.gov/fdc-app.html#/food-details/2771061/nutrients
USDA-FDC-2771083,Kellogg's Nutri-Grain Cereal Bars Blueberry 10.4oz,Kellogg Company US,Processed Cereal Products,US,038000357008,00038000357008,0,37,351,CONVENIENCE|GROCERY|MASS_MERCHANDISING|ONLINE|VENDING,2026-06-25,2026-05-26,,UNKNOWN,https://fdc.nal.usda.gov/fdc-app.html#/food-details/2771083/nutrients
USDA-FDC-2771113,"Kool-Aid Sours Artificially Flavored Drink, 1 Bottle, for On-the-Go Hydration, Frostbite, Sour Candy Flavor, No Artificial Dyes, 16 oz",Kraft Foods Inc.,Non Alcoholic Beverages - Ready to Drink,US,043000096703,00043000096703,0,487.190002441,21,GROCERY,2026-06-25,2026-05-13,,UNKNOWN,https://fdc.nal.usda.gov/fdc-app.html#/food-details/2771113/nutrients
USDA-FDC-2771114,"Kool-Aid Sours Naturally Flavored with other Natural Flavor Drink, 1 Bottle, for On-the-Go Hydration, Watermelon Blast, Sour Candy Flavor, No Artificial Dyes, 16 oz",Kraft Foods Inc.,Non Alcoholic Beverages - Ready to Drink,US,043000096697,00043000096697,0,487.190002441,18,GROCERY,2026-06-25,2026-05-13,,UNKNOWN,https://fdc.nal.usda.gov/fdc-app.html#/food-details/2771114/nutrients
USDA-FDC-2771115,"Kool-Aid Jammers Artificially Flavored Drink, 10 Pouches, for School Lunches and On-the-Go Hydration, Cherry Flavor, Excellent Source of Vitamin C, 6 fl oz",Kraft Foods Inc.,Non Alcoholic Beverages - Ready to Drink,US,043000028261,00043000028261,0,354,13,GROCERY,2026-06-25,2026-05-20,,UNKNOWN,https://fdc.nal.usda.gov/fdc-app.html#/food-details/2771115/nutrients
USDA-FDC-2771116,"Kool-Aid Jammers Artificially Flavored Drink, 10 Pouches, for School Lunches and On-the-Go Hydration, Tropical Punch Artificially Flavored, Excellent Source of Vitamin C, 6 fl oz",Kraft Foods Inc.,Non Alcoholic Beverages - Ready to Drink,US,043000028254,00043000028254,0,355,13,GROCERY,2026-06-25,2026-05-20,,UNKNOWN,https://fdc.nal.usda.gov/fdc-app.html#/food-details/2771116/nutrients
USDA-FDC-2771124,Pringles Crisps Snack Stacks Sour Cream & Onion 8.8oz,Kellogg Company US,Snacks,US,038000845789,00038000845789,0,21,524,GROCERY|ONLINE,2026-06-25,2026-05-27,,UNKNOWN,https://fdc.nal.usda.gov/fdc-app.html#/food-details/2771124/nutrients
USDA-FDC-2771138,Kellogg's Zesta Saltines Crackers Original 16oz,Kellogg Company US,Biscuits/Cookies,US,030100001331,00030100001331,0,15,400,CONVENIENCE|FOOD_SERVICE|GROCERY|MASS_MERCHANDISING|MILITARY|ONLINE,2026-06-25,2026-05-22,,UNKNOWN,https://fdc.nal.usda.gov/fdc-app.html#/food-details/2771138/nutrients
USDA-FDC-2771140,BUSH'S Black Beans in a Mild Chili Sauce 15.5 oz,Bush Brothers & Company,Vegetables - Prepared/Processed,US,039400015024,00039400015024,0,130,100,CHILD_NUTRITION_FOOD_PROGRAMS|GROCERY,2026-06-25,2026-05-20,,UNKNOWN,https://fdc.nal.usda.gov/fdc-app.html#/food-details/2771140/nutrients
USDA-FDC-2771141,Sun-Maid Vanilla Yogurt Covered Diced Apricots 4oz Bag,Sun-Maid Growers of California,Fruit - Prepared/Processed,US,041143192368,00041143192368,0,30,400,CONVENIENCE|FOOD_SERVICE|GROCERY,2026-06-25,2026-05-27,,UNKNOWN,https://fdc.nal.usda.gov/fdc-app.html#/food-details/2771141/nutrients
USDA-FDC-2771142,Sun-Maid Chocolate Yogurt Covered Cherries 4oz Bag,Sun-Maid Growers of California,Fruit - Prepared/Processed,US,041143192269,00041143192269,0,30,433,CONVENIENCE|FOOD_SERVICE|GROCERY,2026-06-25,2026-05-27,,UNKNOWN,https://fdc.nal.usda.gov/fdc-app.html#/food-details/2771142/nutrients
USDA-FDC-2771143,Sun-Maid California Golden Raisins 12oz Bag in a Box,Sun-Maid Growers,Fruit - Prepared/Processed,US,041143151600,00041143151600,0,40,300,CONVENIENCE|FOOD_SERVICE|GROCERY,2026-06-25,2026-05-14,,UNKNOWN,https://fdc.nal.usda.gov/fdc-app.html#/food-details/2771143/nutrients
USDA-FDC-2771144,Sun-Maid Vanilla Yogurt Covered Raisins 8oz Resealable Stand-Up Bag,Sun-Maid Growers,Fruit - Prepared/Processed,US,041143092705,00041143092705,0,30,433,CONVENIENCE|FOOD_SERVICE|GROCERY,2026-06-25,2026-05-19,,UNKNOWN,https://fdc.nal.usda.gov/fdc-app.html#/food-details/2771144/nutrients
USDA-FDC-2771151,Sun-Maid California Sun-Dried Organic Raisins 2 lb Bag,Sun-Maid Growers,Fruit - Prepared/Processed,US,041143029060,00041143029060,0,40,300,GROCERY,2026-06-25,2026-05-20,,UNKNOWN,https://fdc.nal.usda.gov/fdc-app.html#/food-details/2771151/nutrients
USDA-FDC-2771152,Sun-Maid California Sun-Dried Organic Raisins 18oz Resealable Cnster,Sun-Maid Growers,Fruit - Prepared/Processed,US,041143028766,00041143028766,0,40,300,CONVENIENCE|FOOD_SERVICE|GROCERY,2026-06-25,2026-05-19,,UNKNOWN,https://fdc.nal.usda.gov/fdc-app.html#/food-details/2771152/nutrients
USDA-FDC-2771154,Bushs Classic Homestyle Chili Magic Chili Starter 15.5 oz,Bush Brothers & Company,Vegetable Based Products / Meals,US,039400019008,00039400019008,0,130,77,CHILD_NUTRITION_FOOD_PROGRAMS|GROCERY,2026-06-25,2026-05-30,,UNKNOWN,https://fdc.nal.usda.gov/fdc-app.html#/food-details/2771154/nutrients
USDA-FDC-2771155,BUSH'S Red Beans in a Mild Chili Sauce 16 oz,Bush Brothers & Company,Vegetables - Prepared/Processed,US,039400016922,00039400016922,0,130,92,CHILD_NUTRITION_FOOD_PROGRAMS|GROCERY,2026-06-25,2026-05-20,,UNKNOWN,https://fdc.nal.usda.gov/fdc-app.html#/food-details/2771155/nutrients
USDA-FDC-2771156,Bush's Barbecue Baked Beans 28 oz,Bush Brothers & Company,Vegetables - Prepared/Processed,US,039400011996,00039400011996,0,130,123,CHILD_NUTRITION_FOOD_PROGRAMS|GROCERY,2026-06-25,2026-05-29,,UNKNOWN,https://fdc.nal.usda.gov/fdc-app.html#/food-details/2771156/nutrients
USDA-FDC-2771157,Bush's Light Red Kidney Beans 12-15.5 oz,Bush Brothers & Company,Vegetables - Prepared/Processed,US,10039400001185,10039400001185,0,130,92,CHILD_NUTRITION_FOOD_PROGRAMS|GROCERY,2026-06-25,2026-05-20,,UNKNOWN,https://fdc.nal.usda.gov/fdc-app.html#/food-details/2771157/nutrients
USDA-FDC-2771158,"Heinz Simply Tomato Ketchup, 1 Bottle, for Easy Sharing and Easy Serving, No High-Fructose Corn Syrup, No Artificial Sweeteners, 31 oz",Kraft Foods Inc.,Sauces/Spreads/Dips/Condiments,US,013000004640,00013000004640,0,17,118,GROCERY,2026-07-23,2026-06-22,,UNKNOWN,https://fdc.nal.usda.gov/fdc-app.html#/food-details/2771158/nutrients
USDA-FDC-2771159,"Lance Sandwich Crackers, Captain's Wafers Cream Cheese and Chives, 20 Packs, 6 Sandwiches Each",SNYDER'S-LANCE INC.,Biscuits/Cookies,US,076410904979,00076410904979,0,39,487,GROCERY,2026-07-23,2026-06-29,,UNKNOWN,https://fdc.nal.usda.gov/fdc-app.html#/food-details/2771159/nutrients
USDA-FDC-2771160,"Lance Sandwich Crackers, ToastChee Cheddar, 20 Individually Wrapped Packs, 6 Sandwiches Each",SNYDER'S-LANCE INC.,Biscuits/Cookies,US,076410904986,00076410904986,0,40,525,GROCERY,2026-07-23,2026-06-29,,UNKNOWN,https://fdc.nal.usda.gov/fdc-app.html#/food-details/2771160/nutrients
USDA-FDC-2771161,"Lance Sandwich Crackers, Captain's Wafers White Cheddar, 8 Individual Packs, 6 Sandwiches Each",SNYDER'S-LANCE INC.,Biscuits/Cookies,US,076410905143,00076410905143,0,39,487,GROCERY,2026-07-23,2026-06-29,,UNKNOWN,https://fdc.nal.usda.gov/fdc-app.html#/food-details/2771161/nutrients
USDA-FDC-2771162,"Lance Sandwich Crackers, Toasty Cheddar, 8 Individually Wrapped Packs, 6 Sandwiches Each",SNYDER'S-LANCE INC.,Biscuits/Cookies,US,076410905167,00076410905167,0,35,486,GROCERY,2026-07-23,2026-06-29,,UNKNOWN,https://fdc.nal.usda.gov/fdc-app.html#/food-details/2771162/nutrients
USDA-FDC-2771163,"Lance Sandwich Cookies, Nekot Vanilla Creme, 8 Individually Wrapped Packs, 6 Sandwiches Each",SNYDER'S-LANCE INC.,Biscuits/Cookies,US,076410905426,00076410905426,0,48,479,GROCERY,2026-07-23,2026-06-29,,UNKNOWN,https://fdc.nal.usda.gov/fdc-app.html#/food-details/2771163/nutrients
USDA-FDC-2771164,"Lance Sandwich Cookies, Nekot Fudge, 8 Individually Wrapped Packs, 6 Sandwiches Each",SNYDER'S-LANCE INC.,Biscuits/Cookies,US,076410905464,00076410905464,0,48,479,GROCERY,2026-07-23,2026-06-29,,UNKNOWN,https://fdc.nal.usda.gov/fdc-app.html#/food-details/2771164/nutrients
USDA-FDC-2771165,"Lance Sandwich Cookies, Nekot Fudge, 6 Individually Wrapped Packs, 4 Sandwiches Each",SNYDER'S-LANCE INC.,Biscuits/Cookies,US,076410905549,00076410905549,0,32,469,GROCERY,2026-07-23,2026-06-29,,UNKNOWN,https://fdc.nal.usda.gov/fdc-app.html#/food-details/2771165/nutrients
USDA-FDC-2771166,"Lance Sandwich Crackers, Toasty Cheddar, 6 Individually Wrapped Packs, 4 Sandwiches Each",SNYDER'S-LANCE INC.,Biscuits/Cookies,US,076410905563,00076410905563,0,23,478,GROCERY,2026-07-23,2026-06-29,,UNKNOWN,https://fdc.nal.usda.gov/fdc-app.html#/food-details/2771166/nutrients
USDA-FDC-2771167,"Lance Gluten Free Crackers, Baked Original Crackers, 5 Oz Box",SNYDER'S-LANCE INC.,Biscuits/Cookies,US,076410905648,00076410905648,0,28,464,GROCERY,2026-07-23,2026-06-29,,UNKNOWN,https://fdc.nal.usda.gov/fdc-app.html#/food-details/2771167/nutrients
USDA-FDC-2771168,"Lance Salted Peanuts, 1.12 Oz Snack Packs, 8 Ct",SNYDER'S-LANCE INC.,Nuts/Seeds - Prepared/Processed,US,076410905723,00076410905723,0,32,656,GROCERY,2026-07-23,2026-06-29,,UNKNOWN,https://fdc.nal.usda.gov/fdc-app.html#/food-details/2771168/nutrients
USDA-FDC-2771169,"Lance Salted Peanuts, Snack Pack, 3.25 Oz",SNYDER'S-LANCE INC.,Nuts/Seeds - Prepared/Processed,US,076410905778,00076410905778,0,30,667,GROCERY,2026-07-23,2026-06-24,,UNKNOWN,https://fdc.nal.usda.gov/fdc-app.html#/food-details/2771169/nutrients
USDA-FDC-2771170,"Lance Sandwich Cookies, Nekot Lemon Creme, 6 Individually Wrapped Packs, 4 Sandwiches Each",SNYDER'S-LANCE INC.,Biscuits/Cookies,US,076410905877,00076410905877,0,32,500,GROCERY,2026-07-23,2026-06-29,,UNKNOWN,https://fdc.nal.usda.gov/fdc-app.html#/food-details/2771170/nutrients
USDA-FDC-2771171,"Lance Sandwich Cookies, Nekot Vanilla Creme, 6 Individually Wrapped Packs, 4 Sandwiches Each",SNYDER'S-LANCE INC.,Biscuits/Cookies,US,076410905891,00076410905891,0,32,500,GROCERY,2026-07-23,2026-06-29,,UNKNOWN,https://fdc.nal.usda.gov/fdc-app.html#/food-details/2771171/nutrients
USDA-FDC-2771172,"Lance ToastChee Peanut Butter, 10 Count 1.52 Oz",SNYDER'S-LANCE INC.,Biscuits/Cookies,US,076410906102,00076410906102,0,43,512,GROCERY,2026-07-23,2026-06-29,,UNKNOWN,https://fdc.nal.usda.gov/fdc-app.html#/food-details/2771172/nutrients
USDA-FDC-2771173,"Lance Sandwich Crackers, Malt with Peanut Butter, 10 Individually Wrapped Packs, 6 Sandwiches Each",SNYDER'S-LANCE INC.,Biscuits/Cookies,US,076410906119,00076410906119,0,36,500,GROCERY,2026-07-23,2026-06-29,,UNKNOWN,https://fdc.nal.usda.gov/fdc-app.html#/food-details/2771173/nutrients
USDA-FDC-2771174,"Lance Sandwich Crackers, Captain's Wafer Grilled Cheese, 10 Individual Packs, 6 Sandwiches Each",SNYDER'S-LANCE INC.,Biscuits/Cookies,US,076410906126,00076410906126,0,39,513,GROCERY,2026-07-23,2026-06-29,,UNKNOWN,https://fdc.nal.usda.gov/fdc-app.html#/food-details/2771174/nutrients
USDA-FDC-2771175,"Lance Sandwich Cookies, Nekot Lemon Creme, 10 Individually Wrapped Packs, 6 Sandwiches Each",SNYDER'S-LANCE INC.,Biscuits/Cookies,US,076410906133,00076410906133,0,48,500,GROCERY,2026-07-23,2026-06-29,,UNKNOWN,https://fdc.nal.usda.gov/fdc-app.html#/food-details/2771175/nutrients
USDA-FDC-2771176,"Lance Sandwich Crackers, Toasty Peanut Butter, 10 Individually Wrapped Packs, 6 Sandwiches Each",SNYDER'S-LANCE INC.,Biscuits/Cookies,US,076410906157,00076410906157,0,36,500,GROCERY,2026-07-23,2026-06-29,,UNKNOWN,https://fdc.nal.usda.gov/fdc-app.html#/food-details/2771176/nutrients
USDA-FDC-2771177,"Lance Sandwich Crackers, Captain's Wafers Cream Cheese and Chives, 10 Packs, 6 Sandwiches Each",SNYDER'S-LANCE INC.,Biscuits/Cookies,US,076410906164,00076410906164,0,39,487,GROCERY,2026-07-23,2026-06-29,,UNKNOWN,https://fdc.nal.usda.gov/fdc-app.html#/food-details/2771177/nutrients
USDA-FDC-2771178,"Lance Sandwich Cookies, Nekot Peanut Butter, 10 Individually Wrapped Packs, 6 Sandwiches Each",SNYDER'S-LANCE INC.,Biscuits/Cookies,US,076410906171,00076410906171,0,49,490,GROCERY,2026-07-23,2026-06-29,,UNKNOWN,https://fdc.nal.usda.gov/fdc-app.html#/food-details/2771178/nutrients
USDA-FDC-2771179,"Lance Peanut Butter and Honey, 10 Count 1.37 Oz",SNYDER'S-LANCE INC.,Biscuits/Cookies,US,076410906188,00076410906188,0,39,487,GROCERY,2026-07-23,2026-06-29,,UNKNOWN,https://fdc.nal.usda.gov/fdc-app.html#/food-details/2771179/nutrients
USDA-FDC-2771180,"Lance Hot Cheese Popcorn, 3.5 Oz Bag",SNYDER'S-LANCE INC.,Snacks,US,076410904245,00076410904245,0,28,536,GROCERY,2026-07-23,2026-06-29,,UNKNOWN,https://fdc.nal.usda.gov/fdc-app.html#/food-details/2771180/nutrients
USDA-FDC-2771181,"Lance Sandwich Crackers, Made with Whole Grain Crackers, Cheddar Cheese, 10 Packs, 6 Sandwiches Each",SNYDER'S-LANCE INC.,Biscuits/Cookies,US,076410906232,00076410906232,0,42,452,GROCERY,2026-07-23,2026-06-29,,UNKNOWN,https://fdc.nal.usda.gov/fdc-app.html#/food-details/2771181/nutrients
USDA-FDC-2771182,"Lance Sandwich Cookies, Nekot Peanut Butter, 20 Individually Wrapped Packs, 6 Sandwiches Each",SNYDER'S-LANCE INC.,Biscuits/Cookies,US,076410904030,00076410904030,0,49,490,GROCERY,2026-07-23,2026-06-29,,UNKNOWN,https://fdc.nal.usda.gov/fdc-app.html#/food-details/2771182/nutrients
USDA-FDC-2771183,"Lance Sandwich Cookies, Nekot Lemon Creme, Individual Snack Pack, 6 Sandwiches",SNYDER'S-LANCE INC.,Biscuits/Cookies,US,076410903828,00076410903828,0,48,500,GROCERY,2026-07-23,2026-06-29,,UNKNOWN,https://fdc.nal.usda.gov/fdc-app.html#/food-details/2771183/nutrients
USDA-FDC-2771185,"Lance White Cheddar Cheese Popcorn, 3.5 Oz",SNYDER'S-LANCE INC.,Snacks,US,076410012360,00076410012360,0,28,571,GROCERY,2026-07-23,2026-06-29,,UNKNOWN,https://fdc.nal.usda.gov/fdc-app.html#/food-details/2771185/nutrients
USDA-FDC-2771186,"Lance Sandwich Crackers, Toasty Peanut Butter, 6 Individually Wrapped Packs, 4 Sandwiches Each",SNYDER'S-LANCE INC.,Biscuits/Cookies,US,076410093017,00076410093017,0,24,500,GROCERY,2026-07-23,2026-06-24,,UNKNOWN,https://fdc.nal.usda.gov/fdc-app.html#/food-details/2771186/nutrients
USDA-FDC-2771187,"Lance Sandwich Cookies, Nekot Peanut Butter, 6 Individually Wrapped Packs, 4 Sandwiches Each",SNYDER'S-LANCE INC.,Biscuits/Cookies,US,076410093031,00076410093031,0,33,485,GROCERY,2026-07-23,2026-06-29,,UNKNOWN,https://fdc.nal.usda.gov/fdc-app.html#/food-details/2771187/nutrients
USDA-FDC-2771188,"Lance Butter Popcorn, 3.5 Oz Bag",SNYDER'S-LANCE INC.,Snacks,US,076410093642,00076410093642,0,28,571,GROCERY,2026-07-23,2026-06-29,,UNKNOWN,https://fdc.nal.usda.gov/fdc-app.html#/food-details/2771188/nutrients
USDA-FDC-2771189,"Lance Sandwich Crackers, Captain's Wafers Cream Cheese and Chives, 6 Packs, 4 Sandwiches Each",SNYDER'S-LANCE INC.,Biscuits/Cookies,US,076410400228,00076410400228,0,26,500,GROCERY,2026-07-23,2026-06-29,,UNKNOWN,https://fdc.nal.usda.gov/fdc-app.html#/food-details/2771189/nutrients
USDA-FDC-2771190,"Lance Sandwich Crackers, Captain's Wafers Peanut Butter and Honey, 8 Packs, 6 Sandwiches Each",SNYDER'S-LANCE INC.,Biscuits/Cookies,US,076410521466,00076410521466,0,39,487,GROCERY,2026-07-23,2026-06-29,,UNKNOWN,https://fdc.nal.usda.gov/fdc-app.html#/food-details/2771190/nutrients
USDA-FDC-2771191,"Lance Sandwich Crackers, Captain's Wafers Cream Cheese and Chives, 8 Packs, 6 Sandwiches Each",SNYDER'S-LANCE INC.,Biscuits/Cookies,US,076410522609,00076410522609,0,39,487,GROCERY,2026-07-23,2026-06-29,,UNKNOWN,https://fdc.nal.usda.gov/fdc-app.html#/food-details/2771191/nutrients
USDA-FDC-2771192,"Lance Sandwich Crackers, Captain's Wafer Grilled Cheese, 8 Individual Packs, 6 Sandwiches Each",SNYDER'S-LANCE INC.,Biscuits/Cookies,US,076410525938,00076410525938,0,39,513,GROCERY,2026-07-23,2026-06-29,,UNKNOWN,https://fdc.nal.usda.gov/fdc-app.html#/food-details/2771192/nutrients
USDA-FDC-2771193,"Lance Sandwich Crackers, ToastChee Peanut Butter, 6 Individually Wrapped Packs, 4 Sandwiches Each",SNYDER'S-LANCE INC.,Biscuits/Cookies,US,076410901190,00076410901190,0,28,500,GROCERY,2026-07-23,2026-06-24,,UNKNOWN,https://fdc.nal.usda.gov/fdc-app.html#/food-details/2771193/nutrients
USDA-FDC-2771194,"Lance Sandwich Crackers, Malt with Peanut Butter, Individual Snack Pack, 6 Sandwiches",SNYDER'S-LANCE INC.,Biscuits/Cookies,US,076410901305,00076410901305,0,36,500,GROCERY,2026-07-23,2026-06-24,,UNKNOWN,https://fdc.nal.usda.gov/fdc-app.html#/food-details/2771194/nutrients
USDA-FDC-2771195,"Lance Sandwich Cookies, Nekot Peanut Butter, Individual Snack Pack, 6 Sandwiches",SNYDER'S-LANCE INC.,Biscuits/Cookies,US,076410901312,00076410901312,0,49,490,GROCERY,2026-07-23,2026-06-29,,UNKNOWN,https://fdc.nal.usda.gov/fdc-app.html#/food-details/2771195/nutrients
USDA-FDC-2771196,"Lance Sandwich Crackers, ToastChee Peanut Butter, 8 Individual Packs, 6 Sandwiches Each",SNYDER'S-LANCE INC.,Biscuits/Cookies,US,076410901374,00076410901374,0,43,512,GROCERY,2026-07-23,2026-06-29,,UNKNOWN,https://fdc.nal.usda.gov/fdc-app.html#/food-details/2771196/nutrients
USDA-FDC-2771197,"Lance Sandwich Crackers, Toasty Peanut Butter, 8 Individually Wrapped Packs, 6 Sandwiches Each",SNYDER'S-LANCE INC.,Biscuits/Cookies,US,076410901381,00076410901381,0,36,500,GROCERY,2026-07-23,2026-06-29,,UNKNOWN,https://fdc.nal.usda.gov/fdc-app.html#/food-details/2771197/nutrients
USDA-FDC-2771198,"Lance Sandwich Cookies, Nekot Peanut Butter, 8 Individually Wrapped Packs, 6 Sandwiches Each",SNYDER'S-LANCE INC.,Biscuits/Cookies,US,076410901398,00076410901398,0,49,490,GROCERY,2026-07-23,2026-06-29,,UNKNOWN,https://fdc.nal.usda.gov/fdc-app.html#/food-details/2771198/nutrients
USDA-FDC-2771199,"Lance Sandwich Crackers, Malt with Peanut Butter, 8 Individually Wrapped Packs, 6 Sandwiches Each",SNYDER'S-LANCE INC.,Biscuits/Cookies,US,076410901404,00076410901404,0,36,500,GROCERY,2026-07-23,2026-06-29,,UNKNOWN,https://fdc.nal.usda.gov/fdc-app.html#/food-details/2771199/nutrients
USDA-FDC-2771200,"Lance Sandwich Crackers, Made with Whole Grain Crackers, Cheddar Cheese, Individual Snack Pack, 6 Sandwiches",SNYDER'S-LANCE INC.,Biscuits/Cookies,US,076410901893,00076410901893,0,42,452,GROCERY,2026-07-23,2026-06-29,,UNKNOWN,https://fdc.nal.usda.gov/fdc-app.html#/food-details/2771200/nutrients
USDA-FDC-2771201,"Lance Sandwich Crackers, ToastChee Peanut Butter, 20 Individually Wrapped Packs, 6 Sandwiches Each",SNYDER'S-LANCE INC.,Biscuits/Cookies,US,076410902005,00076410902005,0,43,512,GROCERY,2026-07-23,2026-06-29,,UNKNOWN,https://fdc.nal.usda.gov/fdc-app.html#/food-details/2771201/nutrients
USDA-FDC-2771202,"Lance Toasty Peanut Butter, 20 Count 1.29 Oz",SNYDER'S-LANCE INC.,Biscuits/Cookies,US,076410902012,00076410902012,0,36,500,GROCERY,2026-07-23,2026-06-29,,UNKNOWN,https://fdc.nal.usda.gov/fdc-app.html#/food-details/2771202/nutrients
USDA-FDC-2771203,"Lance Sandwich Crackers, Made with Whole Grain Crackers, Cheddar Cheese, 8 Packs, 6 Sandwiches Each",SNYDER'S-LANCE INC.,Biscuits/Cookies,US,076410903736,00076410903736,0,42,452,GROCERY,2026-07-23,2026-06-29,,UNKNOWN,https://fdc.nal.usda.gov/fdc-app.html#/food-details/2771203/nutrients
USDA-FDC-2771204,"Lance Sandwich Crackers, Made with Whole Grain Crackers, Peanut Butter, 8 Individual Packs",SNYDER'S-LANCE INC.,Biscuits/Cookies,US,076410903743,00076410903743,0,43,442,GROCERY,2026-07-23,2026-06-29,,UNKNOWN,https://fdc.nal.usda.gov/fdc-app.html#/food-details/2771204/nutrients
USDA-FDC-2771205,"Lance Sandwich Crackers, ToastChee Cheddar, 8 Individually Wrapped Packs, 6 Sandwiches Each",SNYDER'S-LANCE INC.,Snacks,US,076410903880,00076410903880,0,40,500,GROCERY,2026-07-23,2026-06-29,,UNKNOWN,https://fdc.nal.usda.gov/fdc-app.html#/food-details/2771205/nutrients
USDA-FDC-2771207,"Lance Sandwich Crackers, ToastChee Cheddar, 10 Individually Wrapped Packs, 6 Sandwiches Each",SNYDER'S-LANCE INC.,Biscuits/Cookies,US,076410906249,00076410906249,0,40,525,GROCERY,2026-07-23,2026-06-29,,UNKNOWN,https://fdc.nal.usda.gov/fdc-app.html#/food-details/2771207/nutrients
USDA-FDC-2771208,"Lance Sandwich Crackers, Toasty Cheddar, 10 Individually Wrapped Packs, 6 Sandwiches Each",SNYDER'S-LANCE INC.,Biscuits/Cookies,US,076410906270,00076410906270,0,35,486,GROCERY,2026-07-23,2026-06-29,,UNKNOWN,https://fdc.nal.usda.gov/fdc-app.html#/food-details/2771208/nutrients
USDA-FDC-2771231,"Lance Baked with Whole Grain Peanut Butter, 10 Count 1.52 Oz",SNYDER'S-LANCE INC.,Biscuits/Cookies,US,076410906256,00076410906256,0,43,442,GROCERY,2026-07-23,2026-06-29,,UNKNOWN,https://fdc.nal.usda.gov/fdc-app.html#/food-details/2771231/nutrients
USDA-FDC-2771234,"Lance Vanilla Flavored Creme, 10 Count 1.7 Oz",SNYDER'S-LANCE INC.,Biscuits/Cookies,US,076410906287,00076410906287,0,48,479,GROCERY,2026-07-23,2026-06-29,,UNKNOWN,https://fdc.nal.usda.gov/fdc-app.html#/food-details/2771234/nutrients
USDA-FDC-2771235,"Lance Sandwich Cookies, Nekot Fudge, 10 Individually Wrapped Packs, 6 Sandwiches Each",SNYDER'S-LANCE INC.,Biscuits/Cookies,US,076410906324,00076410906324,0,48,479,GROCERY,2026-07-23,2026-06-29,,UNKNOWN,https://fdc.nal.usda.gov/fdc-app.html#/food-details/2771235/nutrients
USDA-FDC-2771309,"Stella D'oro Cookies, Margherite Cookies, 12 Oz",SNYDER'S-LANCE INC.,Biscuits/Cookies,US,073510003670,00073510003670,0,29,414,GROCERY,2026-07-23,2026-06-29,,UNKNOWN,https://fdc.nal.usda.gov/fdc-app.html#/food-details/2771309/nutrients
USDA-FDC-2771310,"Stella D'oro Almond Toast Crunchy Coffee Treats Cookies, 6.6 Oz",SNYDER'S-LANCE INC.,Biscuits/Cookies,US,073510008637,00073510008637,0,31,323,GROCERY,2026-07-23,2026-06-29,,UNKNOWN,https://fdc.nal.usda.gov/fdc-app.html#/food-details/2771310/nutrients
USDA-FDC-2771311,"Stella D'oro Cookies, Anisette Sponge Cookies Coffee Treats, 6.1 Oz",SNYDER'S-LANCE INC.,Biscuits/Cookies,US,073510008651,00073510008651,0,29,345,GROCERY,2026-07-23,2026-06-29,,UNKNOWN,https://fdc.nal.usda.gov/fdc-app.html#/food-details/2771311/nutrients
USDA-FDC-2771312,"Stella D'oro Cookies, Anisette Toast Coffee Treats, 5.7 Oz",SNYDER'S-LANCE INC.,Biscuits/Cookies,US,073510008675,00073510008675,0,27,370,GROCERY,2026-07-23,2026-06-29,,UNKNOWN,https://fdc.nal.usda.gov/fdc-app.html#/food-details/2771312/nutrients
USDA-FDC-2771313,"Stella D'oro Breadsticks, Original, 6 Oz",SNYDER'S-LANCE INC.,Biscuits/Cookies,US,073510800026,00073510800026,0,10,400,GROCERY,2026-07-23,2026-06-29,,UNKNOWN,https://fdc.nal.usda.gov/fdc-app.html#/food-details/2771313/nutrients
USDA-FDC-2771314,"Stella D'oro Sesame Breadsticks, 6 Oz",SNYDER'S-LANCE INC.,Biscuits/Cookies,US,073510800033,00073510800033,0,10,400,GROCERY,2026-07-23,2026-06-29,,UNKNOWN,https://fdc.nal.usda.gov/fdc-app.html#/food-details/2771314/nutrients
USDA-FDC-2771315,"Stella D'oro Cookies, Lady Stella Assorted Cookies, 10 Oz",SNYDER'S-LANCE INC.,Biscuits/Cookies,US,073510800163,00073510800163,0,26,462,GROCERY,2026-07-23,2026-06-29,,UNKNOWN,https://fdc.nal.usda.gov/fdc-app.html#/food-details/2771315/nutrients
USDA-FDC-2771330,"Stella D'oro Cookies, Margherite Combination Chocolate & Vanilla Cookies, 12 Oz",SNYDER'S-LANCE INC.,Biscuits/Cookies,US,073510003595,00073510003595,0,29,414,GROCERY,2026-07-23,2026-06-29,,UNKNOWN,https://fdc.nal.usda.gov/fdc-app.html#/food-details/2771330/nutrients
USDA-FDC-2771332,"Stella D'oro Cookies, Roman Egg Biscuits, 12 Oz",SNYDER'S-LANCE INC.,Biscuits/Cookies,US,073510002697,00073510002697,0,31,419,GROCERY,2026-07-23,2026-06-29,,UNKNOWN,https://fdc.nal.usda.gov/fdc-app.html#/food-details/2771332/nutrients
USDA-FDC-2771333,"Stella D'oro Cookies, Swiss Fudge, 8 Oz",SNYDER'S-LANCE INC.,Biscuits/Cookies,US,073510002499,00073510002499,0,34,500,GROCERY,2026-07-23,2026-06-29,,UNKNOWN,https://fdc.nal.usda.gov/fdc-app.html#/food-details/2771333/nutrients
USDA-FDC-2771346,DIGIORNO Thin and Crispy Stuffed Crust Frozen Pizza Margherita 21oz Box,Société des Produits Nestlé S.A.,Savoury Bakery Products,US,071921784744,00071921784744,0,148,223,GROCERY,2026-07-23,2026-06-15,,UNKNOWN,https://fdc.nal.usda.gov/fdc-app.html#/food-details/2771346/nutrients
USDA-FDC-2771353,"Stella D'oro Cookies Original Breakfast Treats, 9 Oz",SNYDER'S-LANCE INC.,Biscuits/Cookies,US,073510001959,00073510001959,0,21,381,GROCERY,2026-07-23,2026-06-29,,UNKNOWN,https://fdc.nal.usda.gov/fdc-app.html#/food-details/2771353/nutrients
USDA-FDC-2771354,"Stella D'oro Cookies, Angelica Goodies, 10 Oz",SNYDER'S-LANCE INC.,Biscuits/Cookies,US,073510002291,00073510002291,0,22,409,GROCERY,2026-07-23,2026-06-29,,UNKNOWN,https://fdc.nal.usda.gov/fdc-app.html#/food-details/2771354/nutrients
USDA-FDC-2771355,"Stella D'oro Cookies, Almond Delight, 9 Oz",SNYDER'S-LANCE INC.,Biscuits/Cookies,US,073510002567,00073510002567,0,28,500,GROCERY,2026-07-23,2026-06-29,,UNKNOWN,https://fdc.nal.usda.gov/fdc-app.html#/food-details/2771355/nutrients
USDA-FDC-2771358,"Snyder's of Hanover Pretzels, Braided Pretzel Twists Honey Wheat, 12 Oz",SNYDER'S-LANCE INC.,Snacks,US,077975010167,00077975010167,0,28,393,GROCERY,2026-07-23,2026-06-29,,UNKNOWN,https://fdc.nal.usda.gov/fdc-app.html#/food-details/2771358/nutrients
USDA-FDC-2771389,"Snyder's of Hanover Holiday Pretzel Rounds with Creme Coating Pretzel Rounds, 5 Oz Bag",SNYDER'S-LANCE INC.,Snacks,US,077975096369,00077975096369,0,28,429,GROCERY,2026-07-23,2026-06-29,,UNKNOWN,https://fdc.nal.usda.gov/fdc-app.html#/food-details/2771389/nutrients
USDA-FDC-2771390,"Snyder's of Hanover Valentine's Day Mini Pretzels, 15 Oz Box",SNYDER'S-LANCE INC.,Snacks,US,077975096390,00077975096390,0,14,429,GROCERY,2026-07-23,2026-06-29,,UNKNOWN,https://fdc.nal.usda.gov/fdc-app.html#/food-details/2771390/nutrients
USDA-FDC-2771392,"Snyder's of Hanover Gluten Free Snaps Pretzels, 8 Oz Bag",SNYDER'S-LANCE INC.,Snacks,US,077975096932,00077975096932,0,28,357,GROCERY,2026-07-23,2026-06-30,,UNKNOWN,https://fdc.nal.usda.gov/fdc-app.html#/food-details/2771392/nutrients
USDA-FDC-2771394,"Snyder's of Hanover Harvest Wheat Pretzels Sticks, 8 Oz Bag",SNYDER'S-LANCE INC.,Snacks,US,077975097045,00077975097045,0,28,393,GROCERY,2026-07-23,2026-06-29,,UNKNOWN,https://fdc.nal.usda.gov/fdc-app.html#/food-details/2771394/nutrients
USDA-FDC-2771395,"Snyder's of Hanover Honey Oat & Flax Pretzel Sticks, 8 Oz Bag",SNYDER'S-LANCE INC.,Snacks,US,077975097069,00077975097069,0,28,393,GROCERY,2026-07-23,2026-06-29,,UNKNOWN,https://fdc.nal.usda.gov/fdc-app.html#/food-details/2771395/nutrients
USDA-FDC-2771396,"Snyder's of Hanover Back to School Mini Pretzels, 30 Count 0.5 Oz",SNYDER'S-LANCE INC.,Snacks,US,077975097359,00077975097359,0,14,429,GROCERY,2026-07-23,2026-06-29,,UNKNOWN,https://fdc.nal.usda.gov/fdc-app.html#/food-details/2771396/nutrients
USDA-FDC-2771397,"Snyder's of Hanover Pretzels, Milk Chocolate Covered Pretzels, 6 Oz",SNYDER'S-LANCE INC.,Snacks,US,077975099896,00077975099896,0,28,500,GROCERY,2026-07-23,2026-06-29,,UNKNOWN,https://fdc.nal.usda.gov/fdc-app.html#/food-details/2771397/nutrients
USDA-FDC-2771406,"Snyder's of Hanover Pretzel Pieces, Jalapeno, 5 oz",SNYDER'S-LANCE INC.,Snacks,US,077975095607,00077975095607,0,28,464,GROCERY,2026-07-23,2026-06-29,,UNKNOWN,https://fdc.nal.usda.gov/fdc-app.html#/food-details/2771406/nutrients
USDA-FDC-2771429,"Kettle Brand Potato Chips, Salt & Vinegar Kettle Chips, 5 Oz",SNYDER'S-LANCE INC.,Snacks,US,084114009968,00084114009968,0,28,500,GROCERY,2026-07-23,2026-06-30,,UNKNOWN,https://fdc.nal.usda.gov/fdc-app.html#/food-details/2771429/nutrients
USDA-FDC-2771456,"Snyder's of Hanover Cheddar Cheese Flavored Pretzel Pieces, 5 Oz",SNYDER'S-LANCE INC.,Snacks,US,077975095591,00077975095591,0,28,500,GROCERY,2026-07-23,2026-06-29,,UNKNOWN,https://fdc.nal.usda.gov/fdc-app.html#/food-details/2771456/nutrients
USDA-FDC-2771458,"Snyder's of Hanover Pretzel Pieces, Honey Mustard and Onion, 1 Oz Snack Packs, 20 Ct",SNYDER'S-LANCE INC.,Snacks,US,077975095577,00077975095577,0,28,500,GROCERY,2026-07-23,2026-06-29,,UNKNOWN,https://fdc.nal.usda.gov/fdc-app.html#/food-details/2771458/nutrients
USDA-FDC-2771459,"Snyder's of Hanover Olde Tyme Pretzels, 16 Oz Bag",SNYDER'S-LANCE INC.,Snacks,US,077975080054,00077975080054,0,28,393,GROCERY,2026-07-23,2026-06-29,,UNKNOWN,https://fdc.nal.usda.gov/fdc-app.html#/food-details/2771459/nutrients
USDA-FDC-2771460,"Snyder's of Hanover Mini Pretzels, 16 Oz Bag",SNYDER'S-LANCE INC.,Snacks,US,077975080061,00077975080061,0,28,393,GROCERY,2026-07-23,2026-06-29,,UNKNOWN,https://fdc.nal.usda.gov/fdc-app.html#/food-details/2771460/nutrients
USDA-FDC-2771461,"Snyder's of Hanover Snaps Pretzels, 16 Oz Bag",SNYDER'S-LANCE INC.,Snacks,US,077975080078,00077975080078,0,28,393,GROCERY,2026-07-23,2026-06-29,,UNKNOWN,https://fdc.nal.usda.gov/fdc-app.html#/food-details/2771461/nutrients
USDA-FDC-2771463,"Snyder's of Hanover Sticks Pretzels, 16 Oz Bag",SNYDER'S-LANCE INC.,Snacks,US,077975080092,00077975080092,0,28,393,GROCERY,2026-07-23,2026-06-29,,UNKNOWN,https://fdc.nal.usda.gov/fdc-app.html#/food-details/2771463/nutrients
USDA-FDC-2771464,"Snyder's of Hanover Hot Buffalo Wing Flavored Pretzel Pieces, 2.25 Oz",SNYDER'S-LANCE INC.,Snacks,US,077975081099,00077975081099,0,28,464,GROCERY,2026-07-23,2026-06-29,,UNKNOWN,https://fdc.nal.usda.gov/fdc-app.html#/food-details/2771464/nutrients
USDA-FDC-2771465,"Snyder's of Hanover Jalapeno Flavored Pretzel Pieces, 2.25 Oz",SNYDER'S-LANCE INC.,Snacks,US,077975081105,00077975081105,0,28,464,GROCERY,2026-07-23,2026-06-29,,UNKNOWN,https://fdc.nal.usda.gov/fdc-app.html#/food-details/2771465/nutrients
USDA-FDC-2771466,"Snyder's of Hanover Honey Mustard & Onion Flavored Pretzel Pieces, 2.25 Oz",SNYDER'S-LANCE INC.,Snacks,US,077975081112,00077975081112,0,28,500,GROCERY,2026-07-23,2026-06-29,,UNKNOWN,https://fdc.nal.usda.gov/fdc-app.html#/food-details/2771466/nutrients
USDA-FDC-2771467,"Snyder's of Hanover Pretzel Sandwiches, Cheddar Cheese, Snack Packs, 30 Ct",SNYDER'S-LANCE INC.,Snacks,US,077975081488,00077975081488,0,28,500,GROCERY,2026-07-23,2026-06-29,,UNKNOWN,https://fdc.nal.usda.gov/fdc-app.html#/food-details/2771467/nutrients
USDA-FDC-2771468,"Snyder's of Hanover Mini Pretzels, 100 Calorie Individual Pack",SNYDER'S-LANCE INC.,Snacks,US,077975082102,00077975082102,0,26,385,GROCERY,2026-07-23,2026-06-29,,UNKNOWN,https://fdc.nal.usda.gov/fdc-app.html#/food-details/2771468/nutrients
USDA-FDC-2771469,"Snyder's of Hanover Pretzels, Dips Dark Chocolate Covered Pretzels, 6 Oz",SNYDER'S-LANCE INC.,Snacks,US,077975082478,00077975082478,0,28,464,GROCERY,2026-07-23,2026-06-29,,UNKNOWN,https://fdc.nal.usda.gov/fdc-app.html#/food-details/2771469/nutrients
USDA-FDC-2771470,"Snyder's of Hanover Cheddar Cheese Flavored Pretzel Pieces, 2.25 Oz",SNYDER'S-LANCE INC.,Snacks,US,077975082607,00077975082607,0,28,500,GROCERY,2026-07-23,2026-06-29,,UNKNOWN,https://fdc.nal.usda.gov/fdc-app.html#/food-details/2771470/nutrients
USDA-FDC-2771471,"Eatsmart Snacks Veggie Crisps with Sea Salt, 6 Oz Bag",SNYDER'S-LANCE INC.,Snacks,US,077975085219,00077975085219,0,28,464,GROCERY,2026-07-23,2026-06-29,,UNKNOWN,https://fdc.nal.usda.gov/fdc-app.html#/food-details/2771471/nutrients
USDA-FDC-2771472,"Snyder's of Hanover Honey Mustard & Onion Flavored Pretzel Pieces, 8 Oz",SNYDER'S-LANCE INC.,Snacks,US,077975086162,00077975086162,0,28,500,GROCERY,2026-07-23,2026-06-29,,UNKNOWN,https://fdc.nal.usda.gov/fdc-app.html#/food-details/2771472/nutrients
USDA-FDC-2771473,"Snyder's of Hanover Hot Buffalo Wing Flavored Pretzel Pieces, 8 Oz Bag",SNYDER'S-LANCE INC.,Snacks,US,077975086179,00077975086179,0,28,464,GROCERY,2026-07-23,2026-06-29,,UNKNOWN,https://fdc.nal.usda.gov/fdc-app.html#/food-details/2771473/nutrients
USDA-FDC-2771475,"Snyder's of Hanover Gluten Free Pretzel Sticks, 8 Oz Bag",SNYDER'S-LANCE INC.,Snacks,US,077975087312,00077975087312,0,28,429,GROCERY,2026-07-23,2026-06-29,,UNKNOWN,https://fdc.nal.usda.gov/fdc-app.html#/food-details/2771475/nutrients
USDA-FDC-2771477,"Snyder's of Hanover Gluten Free Pretzel Sticks, 100 Calorie Individual Packs, 8 Ct",SNYDER'S-LANCE INC.,Snacks,US,077975088074,00077975088074,0,25,400,GROCERY,2026-07-23,2026-06-29,,UNKNOWN,https://fdc.nal.usda.gov/fdc-app.html#/food-details/2771477/nutrients
USDA-FDC-2771478,"Snyder's of Hanover Pretzel Pieces, Cheddar Cheese, 8 oz",SNYDER'S-LANCE INC.,Snacks,US,077975088760,00077975088760,0,28,500,GROCERY,2026-07-23,2026-06-29,,UNKNOWN,https://fdc.nal.usda.gov/fdc-app.html#/food-details/2771478/nutrients
USDA-FDC-2771479,"Snyder's of Hanover, Gluten Free Mini Pretzels, 8 Oz Bag",SNYDER'S-LANCE INC.,Snacks,US,077975089156,00077975089156,0,28,393,GROCERY,2026-07-23,2026-06-29,,UNKNOWN,https://fdc.nal.usda.gov/fdc-app.html#/food-details/2771479/nutrients
USDA-FDC-2771480,"Snyder's of Hanover Sourdough Nibblers Pretzels, 16 Oz",SNYDER'S-LANCE INC.,Snacks,US,077975080047,00077975080047,0,28,393,GROCERY,2026-07-23,2026-06-29,,UNKNOWN,https://fdc.nal.usda.gov/fdc-app.html#/food-details/2771480/nutrients
USDA-FDC-2771482,"Snyder's of Hanover Sourdough Hard Pretzels, 16 Oz Bag",SNYDER'S-LANCE INC.,Snacks,US,077975080030,00077975080030,0,28,393,GROCERY,2026-07-23,2026-06-29,,UNKNOWN,https://fdc.nal.usda.gov/fdc-app.html#/food-details/2771482/nutrients
USDA-FDC-2771483,"Snyder's of Hanover Pretzels, Mini Pretzels, 9 Oz",SNYDER'S-LANCE INC.,Snacks,US,077975034101,00077975034101,0,28,393,GROCERY,2026-07-23,2026-06-29,,UNKNOWN,https://fdc.nal.usda.gov/fdc-app.html#/food-details/2771483/nutrients
USDA-FDC-2771484,"Snyder's of Hanover Butter Snaps Pretzels, 9 Oz Bag",SNYDER'S-LANCE INC.,Snacks,US,077975020036,00077975020036,0,28,393,GROCERY,2026-07-23,2026-06-29,,UNKNOWN,https://fdc.nal.usda.gov/fdc-app.html#/food-details/2771484/nutrients
USDA-FDC-2771485,SNYDERS OF HANOVER PRETZELS REGULAR,SNYDER'S-LANCE INC.,Snacks,US,077975022047,00077975022047,0,14,429,GROCERY,2026-07-23,2026-06-24,,UNKNOWN,https://fdc.nal.usda.gov/fdc-app.html#/food-details/2771485/nutrients
USDA-FDC-2771486,"Snyder's of Hanover, Mini Pretzels, Snack Pack 1.5 Oz",SNYDER'S-LANCE INC.,Snacks,US,077975022177,00077975022177,0,42,405,GROCERY,2026-07-23,2026-06-29,,UNKNOWN,https://fdc.nal.usda.gov/fdc-app.html#/food-details/2771486/nutrients
USDA-FDC-2771487,"Snyder's of Hanover, Olde Tyme Pretzels, 1.58 Oz Snack Pack",SNYDER'S-LANCE INC.,Snacks,US,077975022184,00077975022184,0,44,409,GROCERY,2026-07-23,2026-06-29,,UNKNOWN,https://fdc.nal.usda.gov/fdc-app.html#/food-details/2771487/nutrients
USDA-FDC-2771488,"Snyder's of Hanover Original Pretzels, 1.5 Oz Bag",SNYDER'S-LANCE INC.,Snacks,US,077975022191,00077975022191,0,42,381,GROCERY,2026-07-23,2026-06-29,,UNKNOWN,https://fdc.nal.usda.gov/fdc-app.html#/food-details/2771488/nutrients
USDA-FDC-2771489,"Snyder's of Hanover Sourdough Nibblers Pretzels, 1.5 Oz Bag",SNYDER'S-LANCE INC.,Snacks,US,077975022214,00077975022214,0,42,405,GROCERY,2026-07-23,2026-06-29,,UNKNOWN,https://fdc.nal.usda.gov/fdc-app.html#/food-details/2771489/nutrients
USDA-FDC-2771490,"Snyder's of Hanover Mini Pretzels, 3.5 Oz",SNYDER'S-LANCE INC.,Snacks,US,077975022313,00077975022313,0,28,393,GROCERY,2026-07-23,2026-06-29,,UNKNOWN,https://fdc.nal.usda.gov/fdc-app.html#/food-details/2771490/nutrients
USDA-FDC-2771491,"Snyder's of Hanover, Pretzel Rods, 10 Oz Bag",SNYDER'S-LANCE INC.,Snacks,US,077975022481,00077975022481,0,28,393,GROCERY,2026-07-23,2026-06-30,,UNKNOWN,https://fdc.nal.usda.gov/fdc-app.html#/food-details/2771491/nutrients
USDA-FDC-2771492,"Snyder's of Hanover Pretzels, Mini Pretzels, 10 Oz",SNYDER'S-LANCE INC.,Snacks,US,077975022658,00077975022658,0,28,393,GROCERY,2026-07-23,2026-06-29,,UNKNOWN,https://fdc.nal.usda.gov/fdc-app.html#/food-details/2771492/nutrients
USDA-FDC-2771494,"Snyder's of Hanover Sourdough Nibblers Pretzels, 3.5 Oz",SNYDER'S-LANCE INC.,Snacks,US,077975025871,00077975025871,0,28,393,GROCERY,2026-07-23,2026-06-29,,UNKNOWN,https://fdc.nal.usda.gov/fdc-app.html#/food-details/2771494/nutrients
USDA-FDC-2771495,"Snyder's of Hanover Sourdough Nibblers Pretzels, 2.25 Oz Bag",SNYDER'S-LANCE INC.,Snacks,US,077975027103,00077975027103,0,28,393,GROCERY,2026-07-23,2026-06-29,,UNKNOWN,https://fdc.nal.usda.gov/fdc-app.html#/food-details/2771495/nutrients
USDA-FDC-2771496,"Snyder's of Hanover Mini Pretzels, 2.25 Oz Bag",SNYDER'S-LANCE INC.,Snacks,US,077975027981,00077975027981,0,28,393,GROCERY,2026-07-23,2026-06-29,,UNKNOWN,https://fdc.nal.usda.gov/fdc-app.html#/food-details/2771496/nutrients
USDA-FDC-2771497,"Eatsmart Snacks, Veggie Crisps with Sea Salt, 1.25 Oz",SNYDER'S-LANCE INC.,Snacks,US,077975028049,00077975028049,0,35,457,GROCERY,2026-07-23,2026-06-29,,UNKNOWN,https://fdc.nal.usda.gov/fdc-app.html#/food-details/2771497/nutrients
USDA-FDC-2771499,"Snyder's of Hanover Dipping Sticks Pretzels, 12 Oz Bag",SNYDER'S-LANCE INC.,Snacks,US,077975034033,00077975034033,0,28,393,GROCERY,2026-07-23,2026-06-29,,UNKNOWN,https://fdc.nal.usda.gov/fdc-app.html#/food-details/2771499/nutrients
USDA-FDC-2771500,"Snyder's of Hanover Unsalted Mini Pretzels, 12 Oz Bag",SNYDER'S-LANCE INC.,Snacks,US,077975034040,00077975034040,0,28,393,GROCERY,2026-07-23,2026-06-29,,UNKNOWN,https://fdc.nal.usda.gov/fdc-app.html#/food-details/2771500/nutrients
USDA-FDC-2771502,"Snyder's of Hanover Pretzel Rods, 12 Oz Bag",SNYDER'S-LANCE INC.,Snacks,US,077975034064,00077975034064,0,28,393,GROCERY,2026-07-23,2026-06-29,,UNKNOWN,https://fdc.nal.usda.gov/fdc-app.html#/food-details/2771502/nutrients
USDA-FDC-2771503,"Snyder's of Hanover Pretzels, Sourdough Nibblers, 9 Oz",SNYDER'S-LANCE INC.,Snacks,US,077975034071,00077975034071,0,28,393,GROCERY,2026-07-23,2026-06-29,,UNKNOWN,https://fdc.nal.usda.gov/fdc-app.html#/food-details/2771503/nutrients
USDA-FDC-2771504,"Snyder's of Hanover Pretzel Sticks, 9 Oz",SNYDER'S-LANCE INC.,Snacks,US,077975034095,00077975034095,0,28,393,GROCERY,2026-07-23,2026-06-30,,UNKNOWN,https://fdc.nal.usda.gov/fdc-app.html#/food-details/2771504/nutrients
USDA-FDC-2771506,"Snyder's of Hanover Pretzel Pieces, Peanut Butter Filled, 10 Oz",SNYDER'S-LANCE INC.,Snacks,US,077975092088,00077975092088,0,28,464,GROCERY,2026-07-23,2026-06-29,,UNKNOWN,https://fdc.nal.usda.gov/fdc-app.html#/food-details/2771506/nutrients
USDA-FDC-2771507,"Snyder's of Hanover Pretzels, Thins, 3.5 Oz Bag",SNYDER'S-LANCE INC.,Snacks,US,077975092675,00077975092675,0,28,393,GROCERY,2026-07-23,2026-06-29,,UNKNOWN,https://fdc.nal.usda.gov/fdc-app.html#/food-details/2771507/nutrients
USDA-FDC-2771508,"Snyder's of Hanover Jalapeno Flavored Pretzel Pieces, 8 Oz",SNYDER'S-LANCE INC.,Snacks,US,077975092682,00077975092682,0,28,464,GROCERY,2026-07-23,2026-06-29,,UNKNOWN,https://fdc.nal.usda.gov/fdc-app.html#/food-details/2771508/nutrients
USDA-FDC-2771509,"Snyder's of Hanover Mini Pretzels, 30 Oz Canister",SNYDER'S-LANCE INC.,Snacks,US,077975094501,00077975094501,0,28,393,GROCERY,2026-07-23,2026-06-29,,UNKNOWN,https://fdc.nal.usda.gov/fdc-app.html#/food-details/2771509/nutrients
USDA-FDC-2771510,"Snyder's of Hanover Mini Pretzels, 40 Oz Canister",SNYDER'S-LANCE INC.,Snacks,US,077975094518,00077975094518,0,28,393,GROCERY,2026-07-23,2026-06-29,,UNKNOWN,https://fdc.nal.usda.gov/fdc-app.html#/food-details/2771510/nutrients
USDA-FDC-2771511,"Snyder's of Hanover Snaps Pretzels, 46 Oz Canister",SNYDER'S-LANCE INC.,Snacks,US,077975094556,00077975094556,0,28,393,GROCERY,2026-07-23,2026-06-29,,UNKNOWN,https://fdc.nal.usda.gov/fdc-app.html#/food-details/2771511/nutrients
USDA-FDC-2771512,"Snyder's of Hanover Honey Mustard & Onion Flavored Pretzel Pieces, 18 Oz Bag",SNYDER'S-LANCE INC.,Snacks,US,077975094686,00077975094686,0,28,500,GROCERY,2026-07-23,2026-06-29,,UNKNOWN,https://fdc.nal.usda.gov/fdc-app.html#/food-details/2771512/nutrients
USDA-FDC-2771513,"Snyder's of Hanover Hot Buffalo Wing Flavored Pretzel Pieces, 18 Oz Bag",SNYDER'S-LANCE INC.,Snacks,US,077975094693,00077975094693,0,28,464,GROCERY,2026-07-23,2026-06-29,,UNKNOWN,https://fdc.nal.usda.gov/fdc-app.html#/food-details/2771513/nutrients
USDA-FDC-2771515,"Snyder's of Hanover Jalapeno Ranch Flavored Twisted Pretzel Sticks, 12 Oz Bag",SNYDER'S-LANCE INC.,Snacks,US,077975094808,00077975094808,0,28,464,GROCERY,2026-07-23,2026-06-29,,UNKNOWN,https://fdc.nal.usda.gov/fdc-app.html#/food-details/2771515/nutrients
USDA-FDC-2771516,"Snyder's of Hanover, Sour Cream & Onion Twisted Pretzel Sticks, 12 Oz Bag",SNYDER'S-LANCE INC.,Snacks,US,077975094877,00077975094877,0,28,464,GROCERY,2026-07-23,2026-06-29,,UNKNOWN,https://fdc.nal.usda.gov/fdc-app.html#/food-details/2771516/nutrients
USDA-FDC-2771517,"Snyder's of Hanover, Nacho Cheese Twisted Pretzel Sticks, 12 Oz",SNYDER'S-LANCE INC.,Snacks,US,077975095072,00077975095072,0,28,429,GROCERY,2026-07-23,2026-06-29,,UNKNOWN,https://fdc.nal.usda.gov/fdc-app.html#/food-details/2771517/nutrients
USDA-FDC-2771518,"Snyder's of Hanover Honey Mustard & Onion Flavored Pretzel Pieces, 11.25 Oz Bag",SNYDER'S-LANCE INC.,Snacks,US,077975095126,00077975095126,0,28,500,GROCERY,2026-07-23,2026-06-29,,UNKNOWN,https://fdc.nal.usda.gov/fdc-app.html#/food-details/2771518/nutrients
USDA-FDC-2771519,"Snyder's of Hanover Hot Buffalo Wing Flavored Pretzel Pieces, 11.25 Oz Bag",SNYDER'S-LANCE INC.,Snacks,US,077975095133,00077975095133,0,28,464,GROCERY,2026-07-23,2026-06-29,,UNKNOWN,https://fdc.nal.usda.gov/fdc-app.html#/food-details/2771519/nutrients
USDA-FDC-2771520,"Snyder's of Hanover Cheddar Cheese Flavored Pretzel Pieces, 11.25 Oz Bag",SNYDER'S-LANCE INC.,Snacks,US,077975095140,00077975095140,0,28,500,GROCERY,2026-07-23,2026-06-29,,UNKNOWN,https://fdc.nal.usda.gov/fdc-app.html#/food-details/2771520/nutrients
USDA-FDC-2771521,"Snyder's of Hanover Jalapeno Flavored Pretzel Pieces, 11.25 Oz Bag",SNYDER'S-LANCE INC.,Snacks,US,077975095157,00077975095157,0,28,500,GROCERY,2026-07-23,2026-06-29,,UNKNOWN,https://fdc.nal.usda.gov/fdc-app.html#/food-details/2771521/nutrients
USDA-FDC-2771522,"Snyder's of Hanover Parmesan Garlic Flavored Pretzel Pieces, 11.25 Oz Bag",SNYDER'S-LANCE INC.,Snacks,US,077975095164,00077975095164,0,28,500,GROCERY,2026-07-23,2026-06-29,,UNKNOWN,https://fdc.nal.usda.gov/fdc-app.html#/food-details/2771522/nutrients
USDA-FDC-2771523,"Snyder's of Hanover Buttermilk Ranch Flavored Pretzel Pieces, 11.25 Oz",SNYDER'S-LANCE INC.,Snacks,US,077975095171,00077975095171,0,28,500,GROCERY,2026-07-23,2026-06-29,,UNKNOWN,https://fdc.nal.usda.gov/fdc-app.html#/food-details/2771523/nutrients
USDA-FDC-2771524,"Snyder's of Hanover, Seasoned Twisted Pretzel Sticks, 2.25 Oz Bag",SNYDER'S-LANCE INC.,Dough Based Products / Meals,US,077975095331,00077975095331,0,28,429,GROCERY,2026-07-23,2026-06-29,,UNKNOWN,https://fdc.nal.usda.gov/fdc-app.html#/food-details/2771524/nutrients
USDA-FDC-2771525,"Snyder's of Hanover Hot Buffalo Wing Flavored Pretzel Pieces, 3.5 Oz Bag",SNYDER'S-LANCE INC.,Snacks,US,077975095379,00077975095379,0,28,464,GROCERY,2026-07-23,2026-06-29,,UNKNOWN,https://fdc.nal.usda.gov/fdc-app.html#/food-details/2771525/nutrients
USDA-FDC-2771526,"Snyder's of Hanover, Seasoned Twisted Pretzel Sticks, 18 Oz Party Size Bag",SNYDER'S-LANCE INC.,Snacks,US,077975095416,00077975095416,0,28,429,GROCERY,2026-07-23,2026-06-29,,UNKNOWN,https://fdc.nal.usda.gov/fdc-app.html#/food-details/2771526/nutrients
USDA-FDC-2771528,"Snyder's of Hanover Mini Pretzels, 10 Count 0.92 Oz",SNYDER'S-LANCE INC.,Snacks,US,077975095539,00077975095539,0,26,385,GROCERY,2026-07-23,2026-06-29,,UNKNOWN,https://fdc.nal.usda.gov/fdc-app.html#/food-details/2771528/nutrients
USDA-FDC-2771529,"Snyder's of Hanover Snaps Pretzels, 10 Count 0.92 Oz",SNYDER'S-LANCE INC.,Snacks,US,077975095546,00077975095546,0,26,385,GROCERY,2026-07-23,2026-06-29,,UNKNOWN,https://fdc.nal.usda.gov/fdc-app.html#/food-details/2771529/nutrients
USDA-FDC-2771530,"Snyder's of Hanover, Pretzel Dipping Sticks, 24 Oz Canister",SNYDER'S-LANCE INC.,Snacks,US,077975094495,00077975094495,0,28,393,GROCERY,2026-07-23,2026-06-29,,UNKNOWN,https://fdc.nal.usda.gov/fdc-app.html#/food-details/2771530/nutrients
USDA-FDC-2771531,"Snyder's of Hanover Snaps Pretzels, 24 Oz Canister",SNYDER'S-LANCE INC.,Snacks,US,077975094488,00077975094488,0,28,393,GROCERY,2026-07-23,2026-06-29,,UNKNOWN,https://fdc.nal.usda.gov/fdc-app.html#/food-details/2771531/nutrients
USDA-FDC-2771532,"Snyder's of Hanover, Seasoned Twisted Pretzel Sticks, 5 Oz Bag",SNYDER'S-LANCE INC.,Snacks,US,077975094372,00077975094372,0,28,429,GROCERY,2026-07-23,2026-06-29,,UNKNOWN,https://fdc.nal.usda.gov/fdc-app.html#/food-details/2771532/nutrients
USDA-FDC-2771533,"Snyder's of Hanover, Seasoned Twisted Pretzel Sticks, 12 Oz Bag",SNYDER'S-LANCE INC.,Snacks,US,077975094341,00077975094341,0,28,429,GROCERY,2026-07-23,2026-06-29,,UNKNOWN,https://fdc.nal.usda.gov/fdc-app.html#/food-details/2771533/nutrients
USDA-FDC-2771534,"Snyder's of Hanover, Itty Bitty Minis Pretzels, 12 Oz Bag",SNYDER'S-LANCE INC.,Snacks,US,077975092712,00077975092712,0,28,393,GROCERY,2026-07-23,2026-06-29,,UNKNOWN,https://fdc.nal.usda.gov/fdc-app.html#/food-details/2771534/nutrients
USDA-FDC-2771536,"Snyder's of Hanover Mini Pretzels, 17 Oz",SNYDER'S-LANCE INC.,Snacks,US,077975093122,00077975093122,0,28,393,GROCERY,2026-07-23,2026-06-29,,UNKNOWN,https://fdc.nal.usda.gov/fdc-app.html#/food-details/2771536/nutrients
USDA-FDC-2771537,"Snyder's of Hanover Pretzel Sticks, 17 Oz",SNYDER'S-LANCE INC.,Snacks,US,077975093139,00077975093139,0,28,393,GROCERY,2026-07-23,2026-06-29,,UNKNOWN,https://fdc.nal.usda.gov/fdc-app.html#/food-details/2771537/nutrients
USDA-FDC-2771538,"Snyder's of Hanover Honey Mustard and Onion Pretzel Pieces, 13 Oz Bag",SNYDER'S-LANCE INC.,Snacks,US,077975093146,00077975093146,0,28,500,GROCERY,2026-07-23,2026-06-29,,UNKNOWN,https://fdc.nal.usda.gov/fdc-app.html#/food-details/2771538/nutrients
USDA-FDC-2771539,"Snyder's of Hanover Snaps Pretzels, 32 Oz Bag",SNYDER'S-LANCE INC.,Snacks,US,077975093375,00077975093375,0,28,393,GROCERY,2026-07-23,2026-06-29,,UNKNOWN,https://fdc.nal.usda.gov/fdc-app.html#/food-details/2771539/nutrients
USDA-FDC-2771540,"Snyder's of Hanover Homestyle Pretzel Rings Pretzels, 12 Oz Bag",SNYDER'S-LANCE INC.,Snacks,US,077975093467,00077975093467,0,28,429,GROCERY,2026-07-23,2026-06-29,,UNKNOWN,https://fdc.nal.usda.gov/fdc-app.html#/food-details/2771540/nutrients
USDA-FDC-2771541,"Snyder's of Hanover Gluten Free Pretzel Pieces, Hot Buffalo Wing, 7 Oz",SNYDER'S-LANCE INC.,Snacks,US,077975093726,00077975093726,0,28,500,GROCERY,2026-07-23,2026-06-29,,UNKNOWN,https://fdc.nal.usda.gov/fdc-app.html#/food-details/2771541/nutrients
USDA-FDC-2771542,"Snyder's of Hanover Honey Mustard and Onion Gluten Free Pretzel Sticks, 7 Oz Bag",SNYDER'S-LANCE INC.,Snacks,US,077975093740,00077975093740,0,28,464,GROCERY,2026-07-23,2026-06-29,,UNKNOWN,https://fdc.nal.usda.gov/fdc-app.html#/food-details/2771542/nutrients
USDA-FDC-2771543,"Snyder's of Hanover Pretzel Pieces, Cheddar Cheese, 3.25 oz",SNYDER'S-LANCE INC.,Snacks,US,077975093849,00077975093849,0,28,500,GROCERY,2026-07-23,2026-06-29,,UNKNOWN,https://fdc.nal.usda.gov/fdc-app.html#/food-details/2771543/nutrients
USDA-FDC-2771545,"Snyder's of Hanover Honey Mustard & Onion Flavored Pretzel Pieces, 5 Oz",SNYDER'S-LANCE INC.,Snacks,US,077975093900,00077975093900,0,28,500,GROCERY,2026-07-23,2026-06-29,,UNKNOWN,https://fdc.nal.usda.gov/fdc-app.html#/food-details/2771545/nutrients
USDA-FDC-2771547,"Snyder's of Hanover, Mini Pretzels, Lunch-Box Sized Snack Packs, 6 Pack",SNYDER'S-LANCE INC.,Snacks,US,077975093962,00077975093962,0,14,429,GROCERY,2026-07-23,2026-06-29,,UNKNOWN,https://fdc.nal.usda.gov/fdc-app.html#/food-details/2771547/nutrients
USDA-FDC-2771550,"Snyder's of Hanover Sea Salt Mini Pretzel Rounds, 12 Oz Bag",SNYDER'S-LANCE INC.,Snacks,US,077975094228,00077975094228,0,28,429,GROCERY,2026-07-23,2026-06-29,,UNKNOWN,https://fdc.nal.usda.gov/fdc-app.html#/food-details/2771550/nutrients
USDA-FDC-2771551,"Snyder's of Hanover Butter Flavored Mini Pretzel Rounds, 12 Oz Bag",SNYDER'S-LANCE INC.,Snacks,US,077975094235,00077975094235,0,28,429,GROCERY,2026-07-23,2026-06-29,,UNKNOWN,https://fdc.nal.usda.gov/fdc-app.html#/food-details/2771551/nutrients
USDA-FDC-2771552,"Snyder's of Hanover Pretzels, Rounds, Sea Salt, 3.5 Oz",SNYDER'S-LANCE INC.,Snacks,US,077975094242,00077975094242,0,28,393,GROCERY,2026-07-23,2026-06-29,,UNKNOWN,https://fdc.nal.usda.gov/fdc-app.html#/food-details/2771552/nutrients
USDA-FDC-2771553,"Snyder's of Hanover Pretzels, Butter Rounds, 3.5 Oz",SNYDER'S-LANCE INC.,Snacks,US,077975094259,00077975094259,0,28,429,GROCERY,2026-07-23,2026-06-29,,UNKNOWN,https://fdc.nal.usda.gov/fdc-app.html#/food-details/2771553/nutrients
USDA-FDC-2771554,"Snyder's of Hanover Pretzels, Milk Chocolate Pretzel Rounds, 4.5 Oz",SNYDER'S-LANCE INC.,Snacks,US,077975094266,00077975094266,0,28,500,GROCERY,2026-07-23,2026-06-29,,UNKNOWN,https://fdc.nal.usda.gov/fdc-app.html#/food-details/2771554/nutrients
USDA-FDC-2771555,"Snyder's of Hanover Pretzels, Rounds Milk Chocolate, 5 Oz",SNYDER'S-LANCE INC.,Snacks,US,077975094273,00077975094273,0,28,500,GROCERY,2026-07-23,2026-06-29,,UNKNOWN,https://fdc.nal.usda.gov/fdc-app.html#/food-details/2771555/nutrients
USDA-FDC-2771556,"Snyder's of Hanover Hot Buffalo Wing Flavored Pretzel Pieces, 5 Oz",SNYDER'S-LANCE INC.,Snacks,US,077975093917,00077975093917,0,28,464,GROCERY,2026-07-23,2026-06-29,,UNKNOWN,https://fdc.nal.usda.gov/fdc-app.html#/food-details/2771556/nutrients
USDA-FDC-2771560,"Campbell's Homestyle Italian Wedding Soup, 16.1 oz Can",CAMPBELL SOUP COMPANY,Prepared Soups,US,051000287953,00051000287953,0,245,45,GROCERY,2026-07-23,2026-06-29,,UNKNOWN,https://fdc.nal.usda.gov/fdc-app.html#/food-details/2771560/nutrients
USDA-FDC-2771561,"Campbell's Homestyle Mexican-Style Chicken Tortilla Soup, 16.1 OZ Can",CAMPBELL SOUP COMPANY,Prepared Soups,US,051000287977,00051000287977,0,245,53,GROCERY,2026-07-23,2026-06-29,,UNKNOWN,https://fdc.nal.usda.gov/fdc-app.html#/food-details/2771561/nutrients
USDA-FDC-2771562,"Campbell's Homestyle Tomato Basil Soup, 16.3 oz Can",CAMPBELL SOUP COMPANY,Prepared Soups,US,051000288004,00051000288004,0,245,53,GROCERY,2026-07-23,2026-06-29,,UNKNOWN,https://fdc.nal.usda.gov/fdc-app.html#/food-details/2771562/nutrients
USDA-FDC-2771563,"Campbell's Homestyle Chicken Noodle Soup, 16.1 OZ Can",CAMPBELL SOUP COMPANY,Prepared Soups,US,051000288028,00051000288028,0,245,33,GROCERY,2026-07-23,2026-06-29,,UNKNOWN,https://fdc.nal.usda.gov/fdc-app.html#/food-details/2771563/nutrients
USDA-FDC-2771564,"Campbell's Chunky Creamy Chicken Cajun Style Alfredo With Andouille Sausage Soup, 18.8 oz Can",CAMPBELL SOUP COMPANY,Prepared Soups,US,051000288110,00051000288110,0,245,90,GROCERY,2026-07-23,2026-06-29,,UNKNOWN,https://fdc.nal.usda.gov/fdc-app.html#/food-details/2771564/nutrients
USDA-FDC-2771566,"Campbell's Homestyle Caribbean-Style Jerk Chicken Soup, 16.1 OZ Can",CAMPBELL SOUP COMPANY,Prepared Soups,US,051000288134,00051000288134,0,245,53,GROCERY,2026-07-23,2026-06-29,,UNKNOWN,https://fdc.nal.usda.gov/fdc-app.html#/food-details/2771566/nutrients
USDA-FDC-2771568,"Campbell's Condensed Banza Chickpea Pasta and Chicken Soup, 10.75 Oz Can",CAMPBELL SOUP COMPANY,Prepared Soups,US,051000288585,00051000288585,0,126,48,GROCERY,2026-07-23,2026-06-29,,UNKNOWN,https://fdc.nal.usda.gov/fdc-app.html#/food-details/2771568/nutrients
USDA-FDC-2771569,"V8 Deliciously Green 100% Fruit and Vegetable Juice, 8 fl oz Can",CAMPBELL SOUP COMPANY,Non Alcoholic Beverages - Ready to Drink,US,051000288592,00051000288592,0,245,38,GROCERY,2026-07-23,2026-06-29,,UNKNOWN,https://fdc.nal.usda.gov/fdc-app.html#/food-details/2771569/nutrients
USDA-FDC-2771570,"V8 Strawberry Banana 100% Fruit and Vegetable Juice, 8 fl oz Can",CAMPBELL SOUP COMPANY,Non Alcoholic Beverages - Ready to Drink,US,051000288615,00051000288615,0,245,38,GROCERY,2026-07-23,2026-06-29,,UNKNOWN,https://fdc.nal.usda.gov/fdc-app.html#/food-details/2771570/nutrients
USDA-FDC-2771571,"V8 Strawberry Banana 100% Fruit and Vegetable Juice, 8 fl oz Can (6 Pack)",CAMPBELL SOUP COMPANY,Non Alcoholic Beverages - Ready to Drink,US,051000288707,00051000288707,0,245,38,GROCERY,2026-07-23,2026-06-29,,UNKNOWN,https://fdc.nal.usda.gov/fdc-app.html#/food-details/2771571/nutrients
USDA-FDC-2771572,"V8 Deliciously Green 100% Fruit and Vegetable Juice, 8 fl oz Can (6 Pack)",CAMPBELL SOUP COMPANY,Non Alcoholic Beverages - Ready to Drink,US,051000288721,00051000288721,0,245,38,GROCERY,2026-07-23,2026-06-29,,UNKNOWN,https://fdc.nal.usda.gov/fdc-app.html#/food-details/2771572/nutrients
USDA-FDC-2771575,"V8 Bloody Mary Mix, 8 fl oz Can",CAMPBELL SOUP COMPANY,Non Alcoholic Beverages - Ready to Drink,US,051000289001,00051000289001,0,243,25,GROCERY,2026-07-23,2026-06-29,,UNKNOWN,https://fdc.nal.usda.gov/fdc-app.html#/food-details/2771575/nutrients
USDA-FDC-2771576,"V8 Bloody Mary Spicy Mix, 8 fl oz Can",CAMPBELL SOUP COMPANY,Non Alcoholic Beverages - Ready to Drink,US,051000289018,00051000289018,0,243,25,GROCERY,2026-07-23,2026-06-29,,UNKNOWN,https://fdc.nal.usda.gov/fdc-app.html#/food-details/2771576/nutrients
USDA-FDC-2771577,"V8 +Energy Wild Berry Juice Energy Drink, 8 fl oz Can (6 Pack)",CAMPBELL SOUP COMPANY,Non Alcoholic Beverages - Ready to Drink,US,051000289056,00051000289056,0,241,21,GROCERY,2026-07-23,2026-06-29,,UNKNOWN,https://fdc.nal.usda.gov/fdc-app.html#/food-details/2771577/nutrients
USDA-FDC-2771579,"V8 Bloody Mary Mix, 8 fl oz Can (Pack of 6)",CAMPBELL SOUP COMPANY,Non Alcoholic Beverages - Ready to Drink,US,051000289148,00051000289148,0,243,25,GROCERY,2026-07-23,2026-06-29,,UNKNOWN,https://fdc.nal.usda.gov/fdc-app.html#/food-details/2771579/nutrients
USDA-FDC-2771580,"V8 Bloody Mary Spicy Mix, 8 fl oz Can (Pack of 6)",CAMPBELL SOUP COMPANY,Non Alcoholic Beverages - Ready to Drink,US,051000289155,00051000289155,0,243,25,GROCERY,2026-07-23,2026-06-29,,UNKNOWN,https://fdc.nal.usda.gov/fdc-app.html#/food-details/2771580/nutrients
USDA-FDC-2771582,"Swanson 100% Natural Chicken Broth, 32 oz Carton (Pack of 6)",CAMPBELL SOUP COMPANY,Herbs/Spices/Extracts,US,051000289377,00051000289377,0,235,4,GROCERY,2026-07-23,2026-06-29,,UNKNOWN,https://fdc.nal.usda.gov/fdc-app.html#/food-details/2771582/nutrients
USDA-FDC-2771589,"Prego Spicy Marinara Pasta Sauce, 24 oz Jar",CAMPBELL SOUP COMPANY,Sauces/Spreads/Dips/Condiments,US,051000284327,00051000284327,0,130,62,GROCERY,2026-07-23,2026-06-29,,UNKNOWN,https://fdc.nal.usda.gov/fdc-app.html#/food-details/2771589/nutrients
USDA-FDC-2771591,"Swanson White Premium Chunk Chicken Breast with Rib Meat in Water, 4.5 oz. (Pack of 4)",CAMPBELL SOUP COMPANY,Meat/Poultry/Other Animals - Prepared/Processed,US,051000284730,00051000284730,0,67,90,GROCERY,2026-07-23,2026-06-29,,UNKNOWN,https://fdc.nal.usda.gov/fdc-app.html#/food-details/2771591/nutrients
USDA-FDC-2771593,"Campbell's Chunky Soup, Spicy Chicken Noodle Soup, 16.1 Oz Can",CAMPBELL SOUP COMPANY,Prepared Soups,US,051000285270,00051000285270,0,245,53,GROCERY,2026-07-23,2026-06-29,2026-09-01,FUTURE_DISCONTINUATION_DATE,https://fdc.nal.usda.gov/fdc-app.html#/food-details/2771593/nutrients
USDA-FDC-2771596,"Campbell's Chunky Soup, Pub-Style Chicken Pot Pie Soup, 16.3 oz Can (Pack of 3)",CAMPBELL SOUP COMPANY,Prepared Soups,US,051000285522,00051000285522,0,245,73,GROCERY,2026-07-23,2026-06-29,2026-09-01,FUTURE_DISCONTINUATION_DATE,https://fdc.nal.usda.gov/fdc-app.html#/food-details/2771596/nutrients
USDA-FDC-2771597,"V8 Deliciously Green 100% Fruit and Vegetable Juice, 46 fl oz Bottle",CAMPBELL SOUP COMPANY,Non Alcoholic Beverages - Ready to Drink,US,051000286055,00051000286055,0,245,38,GROCERY,2026-07-23,2026-06-29,,UNKNOWN,https://fdc.nal.usda.gov/fdc-app.html#/food-details/2771597/nutrients
USDA-FDC-2771599,"Prego Chunky Roasted Garlic and Herb Pasta Sauce, 23.75 oz Jar",CAMPBELL SOUP COMPANY,Sauces/Spreads/Dips/Condiments,US,051000286208,00051000286208,0,130,54,GROCERY,2026-07-23,2026-06-29,,UNKNOWN,https://fdc.nal.usda.gov/fdc-app.html#/food-details/2771599/nutrients
USDA-FDC-2771600,"Prego Chunky Tomato, Basil and Garlic Pasta Sauce, 23.75 oz Jar",CAMPBELL SOUP COMPANY,Sauces/Spreads/Dips/Condiments,US,051000286215,00051000286215,0,130,54,GROCERY,2026-07-23,2026-06-29,,UNKNOWN,https://fdc.nal.usda.gov/fdc-app.html#/food-details/2771600/nutrients
USDA-FDC-2771604,"Swanson Beef Stock, 48 oz Carton",CAMPBELL SOUP COMPANY,Herbs/Spices/Extracts,US,051000287250,00051000287250,0,235,9,GROCERY,2026-07-23,2026-06-29,,UNKNOWN,https://fdc.nal.usda.gov/fdc-app.html#/food-details/2771604/nutrients
USDA-FDC-2771605,"Swanson Chicken Stock, 48 oz Carton",CAMPBELL SOUP COMPANY,Herbs/Spices/Extracts,US,051000287267,00051000287267,0,235,4,GROCERY,2026-07-23,2026-06-29,,UNKNOWN,https://fdc.nal.usda.gov/fdc-app.html#/food-details/2771605/nutrients
USDA-FDC-2771606,"Campbell's Chunky Soup, Spicy Sirloin Burger Soup, 18.8 oz Can (Pack of 6)",CAMPBELL SOUP COMPANY,Prepared Soups,US,051000287328,00051000287328,0,245,61,GROCERY,2026-07-23,2026-06-29,,UNKNOWN,https://fdc.nal.usda.gov/fdc-app.html#/food-details/2771606/nutrients
USDA-FDC-2771607,"Campbell's Chunky Soup, OLD BAY Seasoned Clam Chowder, 18.8 oz Can",CAMPBELL SOUP COMPANY,Prepared Soups,US,051000284174,00051000284174,0,245,73,GROCERY,2026-07-23,2026-06-29,,UNKNOWN,https://fdc.nal.usda.gov/fdc-app.html#/food-details/2771607/nutrients
USDA-FDC-2771608,"Campbell's Sipping Soup, Chicken Soup With Star-Shaped Pasta, 10.75 oz Microwavable Cup (8 Pack)",CAMPBELL SOUP COMPANY,Prepared Soups,US,051000289391,00051000289391,0,305,20,GROCERY,2026-07-23,2026-06-29,,UNKNOWN,https://fdc.nal.usda.gov/fdc-app.html#/food-details/2771608/nutrients
USDA-FDC-2771609,"Prego Creamy Roasted Garlic Pesto Pasta Sauce, 14.5 oz Jar",CAMPBELL SOUP COMPANY,Sauces/Spreads/Dips/Condiments,US,051000289476,00051000289476,0,61,115,GROCERY,2026-07-23,2026-06-29,,UNKNOWN,https://fdc.nal.usda.gov/fdc-app.html#/food-details/2771609/nutrients
USDA-FDC-2771614,"V8 Energy Watermelon Guava Juice Energy Drink, 11.5 fl oz Can",CAMPBELL SOUP COMPANY,Non Alcoholic Beverages - Ready to Drink,US,051000292568,00051000292568,0,347,21,GROCERY,2026-07-23,2026-06-29,,UNKNOWN,https://fdc.nal.usda.gov/fdc-app.html#/food-details/2771614/nutrients
USDA-FDC-2771615,"V8 Splash Berry Blend Flavored Beverage, 12 fl oz Bottle (6 Pack)",CAMPBELL SOUP COMPANY,Non Alcoholic Beverages - Ready to Drink,US,051000292629,00051000292629,0,360,17,GROCERY,2026-07-23,2026-06-29,,UNKNOWN,https://fdc.nal.usda.gov/fdc-app.html#/food-details/2771615/nutrients
USDA-FDC-2771616,"V8 Splash Tropical Blend Flavored Beverage, 12 fl oz Bottle (6 Pack)",CAMPBELL SOUP COMPANY,Non Alcoholic Beverages - Ready to Drink,US,051000292636,00051000292636,0,360,17,GROCERY,2026-07-23,2026-06-29,,UNKNOWN,https://fdc.nal.usda.gov/fdc-app.html#/food-details/2771616/nutrients
USDA-FDC-2771617,"Prego Creamy Cheddar Cheese Sauce, 14.5 oz Jar",CAMPBELL SOUP COMPANY,Sauces/Spreads/Dips/Condiments,US,051000292698,00051000292698,0,61,98,GROCERY,2026-07-23,2026-06-29,,UNKNOWN,https://fdc.nal.usda.gov/fdc-app.html#/food-details/2771617/nutrients
USDA-FDC-2771618,"Prego Cheesy Bacon Cheddar Cheese Sauce, 14.5 oz Jar",CAMPBELL SOUP COMPANY,Sauces/Spreads/Dips/Condiments,US,051000292704,00051000292704,0,61,98,GROCERY,2026-07-23,2026-06-29,,UNKNOWN,https://fdc.nal.usda.gov/fdc-app.html#/food-details/2771618/nutrients
USDA-FDC-2771619,"Prego Creamy Tomato Pasta Sauce With Garlic, 23.75 oz Jar",CAMPBELL SOUP COMPANY,Sauces/Spreads/Dips/Condiments,US,051000292810,00051000292810,0,130,85,GROCERY,2026-07-23,2026-06-29,,UNKNOWN,https://fdc.nal.usda.gov/fdc-app.html#/food-details/2771619/nutrients
USDA-FDC-2771620,"Prego Creamy Tomato Pasta Sauce With Ricotta Cheese, 23.75 oz Jar",CAMPBELL SOUP COMPANY,Sauces/Spreads/Dips/Condiments,US,051000292827,00051000292827,0,130,77,GROCERY,2026-07-23,2026-06-29,,UNKNOWN,https://fdc.nal.usda.gov/fdc-app.html#/food-details/2771620/nutrients
USDA-FDC-2771621,"Prego Spicy Vodka Pasta Sauce, 23.75 oz Jar",CAMPBELL SOUP COMPANY,Sauces/Spreads/Dips/Condiments,US,051000292834,00051000292834,0,130,85,GROCERY,2026-07-23,2026-06-29,,UNKNOWN,https://fdc.nal.usda.gov/fdc-app.html#/food-details/2771621/nutrients
USDA-FDC-2771622,"V8 Blissfully Berry 100% Fruit and Vegetable Juice, 8 fl oz Can",CAMPBELL SOUP COMPANY,Non Alcoholic Beverages - Ready to Drink,US,051000292889,00051000292889,0,246,38,GROCERY,2026-07-23,2026-06-29,,UNKNOWN,https://fdc.nal.usda.gov/fdc-app.html#/food-details/2771622/nutrients
USDA-FDC-2771623,"V8 +Energy Passionfruit Orange Guava Juice Energy Drink, 8 fl oz Can (6 Pack)",CAMPBELL SOUP COMPANY,Non Alcoholic Beverages - Ready to Drink,US,051000293053,00051000293053,0,241,21,GROCERY,2026-07-23,2026-06-29,,UNKNOWN,https://fdc.nal.usda.gov/fdc-app.html#/food-details/2771623/nutrients
USDA-FDC-2771625,"V8 Energy Watermelon Guava Energy Drink, 8 fl oz Can (12 Pack)",CAMPBELL SOUP COMPANY,Non Alcoholic Beverages - Ready to Drink,US,051000293138,00051000293138,0,241,21,GROCERY,2026-07-23,2026-06-29,,UNKNOWN,https://fdc.nal.usda.gov/fdc-app.html#/food-details/2771625/nutrients
USDA-FDC-2771627,"V8 Pineapple Jalapeno 100% Fruit and Vegetable Juice, 8 fl oz Can",CAMPBELL SOUP COMPANY,Non Alcoholic Beverages - Ready to Drink,US,051000293640,00051000293640,0,245,38,GROCERY,2026-07-23,2026-06-29,,UNKNOWN,https://fdc.nal.usda.gov/fdc-app.html#/food-details/2771627/nutrients
USDA-FDC-2771628,"V8 Pineapple Jalapeno 100% Fruit and Vegetable Juice, 8 fl oz Can (6 Pack)",CAMPBELL SOUP COMPANY,Non Alcoholic Beverages - Ready to Drink,US,051000293657,00051000293657,0,245,38,GROCERY,2026-07-23,2026-06-29,,UNKNOWN,https://fdc.nal.usda.gov/fdc-app.html#/food-details/2771628/nutrients
USDA-FDC-2771631,"V8 Energy Watermelon Guava Energy Drink, 8 fl oz Can (6 Pack)",CAMPBELL SOUP COMPANY,Non Alcoholic Beverages - Ready to Drink,US,051000292308,00051000292308,0,241,21,GROCERY,2026-07-23,2026-06-29,,UNKNOWN,https://fdc.nal.usda.gov/fdc-app.html#/food-details/2771631/nutrients
USDA-FDC-2771632,"Prego Creamy Parmesan Pesto Pasta Sauce, 14.5 oz Jar",CAMPBELL SOUP COMPANY,Sauces/Spreads/Dips/Condiments,US,051000289469,00051000289469,0,61,98,GROCERY,2026-07-23,2026-06-29,,UNKNOWN,https://fdc.nal.usda.gov/fdc-app.html#/food-details/2771632/nutrients
USDA-FDC-2771633,"V8 Energy Watermelon Guava Energy Drink, 8 fl oz Can",CAMPBELL SOUP COMPANY,Non Alcoholic Beverages - Ready to Drink,US,051000292285,00051000292285,0,241,21,GROCERY,2026-07-23,2026-06-29,,UNKNOWN,https://fdc.nal.usda.gov/fdc-app.html#/food-details/2771633/nutrients
USDA-FDC-2771634,"V8 Grillo's Pickles Dill Pickle Bloody Mary Mix, 8 fl oz Can (6 Pack)",CAMPBELL SOUP COMPANY,Non Alcoholic Beverages - Ready to Drink,US,051000291776,00051000291776,0,243,25,GROCERY,2026-07-23,2026-06-29,,UNKNOWN,https://fdc.nal.usda.gov/fdc-app.html#/food-details/2771634/nutrients
USDA-FDC-2771635,"Prego Creamy Basil Pesto Pasta Sauce, 14.5 oz Jar",CAMPBELL SOUP COMPANY,Sauces/Spreads/Dips/Condiments,US,051000289483,00051000289483,0,61,98,GROCERY,2026-07-23,2026-06-29,,UNKNOWN,https://fdc.nal.usda.gov/fdc-app.html#/food-details/2771635/nutrients
USDA-FDC-2771636,"Prego Garlic and Caramelized Onion Alfredo Pasta Sauce, 14.5 oz Jar",CAMPBELL SOUP COMPANY,Sauces/Spreads/Dips/Condiments,US,051000289506,00051000289506,0,61,131,GROCERY,2026-07-23,2026-06-29,,UNKNOWN,https://fdc.nal.usda.gov/fdc-app.html#/food-details/2771636/nutrients
USDA-FDC-2771637,"Campbell's Homestyle Mexican Style Street Corn Soup, 16.3 oz Can",CAMPBELL SOUP COMPANY,Prepared Soups,US,051000289513,00051000289513,0,245,78,GROCERY,2026-07-23,2026-06-29,,UNKNOWN,https://fdc.nal.usda.gov/fdc-app.html#/food-details/2771637/nutrients
USDA-FDC-2771639,"Campbell's Homestyle Chicken and Rice Soup, 16.1 oz Can",CAMPBELL SOUP COMPANY,Prepared Soups,US,051000289537,00051000289537,0,245,45,GROCERY,2026-07-23,2026-06-29,,UNKNOWN,https://fdc.nal.usda.gov/fdc-app.html#/food-details/2771639/nutrients
USDA-FDC-2771640,"Campbell's Homestyle Mexican-Style Chicken Tortilla Soup, 16.1 oz Can (Pack of 8)",CAMPBELL SOUP COMPANY,Prepared Soups,US,051000289766,00051000289766,0,245,53,GROCERY,2026-07-23,2026-06-29,,UNKNOWN,https://fdc.nal.usda.gov/fdc-app.html#/food-details/2771640/nutrients
USDA-FDC-2771641,"Swanson Low Sodium Organic Chicken Broth, 32 oz Carton (6 Pack)",CAMPBELL SOUP COMPANY,Prepared Soups,US,051000289872,00051000289872,0,235,4,GROCERY,2026-07-23,2026-06-29,,UNKNOWN,https://fdc.nal.usda.gov/fdc-app.html#/food-details/2771641/nutrients
USDA-FDC-2771643,"Campbell's Chunky Cheesy Jalapeno Burger with Bacon Bits Soup, 18.8 oz Can",CAMPBELL SOUP COMPANY,Prepared Soups,US,051000290281,00051000290281,0,245,106,GROCERY,2026-07-23,2026-06-29,,UNKNOWN,https://fdc.nal.usda.gov/fdc-app.html#/food-details/2771643/nutrients
USDA-FDC-2771644,"Campbell's Soup, Spicy Chicken Noodle Soup, 15.4 oz Microwavable Bowl",CAMPBELL SOUP COMPANY,Prepared Soups,US,051000290359,00051000290359,0,245,29,GROCERY,2026-07-23,2026-06-29,2026-09-01,FUTURE_DISCONTINUATION_DATE,https://fdc.nal.usda.gov/fdc-app.html#/food-details/2771644/nutrients
USDA-FDC-2771646,"Campbell's Sipping Soup, Spicy Tomato Soup, 11.1 oz Microwavable Cup",CAMPBELL SOUP COMPANY,Prepared Soups,US,051000290526,00051000290526,0,316,41,GROCERY,2026-07-23,2026-06-29,2026-09-01,FUTURE_DISCONTINUATION_DATE,https://fdc.nal.usda.gov/fdc-app.html#/food-details/2771646/nutrients
USDA-FDC-2771648,"V8 +Energy Limited Edition Summertime Watermelon Juice Energy Drink, 8 fl oz Can",CAMPBELL SOUP COMPANY,Non Alcoholic Beverages - Ready to Drink,US,051000290588,00051000290588,0,241,21,GROCERY,2026-07-23,2026-06-29,,UNKNOWN,https://fdc.nal.usda.gov/fdc-app.html#/food-details/2771648/nutrients
USDA-FDC-2771650,"Campbell's Chunky Soup, Jazzy Jambalaya With Chicken, Sausage & Ham Soup, 16.1 oz Can",CAMPBELL SOUP COMPANY,Prepared Soups,US,051000291035,00051000291035,0,245,61,GROCERY,2026-07-23,2026-06-29,,UNKNOWN,https://fdc.nal.usda.gov/fdc-app.html#/food-details/2771650/nutrients
USDA-FDC-2771651,"Campbell's Chunky Soup, Chicken Tortilla With White Meat Chicken, 16.1 oz Can",CAMPBELL SOUP COMPANY,Prepared Soups,US,051000291042,00051000291042,0,245,57,GROCERY,2026-07-23,2026-06-29,2026-09-01,FUTURE_DISCONTINUATION_DATE,https://fdc.nal.usda.gov/fdc-app.html#/food-details/2771651/nutrients
USDA-FDC-2771652,"V8 Low Sodium Original 100% Vegetable Juice, 11.5 fl oz Can (24 Pack)",CAMPBELL SOUP COMPANY,Non Alcoholic Beverages - Ready to Drink,US,051000291066,00051000291066,0,347,18,GROCERY,2026-07-23,2026-06-29,,UNKNOWN,https://fdc.nal.usda.gov/fdc-app.html#/food-details/2771652/nutrients
USDA-FDC-2771653,"V8 Original 100% Vegetable Juice, 11.5 fl oz Can (24 Pack)",CAMPBELL SOUP COMPANY,Non Alcoholic Beverages - Ready to Drink,US,051000291080,00051000291080,0,347,18,GROCERY,2026-07-23,2026-06-29,,UNKNOWN,https://fdc.nal.usda.gov/fdc-app.html#/food-details/2771653/nutrients
USDA-FDC-2771656,"Campbell's Chunky Buffalo-Style Chicken Mac Soup, 18.8 oz Can",CAMPBELL SOUP COMPANY,Prepared Soups,US,051000291929,00051000291929,0,245,86,GROCERY,2026-07-23,2026-06-29,,UNKNOWN,https://fdc.nal.usda.gov/fdc-app.html#/food-details/2771656/nutrients
USDA-FDC-2771658,"Simply Campbell's Chicken Noodle, 18.6 oz Can",CAMPBELL SOUP COMPANY,Prepared Soups,US,051000283153,00051000283153,0,245,45,GROCERY,2026-07-23,2026-06-29,,UNKNOWN,https://fdc.nal.usda.gov/fdc-app.html#/food-details/2771658/nutrients
USDA-FDC-2771660,"V8 Spicy Hot 100% Vegetable Juice, 5.5 fl oz Can (8 Pack)",CAMPBELL SOUP COMPANY,Non Alcoholic Beverages - Ready to Drink,US,051000269232,00051000269232,0,166,18,GROCERY,2026-07-23,2026-06-29,,UNKNOWN,https://fdc.nal.usda.gov/fdc-app.html#/food-details/2771660/nutrients
USDA-FDC-2771661,"Prego Traditional Pasta Sauce, 45 oz Jar",CAMPBELL SOUP COMPANY,Sauces/Spreads/Dips/Condiments,US,051000269775,00051000269775,0,130,54,GROCERY,2026-07-23,2026-06-29,,UNKNOWN,https://fdc.nal.usda.gov/fdc-app.html#/food-details/2771661/nutrients
USDA-FDC-2771663,"Prego Chunky Tomato with Garlic and Onion Pasta Sauce, 45 oz Jar",CAMPBELL SOUP COMPANY,Sauces/Spreads/Dips/Condiments,US,051000270122,00051000270122,0,130,46,GROCERY,2026-07-23,2026-06-29,,UNKNOWN,https://fdc.nal.usda.gov/fdc-app.html#/food-details/2771663/nutrients
USDA-FDC-2771664,"Prego Italian Sausage and Garlic Meat Sauce, 44 oz Jar",CAMPBELL SOUP COMPANY,Sauces/Spreads/Dips/Condiments,US,051000270146,00051000270146,0,130,62,GROCERY,2026-07-23,2026-06-29,,UNKNOWN,https://fdc.nal.usda.gov/fdc-app.html#/food-details/2771664/nutrients
USDA-FDC-2771665,SWANSON BROTH BEEF,CAMPBELL SOUP COMPANY,Sauces/Spreads/Dips/Condiments,US,051000270160,00051000270160,0,235,4,GROCERY,2026-07-23,2026-06-29,,UNKNOWN,https://fdc.nal.usda.gov/fdc-app.html#/food-details/2771665/nutrients
USDA-FDC-2771666,"Prego Traditional Pasta Sauce, 38 oz Jar",CAMPBELL SOUP COMPANY,Sauces/Spreads/Dips/Condiments,US,051000270566,00051000270566,0,130,54,GROCERY,2026-07-23,2026-06-29,,UNKNOWN,https://fdc.nal.usda.gov/fdc-app.html#/food-details/2771666/nutrients
USDA-FDC-2771667,"Prego Mushroom Pasta Sauce, 38 oz Jar",CAMPBELL SOUP COMPANY,Sauces/Spreads/Dips/Condiments,US,051000271129,00051000271129,0,130,46,GROCERY,2026-07-23,2026-06-29,,UNKNOWN,https://fdc.nal.usda.gov/fdc-app.html#/food-details/2771667/nutrients
USDA-FDC-2771669,CAMPBELL'S GRAVY BROWN,CAMPBELL SOUP COMPANY,Sauces/Spreads/Dips/Condiments,US,051000271488,00051000271488,0,60,50,CHILD_NUTRITION_FOOD_PROGRAMS|GROCERY,2026-07-23,2026-06-29,,UNKNOWN,https://fdc.nal.usda.gov/fdc-app.html#/food-details/2771669/nutrients
USDA-FDC-2771670,"V8 Splash Fruit Medley Flavored Beverage, 46 fl oz Bottle",CAMPBELL SOUP COMPANY,Non Alcoholic Beverages - Ready to Drink,US,051000272829,00051000272829,0,243,17,GROCERY,2026-07-23,2026-06-29,,UNKNOWN,https://fdc.nal.usda.gov/fdc-app.html#/food-details/2771670/nutrients
USDA-FDC-2771671,"V8 Splash Berry Blend Flavored Beverage, 12 fl oz Bottle",CAMPBELL SOUP COMPANY,Non Alcoholic Beverages - Ready to Drink,US,051000272843,00051000272843,0,240,17,GROCERY,2026-07-23,2026-06-29,,UNKNOWN,https://fdc.nal.usda.gov/fdc-app.html#/food-details/2771671/nutrients
USDA-FDC-2771672,"V8 Splash Tropical Blend Flavored Beverage, 46 fl oz Bottle",CAMPBELL SOUP COMPANY,Non Alcoholic Beverages - Ready to Drink,US,051000272850,00051000272850,0,243,17,GROCERY,2026-07-23,2026-06-29,,UNKNOWN,https://fdc.nal.usda.gov/fdc-app.html#/food-details/2771672/nutrients
USDA-FDC-2771673,"SpaghettiOs Canned Pasta with Meatballs, 15.6 oz Can",CAMPBELL SOUP COMPANY,Dough Based Products / Meals,US,051000272898,00051000272898,0,252,83,GROCERY,2026-07-23,2026-06-29,,UNKNOWN,https://fdc.nal.usda.gov/fdc-app.html#/food-details/2771673/nutrients
USDA-FDC-2771674,"V8 Energy Orange Pineapple Energy Drink, 11.5 fl oz Can",CAMPBELL SOUP COMPANY,Non Alcoholic Beverages - Ready to Drink,US,051000272928,00051000272928,0,346,21,GROCERY,2026-07-23,2026-06-29,,UNKNOWN,https://fdc.nal.usda.gov/fdc-app.html#/food-details/2771674/nutrients
USDA-FDC-2771675,"V8 Energy Peach Mango Energy Drink, 11.5 fl oz Can",CAMPBELL SOUP COMPANY,Non Alcoholic Beverages - Ready to Drink,US,051000272935,00051000272935,0,347,21,GROCERY,2026-07-23,2026-06-29,,UNKNOWN,https://fdc.nal.usda.gov/fdc-app.html#/food-details/2771675/nutrients
USDA-FDC-2771676,"V8 Energy Pomegranate Blueberry Energy Drink, 11.5 fl oz Can",CAMPBELL SOUP COMPANY,Non Alcoholic Beverages - Ready to Drink,US,051000272942,00051000272942,0,347,21,GROCERY,2026-07-23,2026-06-29,,UNKNOWN,https://fdc.nal.usda.gov/fdc-app.html#/food-details/2771676/nutrients
USDA-FDC-2771677,"Prego Italian Pasta Sauce Flavored With Meat, 45 oz Jar (3 Pack)",CAMPBELL SOUP COMPANY,Sauces/Spreads/Dips/Condiments,US,051000272997,00051000272997,0,130,54,GROCERY,2026-07-23,2026-06-29,,UNKNOWN,https://fdc.nal.usda.gov/fdc-app.html#/food-details/2771677/nutrients
USDA-FDC-2771678,"Prego Traditional Lower Sodium Pasta Sauce, 45 oz Jar (3 Pack)",CAMPBELL SOUP COMPANY,Sauces/Spreads/Dips/Condiments,US,051000273000,00051000273000,0,130,54,GROCERY,2026-07-23,2026-06-29,,UNKNOWN,https://fdc.nal.usda.gov/fdc-app.html#/food-details/2771678/nutrients
USDA-FDC-2771679,"Prego Traditional Pasta Sauce, 45 oz Jar (3 Pack)",CAMPBELL SOUP COMPANY,Sauces/Spreads/Dips/Condiments,US,051000273024,00051000273024,0,130,54,GROCERY,2026-07-23,2026-06-29,,UNKNOWN,https://fdc.nal.usda.gov/fdc-app.html#/food-details/2771679/nutrients
USDA-FDC-2771680,CAMPBELL'S SOUP TOMATO,CAMPBELL SOUP COMPANY,Prepared Soups,US,051000273482,00051000273482,0,124,73,GROCERY,2026-07-23,2026-06-29,,UNKNOWN,https://fdc.nal.usda.gov/fdc-app.html#/food-details/2771680/nutrients
USDA-FDC-2771681,"V8 Original 100% Vegetable Juice, 5.5 fl oz Can (8 Pack)",CAMPBELL SOUP COMPANY,Non Alcoholic Beverages - Ready to Drink,US,051000268440,00051000268440,0,166,18,GROCERY,2026-07-23,2026-06-29,,UNKNOWN,https://fdc.nal.usda.gov/fdc-app.html#/food-details/2771681/nutrients
USDA-FDC-2771682,CAMPBELL'S SOUP VEGETABLE,CAMPBELL SOUP COMPANY,Prepared Soups,US,051000273499,00051000273499,0,126,48,GROCERY,2026-07-23,2026-06-29,,UNKNOWN,https://fdc.nal.usda.gov/fdc-app.html#/food-details/2771682/nutrients
USDA-FDC-2771683,"V8 Low Sodium Original 100% Vegetable Juice, 5.5 fl oz Can (8 Pack)",CAMPBELL SOUP COMPANY,Non Alcoholic Beverages - Ready to Drink,US,051000268433,00051000268433,0,166,18,GROCERY,2026-07-23,2026-06-29,,UNKNOWN,https://fdc.nal.usda.gov/fdc-app.html#/food-details/2771683/nutrients
USDA-FDC-2771684,"SpaghettiOs Football Shaped Canned Pasta with Meatballs, 15.6 oz Can",CAMPBELL SOUP COMPANY,Dough Based Products / Meals,US,051000268235,00051000268235,0,252,83,GROCERY,2026-07-23,2026-06-29,,UNKNOWN,https://fdc.nal.usda.gov/fdc-app.html#/food-details/2771684/nutrients
USDA-FDC-2771686,"V8 Energy Orange Pineapple Energy Drink, 8 fl oz Can (12 Pack)",CAMPBELL SOUP COMPANY,Non Alcoholic Beverages - Ready to Drink,US,051000245410,00051000245410,0,241,21,GROCERY,2026-07-23,2026-06-29,,UNKNOWN,https://fdc.nal.usda.gov/fdc-app.html#/food-details/2771686/nutrients
USDA-FDC-2771687,"V8 Energy Peach Mango Energy Drink, 8 fl oz Can (12 Pack)",CAMPBELL SOUP COMPANY,Non Alcoholic Beverages - Ready to Drink,US,051000245427,00051000245427,0,241,21,GROCERY,2026-07-23,2026-06-29,,UNKNOWN,https://fdc.nal.usda.gov/fdc-app.html#/food-details/2771687/nutrients
USDA-FDC-2771688,"V8 Energy Pomegranate Blueberry Energy Drink, 8 fl oz Can (12 Pack)",CAMPBELL SOUP COMPANY,Non Alcoholic Beverages - Ready to Drink,US,051000245434,00051000245434,0,241,19,GROCERY,2026-07-23,2026-06-29,,UNKNOWN,https://fdc.nal.usda.gov/fdc-app.html#/food-details/2771688/nutrients
USDA-FDC-2771690,"V8 Energy Strawberry Banana Juice Energy Drink, 8 fl oz Can (6 Pack)",CAMPBELL SOUP COMPANY,Non Alcoholic Beverages - Ready to Drink,US,051000247810,00051000247810,0,241,21,GROCERY,2026-07-23,2026-06-29,,UNKNOWN,https://fdc.nal.usda.gov/fdc-app.html#/food-details/2771690/nutrients
USDA-FDC-2771691,"V8 Splash Berry Blend Flavored Beverage, 96 fl oz Bottle",CAMPBELL SOUP COMPANY,Non Alcoholic Beverages - Ready to Drink,US,051000248565,00051000248565,0,240,17,GROCERY,2026-07-23,2026-06-29,,UNKNOWN,https://fdc.nal.usda.gov/fdc-app.html#/food-details/2771691/nutrients
USDA-FDC-2771692,"V8 Splash Tropical Blend Flavored Beverage, 96 fl oz Bottle",CAMPBELL SOUP COMPANY,Non Alcoholic Beverages - Ready to Drink,US,051000248589,00051000248589,0,243,17,GROCERY,2026-07-23,2026-06-29,,UNKNOWN,https://fdc.nal.usda.gov/fdc-app.html#/food-details/2771692/nutrients
USDA-FDC-2771694,"Swanson Low Sodium Organic Chicken Broth, 32 oz Carton",CAMPBELL SOUP COMPANY,Herbs/Spices/Extracts,US,051000248909,00051000248909,0,235,4,GROCERY,2026-07-23,2026-06-29,,UNKNOWN,https://fdc.nal.usda.gov/fdc-app.html#/food-details/2771694/nutrients
USDA-FDC-2771695,"Swanson Chicken Bone Broth, 32 oz Carton",CAMPBELL SOUP COMPANY,Herbs/Spices/Extracts,US,051000248916,00051000248916,0,235,15,GROCERY,2026-07-23,2026-06-29,,UNKNOWN,https://fdc.nal.usda.gov/fdc-app.html#/food-details/2771695/nutrients
USDA-FDC-2771696,"Prego Artisan Four Cheese Alfredo Pasta Sauce, 14.5 oz Jar",CAMPBELL SOUP COMPANY,Sauces/Spreads/Dips/Condiments,US,051000249203,00051000249203,0,61,115,GROCERY,2026-07-23,2026-06-29,,UNKNOWN,https://fdc.nal.usda.gov/fdc-app.html#/food-details/2771696/nutrients
USDA-FDC-2771697,"Prego Four Cheese Alfredo Pasta Sauce, 22 oz Jar",CAMPBELL SOUP COMPANY,Sauces/Spreads/Dips/Condiments,US,051000249210,00051000249210,0,61,115,GROCERY,2026-07-23,2026-06-29,,UNKNOWN,https://fdc.nal.usda.gov/fdc-app.html#/food-details/2771697/nutrients
USDA-FDC-2771698,"Prego Traditional No Sugar Added Pasta Sauce, 23.5 oz Jar",CAMPBELL SOUP COMPANY,Sauces/Spreads/Dips/Condiments,US,051000250315,00051000250315,0,130,46,GROCERY,2026-07-23,2026-06-29,,UNKNOWN,https://fdc.nal.usda.gov/fdc-app.html#/food-details/2771698/nutrients
USDA-FDC-2771699,"Prego Traditional Sensitive Recipe Low FODMAP Pasta Sauce, 23.75 oz Jar",CAMPBELL SOUP COMPANY,Sauces/Spreads/Dips/Condiments,US,051000250322,00051000250322,0,125,56,GROCERY,2026-07-23,2026-06-29,,UNKNOWN,https://fdc.nal.usda.gov/fdc-app.html#/food-details/2771699/nutrients
USDA-FDC-2771701,"V8 Splash Mango Peach Flavored Beverage, 16 fl oz Bottle",CAMPBELL SOUP COMPANY,Non Alcoholic Beverages - Ready to Drink,US,051000251114,00051000251114,0,485,17,GROCERY,2026-07-23,2026-06-29,,UNKNOWN,https://fdc.nal.usda.gov/fdc-app.html#/food-details/2771701/nutrients
USDA-FDC-2771702,"V8 Energy Pomegranate Blueberry Juice Energy Drink, 8 fl oz Can (24 Pack)",CAMPBELL SOUP COMPANY,Non Alcoholic Beverages - Ready to Drink,US,051000252791,00051000252791,0,241,21,GROCERY,2026-07-23,2026-06-29,,UNKNOWN,https://fdc.nal.usda.gov/fdc-app.html#/food-details/2771702/nutrients
USDA-FDC-2771703,"Campbell's Condensed Bean With Bacon Soup, 11.25 oz Can",CAMPBELL SOUP COMPANY,Prepared Soups,US,051000253019,00051000253019,0,128,133,GROCERY,2026-07-23,2026-06-29,,UNKNOWN,https://fdc.nal.usda.gov/fdc-app.html#/food-details/2771703/nutrients
USDA-FDC-2771705,"Prego Homestyle Alfredo Pasta Sauce, 22 oz Jar (Pack of 3)",CAMPBELL SOUP COMPANY,Sauces/Spreads/Dips/Condiments,US,051000268112,00051000268112,0,61,131,GROCERY,2026-07-23,2026-06-29,,UNKNOWN,https://fdc.nal.usda.gov/fdc-app.html#/food-details/2771705/nutrients
USDA-FDC-2771706,"SpaghettiOs Original Canned Pasta, 15.8 oz Can (Pack of 12)",CAMPBELL SOUP COMPANY,Dough Based Products / Meals,US,051000268341,00051000268341,0,252,67,GROCERY,2026-07-23,2026-06-29,,UNKNOWN,https://fdc.nal.usda.gov/fdc-app.html#/food-details/2771706/nutrients
USDA-FDC-2771708,"Campbell's Homestyle Chicken Noodle Soup, 7 oz Bowl (4 Pack)",CAMPBELL SOUP COMPANY,Prepared Soups,US,051000273581,00051000273581,0,198,30,GROCERY,2026-07-23,2026-06-29,,UNKNOWN,https://fdc.nal.usda.gov/fdc-app.html#/food-details/2771708/nutrients
USDA-FDC-2771709,"Campbell's Kitchen Classics Chicken Noodle Soup, 14.5 oz Can",CAMPBELL SOUP COMPANY,Prepared Soups,US,051000274410,00051000274410,0,245,29,GROCERY,2026-07-23,2026-06-29,,UNKNOWN,https://fdc.nal.usda.gov/fdc-app.html#/food-details/2771709/nutrients
USDA-FDC-2771710,"SpaghettiOs Canned Pasta with Chicken Meatballs, 15.6 oz Can",CAMPBELL SOUP COMPANY,Dough Based Products / Meals,US,051000277466,00051000277466,0,252,83,GROCERY,2026-07-23,2026-06-29,,UNKNOWN,https://fdc.nal.usda.gov/fdc-app.html#/food-details/2771710/nutrients
USDA-FDC-2771713,"Campbell's Kitchen Classics Loaded Potato Soup, 14.5 oz Can",CAMPBELL SOUP COMPANY,Prepared Soups,US,051000278463,00051000278463,0,245,69,GROCERY,2026-07-23,2026-06-29,,UNKNOWN,https://fdc.nal.usda.gov/fdc-app.html#/food-details/2771713/nutrients
USDA-FDC-2771715,"Campbell's Condensed Kids Soup, Paw Patrol Awesome Shapes Pasta, 10.5 oz Can (4 Pack)",CAMPBELL SOUP COMPANY,Prepared Soups,US,051000278500,00051000278500,0,126,48,GROCERY,2026-07-23,2026-06-29,,UNKNOWN,https://fdc.nal.usda.gov/fdc-app.html#/food-details/2771715/nutrients
USDA-FDC-2771717,"Campbell's Condensed Unsalted Cream of Mushroom Soup, 10.5 oz Can",CAMPBELL SOUP COMPANY,Prepared Soups,US,051000279750,00051000279750,0,124,81,GROCERY,2026-07-23,2026-06-29,,UNKNOWN,https://fdc.nal.usda.gov/fdc-app.html#/food-details/2771717/nutrients
USDA-FDC-2771718,"Swanson 100% Natural Beef Broth, 32 oz Carton (3 Pack)",CAMPBELL SOUP COMPANY,Herbs/Spices/Extracts,US,051000280008,00051000280008,0,235,4,GROCERY,2026-07-23,2026-06-29,,UNKNOWN,https://fdc.nal.usda.gov/fdc-app.html#/food-details/2771718/nutrients
USDA-FDC-2771719,"Prego Three Cheese Pasta Sauce, 45 oz Jar",CAMPBELL SOUP COMPANY,Sauces/Spreads/Dips/Condiments,US,051000280091,00051000280091,0,130,46,GROCERY,2026-07-23,2026-06-29,,UNKNOWN,https://fdc.nal.usda.gov/fdc-app.html#/food-details/2771719/nutrients
USDA-FDC-2771720,"Prego Roasted Garlic and Herb Pasta Sauce, 45 oz Jar",CAMPBELL SOUP COMPANY,Sauces/Spreads/Dips/Condiments,US,051000280107,00051000280107,0,130,54,GROCERY,2026-07-23,2026-06-29,,UNKNOWN,https://fdc.nal.usda.gov/fdc-app.html#/food-details/2771720/nutrients
USDA-FDC-2771721,"Prego Roasted Garlic and Herb Pasta Sauce, 45 oz Jar (3 Pack)",CAMPBELL SOUP COMPANY,Sauces/Spreads/Dips/Condiments,US,051000280725,00051000280725,0,130,54,GROCERY,2026-07-23,2026-06-29,,UNKNOWN,https://fdc.nal.usda.gov/fdc-app.html#/food-details/2771721/nutrients
USDA-FDC-2771723,"Campbell's Condensed Heart Healthy Chicken Noodle Soup, 10.75 oz Can",CAMPBELL SOUP COMPANY,Prepared Soups,US,051000281081,00051000281081,0,126,48,GROCERY,2026-07-23,2026-06-29,,UNKNOWN,https://fdc.nal.usda.gov/fdc-app.html#/food-details/2771723/nutrients
USDA-FDC-2771724,"V8 Beet Ginger Lemon 100% Vegetable Juice, 46 fl oz Bottle",CAMPBELL SOUP COMPANY,Non Alcoholic Beverages - Ready to Drink,US,051000281463,00051000281463,0,244,30,GROCERY,2026-07-23,2026-06-29,,UNKNOWN,https://fdc.nal.usda.gov/fdc-app.html#/food-details/2771724/nutrients
USDA-FDC-2771725,"Swanson Chicken Broth, 14.5 oz Can (Pack of 4)",CAMPBELL SOUP COMPANY,Prepared Soups,US,051000282057,00051000282057,0,235,4,GROCERY,2026-07-23,2026-06-29,,UNKNOWN,https://fdc.nal.usda.gov/fdc-app.html#/food-details/2771725/nutrients
USDA-FDC-2771726,"Swanson 33% Less Sodium Chicken Broth, 14.5 oz Cans (4 Pack)",CAMPBELL SOUP COMPANY,Prepared Soups,US,051000282064,00051000282064,0,235,6,GROCERY,2026-07-23,2026-06-29,,UNKNOWN,https://fdc.nal.usda.gov/fdc-app.html#/food-details/2771726/nutrients
USDA-FDC-2771730,"Campbell's Chunky Soup, Classic Chicken Noodle Soup, 16.1 oz Can (Pack of 3)",CAMPBELL SOUP COMPANY,Prepared Soups,US,051000282699,00051000282699,0,245,49,GROCERY,2026-07-23,2026-06-29,2026-09-01,FUTURE_DISCONTINUATION_DATE,https://fdc.nal.usda.gov/fdc-app.html#/food-details/2771730/nutrients
USDA-FDC-2771732,"Campbell's Chunky Soup, Sirloin Burger With Country Vegetable Beef Soup, 16.3 oz Can",CAMPBELL SOUP COMPANY,Prepared Soups,US,051000277299,00051000277299,0,245,57,GROCERY,2026-07-23,2026-06-29,,UNKNOWN,https://fdc.nal.usda.gov/fdc-app.html#/food-details/2771732/nutrients
USDA-FDC-2771733,"Campbell's Chunky Healthy Request Chicken Noodle Soup, 16.1 oz Can",CAMPBELL SOUP COMPANY,Prepared Soups,US,051000277251,00051000277251,0,245,45,GROCERY,2026-07-23,2026-06-29,,UNKNOWN,https://fdc.nal.usda.gov/fdc-app.html#/food-details/2771733/nutrients
USDA-FDC-2771735,"Campbell's Kitchen Classics Beef Barley Soup, 14.5 oz. Can",CAMPBELL SOUP COMPANY,Prepared Soups,US,051000274427,00051000274427,0,245,37,GROCERY,2026-07-23,2026-06-29,,UNKNOWN,https://fdc.nal.usda.gov/fdc-app.html#/food-details/2771735/nutrients
USDA-FDC-2771740,"Swanson Chicken Stock, 32 Oz Carton (3 Pack)",CAMPBELL SOUP COMPANY,Herbs/Spices/Extracts,US,051000274670,00051000274670,0,235,4,GROCERY,2026-07-23,2026-06-29,,UNKNOWN,https://fdc.nal.usda.gov/fdc-app.html#/food-details/2771740/nutrients
USDA-FDC-2771742,SWANSON NATURAL GOODNESS BROTH CHICKEN,CAMPBELL SOUP COMPANY,Prepared Soups,US,051000275141,00051000275141,0,235,6,GROCERY,2026-07-23,2026-06-29,,UNKNOWN,https://fdc.nal.usda.gov/fdc-app.html#/food-details/2771742/nutrients
USDA-FDC-2771746,"Swanson Chicken Bone Broth, 32 oz Carton (3 Pack)",CAMPBELL SOUP COMPANY,Herbs/Spices/Extracts,US,051000276025,00051000276025,0,235,15,GROCERY,2026-07-23,2026-06-29,,UNKNOWN,https://fdc.nal.usda.gov/fdc-app.html#/food-details/2771746/nutrients
USDA-FDC-2771755,"Campbell's Chunky Soup, Pub-Style Chicken Pot Pie Soup, 16.3 oz Can",CAMPBELL SOUP COMPANY,Prepared Soups,US,051000277206,00051000277206,0,245,73,GROCERY,2026-07-23,2026-06-29,,UNKNOWN,https://fdc.nal.usda.gov/fdc-app.html#/food-details/2771755/nutrients
USDA-FDC-2771758,"Kettle Brand Potato Chips, Sea Salt Kettle Chips, 5 Oz",SNYDER'S-LANCE INC.,Snacks,US,084114009982,00084114009982,0,28,536,GROCERY,2026-07-23,2026-06-29,,UNKNOWN,https://fdc.nal.usda.gov/fdc-app.html#/food-details/2771758/nutrients
USDA-FDC-2771759,"Campbell's Kitchen Classics Chicken Noodle Soup, 10.75 oz. Can",CAMPBELL SOUP COMPANY,Prepared Soups,US,051000294562,00051000294562,0,126,48,GROCERY,2026-07-23,2026-06-29,,UNKNOWN,https://fdc.nal.usda.gov/fdc-app.html#/food-details/2771759/nutrients
USDA-FDC-2771760,"SpaghettiOs Original Pokemon Shapes Canned Pasta, 15.8 oz Can",CAMPBELL SOUP COMPANY,Dough Based Products / Meals,US,051000294746,00051000294746,0,252,67,GROCERY,2026-07-23,2026-06-29,,UNKNOWN,https://fdc.nal.usda.gov/fdc-app.html#/food-details/2771760/nutrients
USDA-FDC-2771762,"Pacific Foods Organic Greek-Style Chicken Orzo Soup With Lemon and Herb, 16.1 oz Can",CAMPBELL SOUP COMPANY,Prepared Soups,US,052603292115,00052603292115,0,245,49,GROCERY,2026-07-23,2026-06-29,,UNKNOWN,https://fdc.nal.usda.gov/fdc-app.html#/food-details/2771762/nutrients
USDA-FDC-2771764,"Pacific Foods Organic Chicken Miso Ramen Broth, 32 Oz Carton",CAMPBELL SOUP COMPANY,Herbs/Spices/Extracts,US,052603294454,00052603294454,0,235,30,GROCERY,2026-07-23,2026-06-29,,UNKNOWN,https://fdc.nal.usda.gov/fdc-app.html#/food-details/2771764/nutrients
USDA-FDC-2771765,"Pacific Foods Organic Pork Tonkotsu Ramen Broth, 32 Oz Carton",CAMPBELL SOUP COMPANY,Herbs/Spices/Extracts,US,052603294461,00052603294461,0,235,26,GROCERY,2026-07-23,2026-06-29,,UNKNOWN,https://fdc.nal.usda.gov/fdc-app.html#/food-details/2771765/nutrients
USDA-FDC-2771766,"Pacific Foods Organic Chicken Chile Verde Soup with Rice & Beans, 16.3 oz Can",CAMPBELL SOUP COMPANY,Prepared Soups,US,052603295628,00052603295628,0,245,57,GROCERY,2026-07-23,2026-06-29,,UNKNOWN,https://fdc.nal.usda.gov/fdc-app.html#/food-details/2771766/nutrients
USDA-FDC-2771767,"Pacific Foods Organic Roasted Red Pepper and Tomato Soup, 32 Oz",CAMPBELL SOUP COMPANY,Prepared Soups,US,052603295819,00052603295819,0,246.600006104,45,GROCERY,2026-07-23,2026-06-29,,UNKNOWN,https://fdc.nal.usda.gov/fdc-app.html#/food-details/2771767/nutrients
USDA-FDC-2771768,"Pacific Foods Organic Butternut Squash Soup, 32 Oz",CAMPBELL SOUP COMPANY,Prepared Soups,US,052603295826,00052603295826,0,247.100006104,40,GROCERY,2026-07-23,2026-06-29,,UNKNOWN,https://fdc.nal.usda.gov/fdc-app.html#/food-details/2771768/nutrients
USDA-FDC-2771769,"Pacific Foods Organic Light in Sodium Butternut Squash Soup, 32 Oz",CAMPBELL SOUP COMPANY,Prepared Soups,US,052603295833,00052603295833,0,249.100006104,40,GROCERY,2026-07-23,2026-06-29,,UNKNOWN,https://fdc.nal.usda.gov/fdc-app.html#/food-details/2771769/nutrients
USDA-FDC-2771770,"Pacific Foods Organic Light in Sodium Roasted Red Pepper and Tomato Soup, 32 Oz",CAMPBELL SOUP COMPANY,Prepared Soups,US,052603295840,00052603295840,0,241.899993896,45,CHILD_NUTRITION_FOOD_PROGRAMS|GROCERY,2026-07-23,2026-06-29,,UNKNOWN,https://fdc.nal.usda.gov/fdc-app.html#/food-details/2771770/nutrients
USDA-FDC-2771771,"Pacific Foods Light in Sodium Creamy Tomato Soup, 32 Oz",CAMPBELL SOUP COMPANY,Prepared Soups,US,052603295857,00052603295857,0,245.100006104,45,CHILD_NUTRITION_FOOD_PROGRAMS|GROCERY,2026-07-23,2026-06-29,,UNKNOWN,https://fdc.nal.usda.gov/fdc-app.html#/food-details/2771771/nutrients
USDA-FDC-2771772,"Pacific Foods Organic Creamy Tomato Soup, 32 Oz",CAMPBELL SOUP COMPANY,Prepared Soups,US,052603295864,00052603295864,0,243,41,GROCERY,2026-07-23,2026-06-29,,UNKNOWN,https://fdc.nal.usda.gov/fdc-app.html#/food-details/2771772/nutrients
USDA-FDC-2771773,"Pacific Foods Organic Tomato Basil Soup, 32 Oz",CAMPBELL SOUP COMPANY,Prepared Soups,US,052603295871,00052603295871,0,243,33,GROCERY,2026-07-23,2026-06-29,,UNKNOWN,https://fdc.nal.usda.gov/fdc-app.html#/food-details/2771773/nutrients
USDA-FDC-2771784,"Pacific Foods Low Sodium Organic Free-Range Chicken Broth, 8 oz Carton (4 Pack)",CAMPBELL SOUP COMPANY,Prepared Soups,US,052603289962,00052603289962,0,240.839996338,4,GROCERY,2026-07-23,2026-06-29,,UNKNOWN,https://fdc.nal.usda.gov/fdc-app.html#/food-details/2771784/nutrients
USDA-FDC-2771785,"Pacific Foods Organic Tuscan-Style White Bean Minestrone Soup, 16.3 oz Can",CAMPBELL SOUP COMPANY,Prepared Soups,US,052603289665,00052603289665,0,245,57,GROCERY,2026-07-23,2026-06-24,,UNKNOWN,https://fdc.nal.usda.gov/fdc-app.html#/food-details/2771785/nutrients
USDA-FDC-2771786,"Pacific Foods Original Ultra Soy Milk, Plant Based Milk, 32 oz Carton",CAMPBELL SOUP COMPANY,Non Alcoholic Beverages - Ready to Drink,US,052603082006,00052603082006,0,247.848007202,56,GROCERY,2026-07-23,2026-06-29,,UNKNOWN,https://fdc.nal.usda.gov/fdc-app.html#/food-details/2771786/nutrients
USDA-FDC-2771788,"Pacific Foods Organic Cream of Mushroom Soup, 10.5 oz Can",CAMPBELL SOUP COMPANY,Prepared Soups,US,052603277655,00052603277655,0,125,64,GROCERY,2026-07-23,2026-06-29,,UNKNOWN,https://fdc.nal.usda.gov/fdc-app.html#/food-details/2771788/nutrients
USDA-FDC-2771789,Pacific Foods Organic Roasted Red Pepper & Tomato Soup,CAMPBELL SOUP COMPANY,Prepared Soups,US,052603282147,00052603282147,0,243,45,GROCERY,2026-07-23,2026-06-29,,UNKNOWN,https://fdc.nal.usda.gov/fdc-app.html#/food-details/2771789/nutrients
USDA-FDC-2771790,"Pacific Foods Organic Chicken Bone Broth With Black Garlic and Shiitake Mushroom, 32 oz Carton",CAMPBELL SOUP COMPANY,Herbs/Spices/Extracts,US,052603283120,00052603283120,0,235,17,GROCERY,2026-07-23,2026-06-29,,UNKNOWN,https://fdc.nal.usda.gov/fdc-app.html#/food-details/2771790/nutrients
USDA-FDC-2771791,"Pacific Foods Organic Chicken Noodle Soup, 16.1 oz Can",CAMPBELL SOUP COMPANY,Prepared Soups,US,052603283663,00052603283663,0,245,33,GROCERY,2026-07-23,2026-06-24,,UNKNOWN,https://fdc.nal.usda.gov/fdc-app.html#/food-details/2771791/nutrients
USDA-FDC-2771792,"Pacific Foods Organic Chicken and Wild Rice Soup, 16.3 oz Can",CAMPBELL SOUP COMPANY,Prepared Soups,US,052603283670,00052603283670,0,245,45,GROCERY,2026-07-23,2026-06-29,,UNKNOWN,https://fdc.nal.usda.gov/fdc-app.html#/food-details/2771792/nutrients
USDA-FDC-2771793,"Pacific Foods Organic Tomato Bisque Soup, 16.3 oz Can",CAMPBELL SOUP COMPANY,Prepared Soups,US,052603283687,00052603283687,0,245,69,GROCERY,2026-07-23,2026-06-29,,UNKNOWN,https://fdc.nal.usda.gov/fdc-app.html#/food-details/2771793/nutrients
USDA-FDC-2771795,"Pacific Foods Organic Poblano Pepper and Corn Chowder, 16.3 oz Can",CAMPBELL SOUP COMPANY,Prepared Soups,US,052603283885,00052603283885,0,245,73,GROCERY,2026-07-23,2026-06-29,,UNKNOWN,https://fdc.nal.usda.gov/fdc-app.html#/food-details/2771795/nutrients
USDA-FDC-2771796,"Pacific Foods Organic Hearty Vegetable Soup, Plant Based, 16.3 oz Can",CAMPBELL SOUP COMPANY,Prepared Soups,US,052603283908,00052603283908,0,245,33,GROCERY,2026-07-23,2026-06-29,,UNKNOWN,https://fdc.nal.usda.gov/fdc-app.html#/food-details/2771796/nutrients
USDA-FDC-2771797,"Pacific Foods Organic Chicken Bone Broth With Lemon Balm and Sage, 32 oz Carton",CAMPBELL SOUP COMPANY,Herbs/Spices/Extracts,US,052603284752,00052603284752,0,235,17,GROCERY,2026-07-23,2026-06-29,,UNKNOWN,https://fdc.nal.usda.gov/fdc-app.html#/food-details/2771797/nutrients
USDA-FDC-2771798,"Pacific Foods Organic Harvest Black Bean Chili, Plant Based, 16.5 oz Can",CAMPBELL SOUP COMPANY,Prepared Soups,US,052603284875,00052603284875,0,245,82,GROCERY,2026-07-23,2026-06-29,,UNKNOWN,https://fdc.nal.usda.gov/fdc-app.html#/food-details/2771798/nutrients
USDA-FDC-2771800,"Pacific Foods Organic White Bean Verde Chili, Plant Based, 16.5 oz Can",CAMPBELL SOUP COMPANY,Prepared Soups,US,052603284899,00052603284899,0,245,65,GROCERY,2026-07-23,2026-06-29,,UNKNOWN,https://fdc.nal.usda.gov/fdc-app.html#/food-details/2771800/nutrients
USDA-FDC-2771801,"Pacific Foods Organic Chicken Broth, 48 oz Carton",CAMPBELL SOUP COMPANY,Herbs/Spices/Extracts,US,052603287050,00052603287050,0,235,4,GROCERY,2026-07-23,2026-06-29,,UNKNOWN,https://fdc.nal.usda.gov/fdc-app.html#/food-details/2771801/nutrients
USDA-FDC-2771802,"Pacific Foods Low Sodium Organic Chicken Broth, 48 oz Carton",CAMPBELL SOUP COMPANY,Herbs/Spices/Extracts,US,052603287067,00052603287067,0,235,4,GROCERY,2026-07-23,2026-06-29,,UNKNOWN,https://fdc.nal.usda.gov/fdc-app.html#/food-details/2771802/nutrients
USDA-FDC-2771803,"Pacific Foods Organic Chicken Tortilla Soup, 16.3 oz Can",CAMPBELL SOUP COMPANY,Prepared Soups,US,052603289207,00052603289207,0,245,37,GROCERY,2026-07-23,2026-06-29,,UNKNOWN,https://fdc.nal.usda.gov/fdc-app.html#/food-details/2771803/nutrients
USDA-FDC-2771804,"Pacific Foods Organic Fire Roasted Vegetable Chili, Plant Based, 16.5 oz Can (8 Pack)",CAMPBELL SOUP COMPANY,Prepared Soups,US,052603289238,00052603289238,0,245,73,GROCERY,2026-07-23,2026-06-29,,UNKNOWN,https://fdc.nal.usda.gov/fdc-app.html#/food-details/2771804/nutrients
USDA-FDC-2771805,"Pacific Foods Organic Condensed Cream of Roasted Garlic and Herb Soup, 10.5 oz Can",CAMPBELL SOUP COMPANY,Prepared Soups,US,052603289641,00052603289641,0,126,63,GROCERY,2026-07-23,2026-06-29,,UNKNOWN,https://fdc.nal.usda.gov/fdc-app.html#/food-details/2771805/nutrients
USDA-FDC-2771806,"Pacific Foods Organic Condensed Cream of Celery Soup, 10.5 oz Can",CAMPBELL SOUP COMPANY,Prepared Soups,US,052603289658,00052603289658,0,126,56,GROCERY,2026-07-23,2026-06-29,,UNKNOWN,https://fdc.nal.usda.gov/fdc-app.html#/food-details/2771806/nutrients
USDA-FDC-2771807,"Pacific Foods Organic Free Range Chicken Broth, 8 fl oz (Case of 4)",CAMPBELL SOUP COMPANY,Prepared Soups,US,052603289948,00052603289948,0,240.695999146,4,GROCERY,2026-07-23,2026-06-29,,UNKNOWN,https://fdc.nal.usda.gov/fdc-app.html#/food-details/2771807/nutrients
USDA-FDC-2771808,"Pacific Foods Organic Unsweetened Coconut Milk, Plant Based Milk, 32 oz Carton",CAMPBELL SOUP COMPANY,Non Alcoholic Beverages - Ready to Drink,US,052603067515,00052603067515,0,242,17,GROCERY,2026-07-23,2026-06-29,,UNKNOWN,https://fdc.nal.usda.gov/fdc-app.html#/food-details/2771808/nutrients
USDA-FDC-2771858,"Pacific Foods Organic Coconut Milk, Plant Based Milk, 32 oz Carton",CAMPBELL SOUP COMPANY,Non Alcoholic Beverages - Ready to Drink,US,052603067508,00052603067508,0,242,25,GROCERY,2026-07-23,2026-06-29,,UNKNOWN,https://fdc.nal.usda.gov/fdc-app.html#/food-details/2771858/nutrients
USDA-FDC-2771859,"Pacific Foods Unsweetened Vanilla Hemp Milk, Plant Based Milk, 32 oz Carton",CAMPBELL SOUP COMPANY,Non Alcoholic Beverages - Ready to Drink,US,052603066044,00052603066044,0,240.768005371,29,GROCERY,2026-07-23,2026-06-29,,UNKNOWN,https://fdc.nal.usda.gov/fdc-app.html#/food-details/2771859/nutrients
USDA-FDC-2771860,"Pacific Foods Unsweetened Hemp Milk, Plant Based Milk, 32 oz Carton",CAMPBELL SOUP COMPANY,Non Alcoholic Beverages - Ready to Drink,US,052603066037,00052603066037,0,241,25,GROCERY,2026-07-23,2026-06-29,,UNKNOWN,https://fdc.nal.usda.gov/fdc-app.html#/food-details/2771860/nutrients
USDA-FDC-2771861,Smucker's 12 Ounce Hot Caramel Topping Each,The J.M. Smucker Company,Desserts/Dessert Sauces/Toppings,US,051500001219,00051500001219,0,40,350,FOOD_SERVICE|GROCERY,2026-07-23,2026-06-15,,UNKNOWN,https://fdc.nal.usda.gov/fdc-app.html#/food-details/2771861/nutrients
USDA-FDC-2771863,Smucker's 15.5 Ounce Low Sugar Grape Jelly - Each,The J.M. Smucker Company,Sweet Spreads,US,051500016671,00051500016671,0,17,147,FOOD_SERVICE|GROCERY,2026-07-23,2026-06-05,,UNKNOWN,https://fdc.nal.usda.gov/fdc-app.html#/food-details/2771863/nutrients
USDA-FDC-2771864,Smucker's 15.5 Oz Low Sugar Strawberry Preserves,The J.M. Smucker Company,Sweet Spreads,US,051500016695,00051500016695,0,17,147,FOOD_SERVICE|GROCERY,2026-07-23,2026-06-05,,UNKNOWN,https://fdc.nal.usda.gov/fdc-app.html#/food-details/2771864/nutrients
USDA-FDC-2771865,Smucker's Uncrustables 2.8 Ounce Peanut Butter & Apple Cinnamon Wheat 8 Pack,The J.M. Smucker Company,Sandwiches/Filled Rolls/Wraps,US,051500018453,00051500018453,0,80,400,FOOD_SERVICE|GROCERY,2026-07-23,2026-06-25,,UNKNOWN,https://fdc.nal.usda.gov/fdc-app.html#/food-details/2771865/nutrients
USDA-FDC-2771866,Smucker's 10 Ounce Simply Fruit Red Raspberry - Each,The J.M. Smucker Company,Sweet Spreads,US,051500023266,00051500023266,0,19,237,FOOD_SERVICE|GROCERY,2026-07-23,2026-06-09,,UNKNOWN,https://fdc.nal.usda.gov/fdc-app.html#/food-details/2771866/nutrients
USDA-FDC-2771867,Smucker's 20 Ounce Drizzle Butterscotch Each,The J.M. Smucker Company,Desserts/Dessert Sauces/Toppings,US,051500025116,00051500025116,0,40,250,FOOD_SERVICE|GROCERY,2026-07-23,2026-06-03,,UNKNOWN,https://fdc.nal.usda.gov/fdc-app.html#/food-details/2771867/nutrients
USDA-FDC-2771868,Smucker's 20 Ounce Drizzle Caramel Each,The J.M. Smucker Company,Desserts/Dessert Sauces/Toppings,US,051500025123,00051500025123,0,40,250,FOOD_SERVICE|GROCERY,2026-07-23,2026-06-03,,UNKNOWN,https://fdc.nal.usda.gov/fdc-app.html#/food-details/2771868/nutrients
USDA-FDC-2771869,Smucker's 20 Ounce Drizzle Strawberry Each,The J.M. Smucker Company,Desserts/Dessert Sauces/Toppings,US,051500025147,00051500025147,0,40,275,FOOD_SERVICE|GROCERY,2026-07-23,2026-06-11,,UNKNOWN,https://fdc.nal.usda.gov/fdc-app.html#/food-details/2771869/nutrients
USDA-FDC-2771870,Smucker's Drizzle 19.25 Ounce Sugar Free Caramel Each,The J.M. Smucker Company,Desserts/Dessert Sauces/Toppings,US,051500025185,00051500025185,0,39,231,FOOD_SERVICE|GROCERY,2026-07-23,2026-06-03,,UNKNOWN,https://fdc.nal.usda.gov/fdc-app.html#/food-details/2771870/nutrients
USDA-FDC-2771871,Smucker's 12.75 Ounce Sugar Free Red Raspberry Preserves- Each,The J.M. Smucker Company,Sweet Spreads,US,051500040010,00051500040010,0,17,59,FOOD_SERVICE|GROCERY,2026-07-23,2026-06-10,,UNKNOWN,https://fdc.nal.usda.gov/fdc-app.html#/food-details/2771871/nutrients
USDA-FDC-2771872,Smucker's 12.75 Ounce Sugar Free Apricot Preserves -Ea Each,The J.M. Smucker Company,Sweet Spreads,US,051500040027,00051500040027,0,17,59,FOOD_SERVICE|GROCERY,2026-07-23,2026-06-09,,UNKNOWN,https://fdc.nal.usda.gov/fdc-app.html#/food-details/2771872/nutrients
USDA-FDC-2771873,Smucker's 12.75 Ounce Sugar Free Grape Jam- Each,The J.M. Smucker Company,Sweet Spreads,US,051500040058,00051500040058,0,17,59,FOOD_SERVICE|GROCERY,2026-07-23,2026-06-09,,UNKNOWN,https://fdc.nal.usda.gov/fdc-app.html#/food-details/2771873/nutrients
USDA-FDC-2771874,Smucker's 12.75 Ounce Sugar Free Orange Marmalade-Each,The J.M. Smucker Company,Sweet Spreads,US,051500040065,00051500040065,0,17,59,FOOD_SERVICE|GROCERY,2026-07-23,2026-06-12,,UNKNOWN,https://fdc.nal.usda.gov/fdc-app.html#/food-details/2771874/nutrients
USDA-FDC-2771875,Smucker's 12.75 Ounce Sugar Free Seedless Strawberry Jam - Each,The J.M. Smucker Company,Sweet Spreads,US,051500040256,00051500040256,0,17,59,GROCERY,2026-07-23,2026-06-09,,UNKNOWN,https://fdc.nal.usda.gov/fdc-app.html#/food-details/2771875/nutrients
USDA-FDC-2771876,Smucker's Uncrustables 2 Ounce Reduced Sugar Wheat Peanut Butter & Grape Each,The J.M. Smucker Company,Sandwiches/Filled Rolls/Wraps,US,051500040317,00051500040317,0,58,328,GROCERY,2026-07-23,2026-06-29,,UNKNOWN,https://fdc.nal.usda.gov/fdc-app.html#/food-details/2771876/nutrients
USDA-FDC-2771877,Smucker's Uncrustables 2 Ounce Reduced Sugar Wheat Peanut Butter & Strawberry Each,The J.M. Smucker Company,Sandwiches/Filled Rolls/Wraps,US,051500040324,00051500040324,0,58,328,GROCERY,2026-07-23,2026-06-29,,UNKNOWN,https://fdc.nal.usda.gov/fdc-app.html#/food-details/2771877/nutrients
USDA-FDC-2771878,Smucker's 12.75 Ounce Sugar Free Seedless Blackberry - Each,The J.M. Smucker Company,Sweet Spreads,US,051500040416,00051500040416,0,17,59,FOOD_SERVICE|GROCERY,2026-07-23,2026-06-12,,UNKNOWN,https://fdc.nal.usda.gov/fdc-app.html#/food-details/2771878/nutrients
USDA-FDC-2771879,Smucker's 12.75 Ounce Sugar Free Strawberry Preserves - Each,The J.M. Smucker Company,Sweet Spreads,US,051500040423,00051500040423,0,17,59,FOOD_SERVICE|GROCERY,2026-07-23,2026-06-03,,UNKNOWN,https://fdc.nal.usda.gov/fdc-app.html#/food-details/2771879/nutrients
USDA-FDC-2771880,Smucker's 12.75 Ounce Sugar Free Peach Preserves - Each,The J.M. Smucker Company,Sweet Spreads,US,051500040614,00051500040614,0,17,59,GROCERY,2026-07-23,2026-06-11,,UNKNOWN,https://fdc.nal.usda.gov/fdc-app.html#/food-details/2771880/nutrients
USDA-FDC-2771881,Smucker's 12.75 Ounce Sugar Free Blueberry Preserves - Each,The J.M. Smucker Company,Sweet Spreads,US,051500040621,00051500040621,0,17,59,GROCERY,2026-07-23,2026-06-11,,UNKNOWN,https://fdc.nal.usda.gov/fdc-app.html#/food-details/2771881/nutrients
USDA-FDC-2771882,Smucker's 11.75 Ounce Strawberry Topping Each,The J.M. Smucker Company,Desserts/Dessert Sauces/Toppings,US,051500000267,00051500000267,0,39,256,FOOD_SERVICE|GROCERY,2026-07-23,2026-06-03,,UNKNOWN,https://fdc.nal.usda.gov/fdc-app.html#/food-details/2771882/nutrients
USDA-FDC-2771883,Smucker's 2.8 Ounce Uncrustables Peanut Butter & Strawberry Retail Each,The J.M. Smucker Company,Sandwiches/Filled Rolls/Wraps,US,051500050156,00051500050156,0,80,400,GROCERY,2026-07-23,2026-06-24,,UNKNOWN,https://fdc.nal.usda.gov/fdc-app.html#/food-details/2771883/nutrients
USDA-FDC-2771884,Smucker's 12 Ounce Pineapple Topping Each,The J.M. Smucker Company,Desserts/Dessert Sauces/Toppings,US,051500000250,00051500000250,0,40,275,FOOD_SERVICE|GROCERY,2026-07-23,2026-06-05,,UNKNOWN,https://fdc.nal.usda.gov/fdc-app.html#/food-details/2771884/nutrients
USDA-FDC-2771885,"Campbell's Protein Lemon Pepper Chicken Soup, 16.1 oz",CAMPBELL SOUP COMPANY,Prepared Soups,US,051000296641,00051000296641,0,245,65,GROCERY,2026-07-23,2026-06-29,,UNKNOWN,https://fdc.nal.usda.gov/fdc-app.html#/food-details/2771885/nutrients
USDA-FDC-2771886,"V8 Energy Zero Sugar Strawberry Lemonade, 11.5 fl. oz. Can",CAMPBELL SOUP COMPANY,Non Alcoholic Beverages - Ready to Drink,US,051000294852,00051000294852,0,340,1,GROCERY,2026-07-23,2026-06-29,,UNKNOWN,https://fdc.nal.usda.gov/fdc-app.html#/food-details/2771886/nutrients
USDA-FDC-2771887,"V8 Michelada Non-Alcoholic Drink Mix, 8 fl oz Can",CAMPBELL SOUP COMPANY,Non Alcoholic Beverages - Ready to Drink,US,051000294876,00051000294876,0,241,13,GROCERY,2026-07-23,2026-06-29,,UNKNOWN,https://fdc.nal.usda.gov/fdc-app.html#/food-details/2771887/nutrients
USDA-FDC-2771888,"V8 Michelada Non-Alcoholic Drink Mix, 8 fl oz (6 Pack)",CAMPBELL SOUP COMPANY,Non Alcoholic Beverages - Ready to Drink,US,051000294883,00051000294883,0,241,13,GROCERY,2026-07-23,2026-06-29,,UNKNOWN,https://fdc.nal.usda.gov/fdc-app.html#/food-details/2771888/nutrients
USDA-FDC-2771889,"Prego Lemon Alfredo Sauce, 14.5 oz Jar",CAMPBELL SOUP COMPANY,Sauces/Spreads/Dips/Condiments,US,051000294913,00051000294913,0,61,131,GROCERY,2026-07-23,2026-06-29,,UNKNOWN,https://fdc.nal.usda.gov/fdc-app.html#/food-details/2771889/nutrients
USDA-FDC-2771890,"Prego Cajun Alfredo Pasta Sauce, 14.5 oz Jar",CAMPBELL SOUP COMPANY,Sauces/Spreads/Dips/Condiments,US,051000294937,00051000294937,0,61,131,GROCERY,2026-07-23,2026-06-29,,UNKNOWN,https://fdc.nal.usda.gov/fdc-app.html#/food-details/2771890/nutrients
USDA-FDC-2771891,V8 Energy Zero Sugar Cherry Lime 11.5 fl. oz. Can,CAMPBELL SOUP COMPANY,Non Alcoholic Beverages - Ready to Drink,US,051000294951,00051000294951,0,340,1,GROCERY,2026-07-23,2026-06-29,,UNKNOWN,https://fdc.nal.usda.gov/fdc-app.html#/food-details/2771891/nutrients
USDA-FDC-2771892,V8 Energy Zero Sugar Cherry Lime Energy Drink 8 fl. oz. Can (6 Pack),CAMPBELL SOUP COMPANY,Non Alcoholic Beverages - Ready to Drink,US,051000294975,00051000294975,0,236,2,GROCERY,2026-07-23,2026-06-29,,UNKNOWN,https://fdc.nal.usda.gov/fdc-app.html#/food-details/2771892/nutrients
USDA-FDC-2771893,"V8 Energy Zero Sugar Strawberry Lemonade, 8 fl. oz. Can",CAMPBELL SOUP COMPANY,Non Alcoholic Beverages - Ready to Drink,US,051000294982,00051000294982,0,236,2,GROCERY,2026-07-23,2026-06-29,,UNKNOWN,https://fdc.nal.usda.gov/fdc-app.html#/food-details/2771893/nutrients
USDA-FDC-2771894,"V8 Energy Zero Sugar Strawberry Lemonade, 8 fl. oz. Can (6 Pack)",CAMPBELL SOUP COMPANY,Non Alcoholic Beverages - Ready to Drink,US,051000294999,00051000294999,0,236,2,GROCERY,2026-07-23,2026-06-29,,UNKNOWN,https://fdc.nal.usda.gov/fdc-app.html#/food-details/2771894/nutrients
USDA-FDC-2771895,"V8 Energy Zero Sugar Blueberry Raspberry, 11.5 fl. oz. Can",CAMPBELL SOUP COMPANY,Non Alcoholic Beverages - Ready to Drink,US,051000295040,00051000295040,0,340,1,GROCERY,2026-07-23,2026-06-29,,UNKNOWN,https://fdc.nal.usda.gov/fdc-app.html#/food-details/2771895/nutrients
USDA-FDC-2771896,"V8 Energy Zero Sugar Blueberry Raspberry, 8 fl. oz. Can (6 Pack)",CAMPBELL SOUP COMPANY,Non Alcoholic Beverages - Ready to Drink,US,051000295064,00051000295064,0,236,2,GROCERY,2026-07-23,2026-06-29,,UNKNOWN,https://fdc.nal.usda.gov/fdc-app.html#/food-details/2771896/nutrients
USDA-FDC-2771900,Prego Margherita Sauce 23.75 oz Jar,CAMPBELL SOUP COMPANY,Sauces/Spreads/Dips/Condiments,US,051000296160,00051000296160,0,130,46,GROCERY,2026-07-23,2026-06-29,,UNKNOWN,https://fdc.nal.usda.gov/fdc-app.html#/food-details/2771900/nutrients
USDA-FDC-2771904,"Campbell's Protein Southwest Black Bean Soup, 16.3 Oz Can",CAMPBELL SOUP COMPANY,Prepared Soups,US,051000296610,00051000296610,0,245,69,GROCERY,2026-07-23,2026-06-29,,UNKNOWN,https://fdc.nal.usda.gov/fdc-app.html#/food-details/2771904/nutrients
USDA-FDC-2771905,"Campbell's Protein Mediterranean Lentil Soup, 16.3 Oz Can",CAMPBELL SOUP COMPANY,Prepared Soups,US,051000296627,00051000296627,0,245,61,GROCERY,2026-07-23,2026-06-29,,UNKNOWN,https://fdc.nal.usda.gov/fdc-app.html#/food-details/2771905/nutrients
USDA-FDC-2771906,"Campbell's Protein Italian Style Wedding Soup, 16.1 Oz",CAMPBELL SOUP COMPANY,Prepared Soups,US,051000296634,00051000296634,0,245,65,GROCERY,2026-07-23,2026-06-29,,UNKNOWN,https://fdc.nal.usda.gov/fdc-app.html#/food-details/2771906/nutrients
USDA-FDC-2771907,"Campbell's Protein Homestyle Chicken and Rotini Soup, 16.1 Oz Can",CAMPBELL SOUP COMPANY,Prepared Soups,US,051000296658,00051000296658,0,245,53,GROCERY,2026-07-23,2026-06-29,,UNKNOWN,https://fdc.nal.usda.gov/fdc-app.html#/food-details/2771907/nutrients
USDA-FDC-2771908,Smucker's 2.8 Ounce Uncrustables Peanut Butter & Grape Retail Each,The J.M. Smucker Company,Sandwiches/Filled Rolls/Wraps,US,051500050163,00051500050163,0,80,400,GROCERY,2026-07-23,2026-06-24,,UNKNOWN,https://fdc.nal.usda.gov/fdc-app.html#/food-details/2771908/nutrients
USDA-FDC-2771909,Smucker's 17.4 Ounce Squeeze Reduced Sugar Strawberry Each,The J.M. Smucker Company,Sweet Spreads,US,051500057155,00051500057155,0,17,118,FOOD_SERVICE|GROCERY,2026-07-23,2026-06-05,,UNKNOWN,https://fdc.nal.usda.gov/fdc-app.html#/food-details/2771909/nutrients
USDA-FDC-2771910,Smucker's Natural Seedless Blackberry Jam 1/2 Ounce Portion Control,The J.M. Smucker Company,Sweet Spreads,US,051500104545,00051500104545,0,14,250,FOOD_SERVICE|GROCERY,2026-07-23,2026-06-05,,UNKNOWN,https://fdc.nal.usda.gov/fdc-app.html#/food-details/2771910/nutrients
USDA-FDC-2771911,"Pacific Foods Organic Cashew Carrot Ginger Soup, 32 oz Carton",CAMPBELL SOUP COMPANY,Prepared Soups,US,052603042550,00052603042550,0,245,45,GROCERY,2026-07-23,2026-06-29,,UNKNOWN,https://fdc.nal.usda.gov/fdc-app.html#/food-details/2771911/nutrients
USDA-FDC-2771912,"Pacific Foods Light in Sodium Organic Butternut Squash Soup, 32 oz Carton",CAMPBELL SOUP COMPANY,Prepared Soups,US,052603042819,00052603042819,0,245,41,GROCERY,2026-07-23,2026-06-29,,UNKNOWN,https://fdc.nal.usda.gov/fdc-app.html#/food-details/2771912/nutrients
USDA-FDC-2771913,"Pacific Foods Light in Sodium Organic Creamy Tomato Soup, 32 oz Carton",CAMPBELL SOUP COMPANY,Prepared Soups,US,052603042826,00052603042826,0,242,45,CHILD_NUTRITION_FOOD_PROGRAMS|GROCERY,2026-07-23,2026-06-29,,UNKNOWN,https://fdc.nal.usda.gov/fdc-app.html#/food-details/2771913/nutrients
USDA-FDC-2771914,"Pacific Foods Light in Sodium Organic Roasted Red Pepper and Tomato Soup, 32 oz Carton",CAMPBELL SOUP COMPANY,Prepared Soups,US,052603042833,00052603042833,0,243,45,CHILD_NUTRITION_FOOD_PROGRAMS|GROCERY,2026-07-23,2026-06-29,,UNKNOWN,https://fdc.nal.usda.gov/fdc-app.html#/food-details/2771914/nutrients
USDA-FDC-2771916,"Pacific Foods Free Range Chicken Broth, 32 oz Carton",CAMPBELL SOUP COMPANY,Herbs/Spices/Extracts,US,052603054003,00052603054003,0,235,4,GROCERY,2026-07-23,2026-06-29,,UNKNOWN,https://fdc.nal.usda.gov/fdc-app.html#/food-details/2771916/nutrients
USDA-FDC-2771917,"Pacific Foods Organic Vegetable Broth, Plant Based, 32 oz Carton",CAMPBELL SOUP COMPANY,Herbs/Spices/Extracts,US,052603054102,00052603054102,0,235,4,GROCERY,2026-07-23,2026-06-29,,UNKNOWN,https://fdc.nal.usda.gov/fdc-app.html#/food-details/2771917/nutrients
USDA-FDC-2771918,"Pacific Foods Organic Free Range Chicken Broth, 32 oz Carton",CAMPBELL SOUP COMPANY,Herbs/Spices/Extracts,US,052603054256,00052603054256,0,235,4,GROCERY,2026-07-23,2026-06-29,,UNKNOWN,https://fdc.nal.usda.gov/fdc-app.html#/food-details/2771918/nutrients
USDA-FDC-2771919,"Pacific Foods Beef Broth, 32 oz Carton",CAMPBELL SOUP COMPANY,Herbs/Spices/Extracts,US,052603054409,00052603054409,0,235,9,GROCERY,2026-07-23,2026-06-29,,UNKNOWN,https://fdc.nal.usda.gov/fdc-app.html#/food-details/2771919/nutrients
USDA-FDC-2771920,"Pacific Foods Organic Beef Broth, 32 oz Carton",CAMPBELL SOUP COMPANY,Herbs/Spices/Extracts,US,052603054447,00052603054447,0,235,4,GROCERY,2026-07-23,2026-06-29,,UNKNOWN,https://fdc.nal.usda.gov/fdc-app.html#/food-details/2771920/nutrients
USDA-FDC-2771921,"Pacific Foods Low Sodium Organic Free Range Chicken Broth, 32 oz Carton",CAMPBELL SOUP COMPANY,Herbs/Spices/Extracts,US,052603054454,00052603054454,0,235,4,GROCERY,2026-07-23,2026-06-29,,UNKNOWN,https://fdc.nal.usda.gov/fdc-app.html#/food-details/2771921/nutrients
USDA-FDC-2771922,"Pacific Foods Organic Beef Bone Broth, 32 oz Carton",CAMPBELL SOUP COMPANY,Herbs/Spices/Extracts,US,052603056052,00052603056052,0,235,17,GROCERY,2026-07-23,2026-06-29,,UNKNOWN,https://fdc.nal.usda.gov/fdc-app.html#/food-details/2771922/nutrients
USDA-FDC-2771923,"Pacific Foods Organic Unsalted Chicken Bone Broth, 32 oz Carton",CAMPBELL SOUP COMPANY,Herbs/Spices/Extracts,US,052603056076,00052603056076,0,243,21,GROCERY,2026-07-23,2026-06-29,,UNKNOWN,https://fdc.nal.usda.gov/fdc-app.html#/food-details/2771923/nutrients
USDA-FDC-2771924,"Pacific Foods Organic Chicken Bone Broth With Sea Salt, 32 oz Carton",CAMPBELL SOUP COMPANY,Herbs/Spices/Extracts,US,052603056120,00052603056120,0,235,21,GROCERY,2026-07-23,2026-06-29,,UNKNOWN,https://fdc.nal.usda.gov/fdc-app.html#/food-details/2771924/nutrients
USDA-FDC-2771925,"Pacific Foods Organic Chicken Stock, 32 oz Carton",CAMPBELL SOUP COMPANY,Herbs/Spices/Extracts,US,052603056304,00052603056304,0,242.544006348,12,GROCERY,2026-07-23,2026-06-29,,UNKNOWN,https://fdc.nal.usda.gov/fdc-app.html#/food-details/2771925/nutrients
USDA-FDC-2771926,"Pacific Foods Organic Unsalted Chicken Stock, 32 oz Carton",CAMPBELL SOUP COMPANY,Herbs/Spices/Extracts,US,052603056311,00052603056311,0,235,13,GROCERY,2026-07-23,2026-06-29,,UNKNOWN,https://fdc.nal.usda.gov/fdc-app.html#/food-details/2771926/nutrients
USDA-FDC-2771927,"Pacific Foods Original Organic Almond Milk, Plant Based Milk, 32 oz Carton",CAMPBELL SOUP COMPANY,Non Alcoholic Beverages - Ready to Drink,US,052603065009,00052603065009,0,242.904006958,25,GROCERY,2026-07-23,2026-06-29,,UNKNOWN,https://fdc.nal.usda.gov/fdc-app.html#/food-details/2771927/nutrients
USDA-FDC-2771928,"Pacific Foods Organic Unsweetened Almond Milk, Plant Based Milk, 32 oz Carton",CAMPBELL SOUP COMPANY,Non Alcoholic Beverages - Ready to Drink,US,052603065030,00052603065030,0,242,17,GROCERY,2026-07-23,2026-06-29,,UNKNOWN,https://fdc.nal.usda.gov/fdc-app.html#/food-details/2771928/nutrients
USDA-FDC-2771929,"Pacific Foods Original Organic Oat Milk, Plant Based Milk, 32 oz Carton",CAMPBELL SOUP COMPANY,Non Alcoholic Beverages - Ready to Drink,US,052603065702,00052603065702,0,242,45,GROCERY,2026-07-23,2026-06-29,,UNKNOWN,https://fdc.nal.usda.gov/fdc-app.html#/food-details/2771929/nutrients
USDA-FDC-2771930,"Pacific Foods Original Hemp Milk, Plant Based Milk, 32 oz Carton",CAMPBELL SOUP COMPANY,Non Alcoholic Beverages - Ready to Drink,US,052603066006,00052603066006,0,249.479995728,56,GROCERY,2026-07-23,2026-06-29,,UNKNOWN,https://fdc.nal.usda.gov/fdc-app.html#/food-details/2771930/nutrients
USDA-FDC-2771931,"Pacific Foods Vanilla Hemp Milk, Plant Based Milk, 32 oz Carton",CAMPBELL SOUP COMPANY,Non Alcoholic Beverages - Ready to Drink,US,052603066013,00052603066013,0,246,69,GROCERY,2026-07-23,2026-06-29,,UNKNOWN,https://fdc.nal.usda.gov/fdc-app.html#/food-details/2771931/nutrients
USDA-FDC-2771932,"Pacific Foods Organic Roasted Red Pepper and Tomato Soup, 32 oz Carton",CAMPBELL SOUP COMPANY,Prepared Soups,US,052603041843,00052603041843,0,243,45,GROCERY,2026-07-23,2026-06-29,,UNKNOWN,https://fdc.nal.usda.gov/fdc-app.html#/food-details/2771932/nutrients
USDA-FDC-2771933,"Pacific Foods Organic Butternut Squash Soup, 32 oz Carton",CAMPBELL SOUP COMPANY,Prepared Soups,US,052603041805,00052603041805,0,245,41,GROCERY,2026-07-23,2026-06-29,,UNKNOWN,https://fdc.nal.usda.gov/fdc-app.html#/food-details/2771933/nutrients
USDA-FDC-2771934,"Pacific Foods Organic Creamy Tomato Soup, 32 oz Carton",CAMPBELL SOUP COMPANY,Prepared Soups,US,052603041201,00052603041201,0,243,41,GROCERY,2026-07-23,2026-06-29,,UNKNOWN,https://fdc.nal.usda.gov/fdc-app.html#/food-details/2771934/nutrients
USDA-FDC-2771935,"Pacific Foods Organic Mushroom Broth, 32 oz Carton",CAMPBELL SOUP COMPANY,Herbs/Spices/Extracts,US,052603041003,00052603041003,0,235,2,GROCERY,2026-07-23,2026-06-29,,UNKNOWN,https://fdc.nal.usda.gov/fdc-app.html#/food-details/2771935/nutrients
USDA-FDC-2771936,Smucker's Uncrustables 1.8 Ounce Peanut Butter and Chocolate Hazelnut Each,The J.M. Smucker Company,Sandwiches/Filled Rolls/Wraps,US,051500141915,00051500141915,0,52,404,GROCERY,2026-07-23,2026-06-29,,UNKNOWN,https://fdc.nal.usda.gov/fdc-app.html#/food-details/2771936/nutrients
USDA-FDC-2771942,JIF 12 OUNCE CRUNCHY PEANUT BUTTER TO GO,The J.M. Smucker Company,Nuts/Seeds - Prepared/Processed,US,051500241301,00051500241301,0,43,581,FOOD_SERVICE|GROCERY,2026-07-23,2026-06-05,,UNKNOWN,https://fdc.nal.usda.gov/fdc-app.html#/food-details/2771942/nutrients
USDA-FDC-2771943,JIF 54 OUNCE CREAMY PEANUT BUTTER TO GO 36 PACK 36 Count Case,The J.M. Smucker Company,Nuts/Seeds - Prepared/Processed,US,051500241431,00051500241431,0,43,581,GROCERY,2026-07-23,2026-06-03,,UNKNOWN,https://fdc.nal.usda.gov/fdc-app.html#/food-details/2771943/nutrients
USDA-FDC-2771944,JIF 12 OUNCE NATURAL CREAMY PEANUT BUTTER TO GO,The J.M. Smucker Company,Nuts/Seeds - Prepared/Processed,US,051500243077,00051500243077,0,43,581,FOOD_SERVICE|GROCERY,2026-07-23,2026-06-05,,UNKNOWN,https://fdc.nal.usda.gov/fdc-app.html#/food-details/2771944/nutrients
USDA-FDC-2771945,JIF 16 OUNCE NATURAL CREAMY PEANUT BUTTER HONEY Each,The J.M. Smucker Company,Nuts/Seeds - Prepared/Processed,US,051500255780,00051500255780,0,34,559,FOOD_SERVICE|GROCERY,2026-07-23,2026-06-05,,UNKNOWN,https://fdc.nal.usda.gov/fdc-app.html#/food-details/2771945/nutrients
USDA-FDC-2771947,Smucker's Uncrustables 2.0 Ounce Peanut Butter & Berry 4 Pack,The J.M. Smucker Company,Sandwiches/Filled Rolls/Wraps,US,051500319543,00051500319543,0,58,362,FOOD_SERVICE|GROCERY,2026-07-23,2026-06-09,,UNKNOWN,https://fdc.nal.usda.gov/fdc-app.html#/food-details/2771947/nutrients
USDA-FDC-2771948,Smucker's 30 Ounce Strawberry Jam Each,The J.M. Smucker Company,Sweet Spreads,US,051500442951,00051500442951,0,20,250,FOOD_SERVICE|GROCERY,2026-07-23,2026-06-30,,UNKNOWN,https://fdc.nal.usda.gov/fdc-app.html#/food-details/2771948/nutrients
USDA-FDC-2771949,Smucker's 16.5 Ounce Squeeze Sugar Free Strawberry Each,The J.M. Smucker Company,Sweet Spreads,US,051500481172,00051500481172,0,17,59,FOOD_SERVICE|GROCERY,2026-07-23,2026-06-09,,UNKNOWN,https://fdc.nal.usda.gov/fdc-app.html#/food-details/2771949/nutrients
USDA-FDC-2771950,Smucker's Uncrustables 2.8 Ounce Peanut Butter & Strawberry Wheat 8 Pack,The J.M. Smucker Company,Sandwiches/Filled Rolls/Wraps,US,051500516508,00051500516508,0,80,400,FOOD_SERVICE|GROCERY,2026-07-23,2026-06-01,,UNKNOWN,https://fdc.nal.usda.gov/fdc-app.html#/food-details/2771950/nutrients
USDA-FDC-2771951,Smucker's Uncrustables 2.0 Ounce Peanut Butter and Mixed Berry Sandwich Each,The J.M. Smucker Company,Sandwiches/Filled Rolls/Wraps,US,051500719398,00051500719398,0,58,362,GROCERY,2026-07-23,2026-06-09,,UNKNOWN,https://fdc.nal.usda.gov/fdc-app.html#/food-details/2771951/nutrients
USDA-FDC-2771952,Smucker's 2.8 Ounce Uncrustables Peanut Butter & Strawberry Wheat Each,The J.M. Smucker Company,Sandwiches/Filled Rolls/Wraps,US,051500736890,00051500736890,0,80,400,GROCERY,2026-07-23,2026-06-25,,UNKNOWN,https://fdc.nal.usda.gov/fdc-app.html#/food-details/2771952/nutrients
USDA-FDC-2771953,Smucker's 16.5 Ounce Squeeze Sugar Free Grape Each,The J.M. Smucker Company,Sweet Spreads,US,051500793596,00051500793596,0,17,59,FOOD_SERVICE|GROCERY,2026-07-23,2026-07-01,,UNKNOWN,https://fdc.nal.usda.gov/fdc-app.html#/food-details/2771953/nutrients
USDA-FDC-2771954,Smucker's 2.8 Ounce Uncrustables Peanut Butter & Apple Cinnamon Wheat Each,The J.M. Smucker Company,Sandwiches/Filled Rolls/Wraps,US,051500823606,00051500823606,0,80,400,GROCERY,2026-07-23,2026-06-25,,UNKNOWN,https://fdc.nal.usda.gov/fdc-app.html#/food-details/2771954/nutrients
USDA-FDC-2771955,Smucker's 2.8 Ounce Uncrustables Peanut Butter & Strawberry 18 Pack,The J.M. Smucker Company,Sandwiches/Filled Rolls/Wraps,US,051500826140,00051500826140,0,80,400,GROCERY,2026-07-23,2026-06-24,,UNKNOWN,https://fdc.nal.usda.gov/fdc-app.html#/food-details/2771955/nutrients
USDA-FDC-2771956,Smucker's Uncrustables 1.8 Ounce Peanut Butter & Chocolate Hazelnut 4 Pack,The J.M. Smucker Company,Sandwiches/Filled Rolls/Wraps,US,051500946077,00051500946077,0,52,404,FOOD_SERVICE|GROCERY,2026-07-23,2026-06-29,,UNKNOWN,https://fdc.nal.usda.gov/fdc-app.html#/food-details/2771956/nutrients
USDA-FDC-2771957,"Pacific Foods Organic Tomato Basil Soup, 32 oz Carton",CAMPBELL SOUP COMPANY,Prepared Soups,US,052603040945,00052603040945,0,243,33,GROCERY,2026-07-23,2026-06-29,,UNKNOWN,https://fdc.nal.usda.gov/fdc-app.html#/food-details/2771957/nutrients
USDA-FDC-2771958,Smucker's 30 Ounce Red Raspberry Preserves Each,The J.M. Smucker Company,Sweet Spreads,US,051500427682,00051500427682,0,20,250,FOOD_SERVICE|GROCERY,2026-07-23,2026-06-02,,UNKNOWN,https://fdc.nal.usda.gov/fdc-app.html#/food-details/2771958/nutrients
USDA-FDC-2771959,"Campbell's Chunky Soup, Minestrone with Italian Sausage Soup, 18.8 Oz Can",CAMPBELL SOUP COMPANY,Prepared Soups,US,051000234049,00051000234049,0,245,73,GROCERY,2026-07-23,2026-06-29,,UNKNOWN,https://fdc.nal.usda.gov/fdc-app.html#/food-details/2771959/nutrients
USDA-FDC-2771961,"Kettle Brand Potato Chips, Sea Salt Kettle Chips, Party Size, 13 Oz",SNYDER'S-LANCE INC.,Snacks,US,084114032164,00084114032164,0,28,536,GROCERY,2026-07-23,2026-06-29,,UNKNOWN,https://fdc.nal.usda.gov/fdc-app.html#/food-details/2771961/nutrients
USDA-FDC-2772073,CAMPBELL'S CLASSIC CONDENSED SHELF STABLE SOUP CREAM OF CHICKEN,CAMPBELL SOUP COMPANY,Prepared Soups,US,10051000010367,10051000010367,0,126,79,CHILD_NUTRITION_FOOD_PROGRAMS|GROCERY,2026-07-23,2026-06-29,,UNKNOWN,https://fdc.nal.usda.gov/fdc-app.html#/food-details/2772073/nutrients
USDA-FDC-2772082,CAMPBELL'S FROZEN ENTREE STUFFED GREEN PEPPERS,CAMPBELL SOUP COMPANY,Vegetable Based Products / Meals,US,10051000081596,10051000081596,0,189,101,CHILD_NUTRITION_FOOD_PROGRAMS|GROCERY,2026-07-23,2026-06-29,,UNKNOWN,https://fdc.nal.usda.gov/fdc-app.html#/food-details/2772082/nutrients
USDA-FDC-2772103,"Pace Medium Picante Sauce, 138 oz Jug (4 Pack)",CAMPBELL SOUP COMPANY,Sauces/Spreads/Dips/Condiments,US,10041565149626,10041565149626,0,32,31,CHILD_NUTRITION_FOOD_PROGRAMS|GROCERY,2026-07-23,2026-06-29,,UNKNOWN,https://fdc.nal.usda.gov/fdc-app.html#/food-details/2772103/nutrients
USDA-FDC-2772145,"V8 Splash Tropical Blend Flavored Beverage, 96 fl oz Bottle (6 Pack)",CAMPBELL SOUP COMPANY,Non Alcoholic Beverages - Ready to Drink,US,10051000199819,10051000199819,0,242,30,GROCERY,2026-07-23,2026-06-29,,UNKNOWN,https://fdc.nal.usda.gov/fdc-app.html#/food-details/2772145/nutrients
USDA-FDC-2772147,"Campbell's Condensed Heart Healthy Tomato Soup, 23.2 oz Family Size Can (12 Pack)",CAMPBELL SOUP COMPANY,Prepared Soups,US,10051000212402,10051000212402,0,124,56,CHILD_NUTRITION_FOOD_PROGRAMS|GROCERY,2026-07-23,2026-06-29,,UNKNOWN,https://fdc.nal.usda.gov/fdc-app.html#/food-details/2772147/nutrients
USDA-FDC-2772151,"Pacific Foods Light in Sodium Organic Creamy Tomato Soup, 32 oz Carton (12 Pack)",CAMPBELL SOUP COMPANY,Prepared Soups,US,10052603042823,10052603042823,0,242,45,CHILD_NUTRITION_FOOD_PROGRAMS|GROCERY,2026-07-23,2026-06-29,,UNKNOWN,https://fdc.nal.usda.gov/fdc-app.html#/food-details/2772151/nutrients
USDA-FDC-2772153,"Pacific Foods Organic Light in Sodium Roasted Red Pepper and Tomato Soup, 32 Oz (12 Pack)",CAMPBELL SOUP COMPANY,Prepared Soups,US,10052603295847,10052603295847,0,241.899993896,45,CHILD_NUTRITION_FOOD_PROGRAMS|GROCERY,2026-07-23,2026-06-29,,UNKNOWN,https://fdc.nal.usda.gov/fdc-app.html#/food-details/2772153/nutrients
USDA-FDC-2772154,"Pacific Foods Light in Sodium Creamy Tomato Soup, 32 Oz (12 Pack)",CAMPBELL SOUP COMPANY,Prepared Soups,US,10052603295854,10052603295854,0,245.100006104,45,CHILD_NUTRITION_FOOD_PROGRAMS|GROCERY,2026-07-23,2026-06-29,,UNKNOWN,https://fdc.nal.usda.gov/fdc-app.html#/food-details/2772154/nutrients
USDA-FDC-2772193,"Pepperidge Farm Bakery Classics Side Sliced Golden Potato Hot Dog Buns, 14 oz. Bag, 8-pack",PEPPERIDGE FARM INC,Bread,US,014100043805,00014100043805,0,50,280,GROCERY,2026-07-23,2026-06-29,,UNKNOWN,https://fdc.nal.usda.gov/fdc-app.html#/food-details/2772193/nutrients
USDA-FDC-2772194,"Pepperidge Farm Goldfish Cheddar Crackers, 1.5 oz. Single-Serve Snack Pack",PEPPERIDGE FARM INC,Biscuits/Cookies,US,014100077602,00014100077602,0,43,465,GROCERY,2026-07-23,2026-06-29,,UNKNOWN,https://fdc.nal.usda.gov/fdc-app.html#/food-details/2772194/nutrients
USDA-FDC-2772221,"V8 Spicy Cajun 100% Vegetable Juice, 8 fl oz Can (6 Pack)",CAMPBELL SOUP COMPANY,Non Alcoholic Beverages - Ready to Drink,US,051000297846,00051000297846,0,241,19,GROCERY,2026-07-23,2026-06-29,,UNKNOWN,https://fdc.nal.usda.gov/fdc-app.html#/food-details/2772221/nutrients
USDA-FDC-2772250,"DEVOUR Chicken Cordon Bleu Mac & Cheese Frozen Meal, 10.5 oz Box",Kraft Foods Inc.,Ready-Made Combination Meals,US,025155000194,00025155000194,0,297,158,GROCERY,2026-07-23,2026-06-25,,UNKNOWN,https://fdc.nal.usda.gov/fdc-app.html#/food-details/2772250/nutrients
USDA-FDC-2772261,"Ore-Ida Crispy Tater Tots Seasoned Shredded Frozen Potatoes, 1 Bag, for Easy Snacks and Dinner Sides, Gluten-Free, 32 oz",Kraft Foods Inc.,Ready-Made Combination Meals,US,013120000829,00013120000829,0,86,151,GROCERY,2026-07-23,2026-07-01,,UNKNOWN,https://fdc.nal.usda.gov/fdc-app.html#/food-details/2772261/nutrients
USDA-FDC-2772292,"Cape Cod Less Fat Sweet Mesquite Barbeque Chips, 1.37 Oz Bag",SNYDER'S-LANCE INC.,Snacks,US,30020685000776,30020685000776,0,38,474,CHILD_NUTRITION_FOOD_PROGRAMS|GROCERY,2026-07-23,2026-06-29,,UNKNOWN,https://fdc.nal.usda.gov/fdc-app.html#/food-details/2772292/nutrients
USDA-FDC-2772330,Smart Way by Kroger Seedless Raisins 32oz Reclosable Zipper Bag,Kroger Corporate Brands,Fruit - Prepared/Processed,US,011110169679,00011110169679,0,40,300,CONVENIENCE|FOOD_SERVICE|GROCERY,2026-07-23,2026-06-02,,UNKNOWN,https://fdc.nal.usda.gov/fdc-app.html#/food-details/2772330/nutrients
USDA-FDC-2772331,Smart Way by Kroger Seedless Raisins 6-Count/1oz Cartons,Kroger Corporate Brands,Fruit - Prepared/Processed,US,011110170170,00011110170170,0,28,321,CONVENIENCE|FOOD_SERVICE|GROCERY,2026-07-23,2026-06-02,,UNKNOWN,https://fdc.nal.usda.gov/fdc-app.html#/food-details/2772331/nutrients
USDA-FDC-2772332,Smart Way by Kroger Seedless Raisins 20oz Reclosable Canister,Kroger Corporate Brands,Fruit - Prepared/Processed,US,011110170187,00011110170187,0,40,300,CONVENIENCE|FOOD_SERVICE|GROCERY,2026-07-23,2026-06-02,,UNKNOWN,https://fdc.nal.usda.gov/fdc-app.html#/food-details/2772332/nutrients
USDA-FDC-2772431,"Late July Snacks, Jalapeno Lime Tortilla Chips, 2 Oz Snack Bag",SNYDER'S-LANCE INC.,Snacks,US,815099020200,00815099020200,0,56,536,GROCERY,2026-07-23,2026-06-29,,UNKNOWN,https://fdc.nal.usda.gov/fdc-app.html#/food-details/2772431/nutrients
USDA-FDC-2772432,"Late July Snacks, Nacho Cheese Tortilla Chips, 2 Oz Bag",SNYDER'S-LANCE INC.,Snacks,US,815099020217,00815099020217,0,56,536,GROCERY,2026-07-23,2026-06-29,,UNKNOWN,https://fdc.nal.usda.gov/fdc-app.html#/food-details/2772432/nutrients
USDA-FDC-2772433,"Late July Sea Salt & Lime Organic Tortilla Chips, 22 Oz Bag",SNYDER'S-LANCE INC.,Snacks,US,815099020446,00815099020446,0,28,464,GROCERY,2026-07-23,2026-06-29,,UNKNOWN,https://fdc.nal.usda.gov/fdc-app.html#/food-details/2772433/nutrients
USDA-FDC-2772463,"Kettle Brand Potato Chips, Jalapeno Kettle Chips, Party Size, 13 Oz",SNYDER'S-LANCE INC.,Snacks,US,084114123572,00084114123572,0,28,536,GROCERY,2026-07-23,2026-06-29,,UNKNOWN,https://fdc.nal.usda.gov/fdc-app.html#/food-details/2772463/nutrients
USDA-FDC-2772464,"Kettle Brand Potato Chips, Krinkle Cut, Dill Pickle Kettle Chips, 5 Oz",SNYDER'S-LANCE INC.,Snacks,US,084114128041,00084114128041,0,28,536,GROCERY,2026-07-23,2026-06-29,,UNKNOWN,https://fdc.nal.usda.gov/fdc-app.html#/food-details/2772464/nutrients
USDA-FDC-2772465,"Kettle Brand Potato Chips, Pepperoncini Kettle Chips, 5 Oz",SNYDER'S-LANCE INC.,Snacks,US,084114221964,00084114221964,0,28,500,GROCERY,2026-07-23,2026-06-29,,UNKNOWN,https://fdc.nal.usda.gov/fdc-app.html#/food-details/2772465/nutrients
USDA-FDC-2772466,"Kettle Brand Potato Chips, Pepperoncini Kettle Chips, 8.5 Oz",SNYDER'S-LANCE INC.,Snacks,US,084114221971,00084114221971,0,28,500,GROCERY,2026-07-23,2026-06-29,,UNKNOWN,https://fdc.nal.usda.gov/fdc-app.html#/food-details/2772466/nutrients
USDA-FDC-2772467,"Kettle Brand Potato Chips, Farmstand Ranch Kettle Chips, 5 Oz",SNYDER'S-LANCE INC.,Snacks,US,084114901187,00084114901187,0,28,500,GROCERY,2026-07-23,2026-06-29,,UNKNOWN,https://fdc.nal.usda.gov/fdc-app.html#/food-details/2772467/nutrients
USDA-FDC-2772468,"Kettle Brand Potato Chips, Parmesan Garlic Kettle Chips, 5 Oz",SNYDER'S-LANCE INC.,Snacks,US,084114901200,00084114901200,0,28,500,GROCERY,2026-07-23,2026-06-29,,UNKNOWN,https://fdc.nal.usda.gov/fdc-app.html#/food-details/2772468/nutrients
USDA-FDC-2772469,"Kettle Brand Potato Chips, Farmstand Ranch Kettle Chips, Party Size, 13 Oz",SNYDER'S-LANCE INC.,Snacks,US,084114901514,00084114901514,0,28,500,GROCERY,2026-07-23,2026-06-29,,UNKNOWN,https://fdc.nal.usda.gov/fdc-app.html#/food-details/2772469/nutrients
USDA-FDC-2772470,"Kettle Brand Backyard Barbeque Potato Chips, 13 Oz 1 bag",SNYDER'S-LANCE INC.,Snacks,US,084114901521,00084114901521,0,28,500,GROCERY,2026-07-23,2026-06-29,,UNKNOWN,https://fdc.nal.usda.gov/fdc-app.html#/food-details/2772470/nutrients
USDA-FDC-2772471,"Kettle Brand Potato Chips, Krinkle Cut, Habanero Lime Kettle Chips, 5 Oz",SNYDER'S-LANCE INC.,Snacks,US,084114901675,00084114901675,0,28,500,GROCERY,2026-07-23,2026-06-29,,UNKNOWN,https://fdc.nal.usda.gov/fdc-app.html#/food-details/2772471/nutrients
USDA-FDC-2772472,"Kettle Brand Potato Chips, Krinkle Cut, Truffle Oil and Sea Salt Kettle Chips, 5 Oz",SNYDER'S-LANCE INC.,Snacks,US,084114901705,00084114901705,0,28,500,GROCERY,2026-07-23,2026-06-29,,UNKNOWN,https://fdc.nal.usda.gov/fdc-app.html#/food-details/2772472/nutrients
USDA-FDC-2772473,"Kettle Brand Potato Chips, Air Fried Jalapeno Kettle Chips, 6.5 Oz Bag",SNYDER'S-LANCE INC.,Snacks,US,084114901903,00084114901903,0,28,464,GROCERY,2026-07-23,2026-06-29,,UNKNOWN,https://fdc.nal.usda.gov/fdc-app.html#/food-details/2772473/nutrients
USDA-FDC-2772474,"Kettle Brand Potato Chips, Air Fried Sea Salt & Vinegar Kettle Chips, 6.5 Oz Bag",SNYDER'S-LANCE INC.,Snacks,US,084114901910,00084114901910,0,28,500,GROCERY,2026-07-23,2026-06-29,,UNKNOWN,https://fdc.nal.usda.gov/fdc-app.html#/food-details/2772474/nutrients
USDA-FDC-2772475,"Kettle Brand Potato Chips, Air Fried Himalayan Salt Kettle Chips, 6.5 Oz Bag",SNYDER'S-LANCE INC.,Snacks,US,084114901927,00084114901927,0,28,464,GROCERY,2026-07-23,2026-06-29,,UNKNOWN,https://fdc.nal.usda.gov/fdc-app.html#/food-details/2772475/nutrients
USDA-FDC-2772476,"Kettle Brand Potato Chips, Air Fried Sea Salt & Vinegar Kettle Chips, 4.25 Oz Bag",SNYDER'S-LANCE INC.,Snacks,US,084114901941,00084114901941,0,28,500,GROCERY,2026-07-23,2026-06-29,,UNKNOWN,https://fdc.nal.usda.gov/fdc-app.html#/food-details/2772476/nutrients
USDA-FDC-2772477,"Kettle Brand Potato Chips, Air Fried Jalapeno Kettle Chips, 4.25 Oz Bag",SNYDER'S-LANCE INC.,Snacks,US,084114901958,00084114901958,0,28,464,GROCERY,2026-07-23,2026-06-29,,UNKNOWN,https://fdc.nal.usda.gov/fdc-app.html#/food-details/2772477/nutrients
USDA-FDC-2772478,"Kettle Brand Potato Chips, Air Fried Himalayan Salt Kettle Chips, 4.25 Oz Bag",SNYDER'S-LANCE INC.,Snacks,US,084114901965,00084114901965,0,28,464,GROCERY,2026-07-23,2026-06-29,,UNKNOWN,https://fdc.nal.usda.gov/fdc-app.html#/food-details/2772478/nutrients
USDA-FDC-2772479,"Kettle Brand Backyard Barbeque Kettle Potato Chips, Gluten-Free, Non-GMO, 7.5 oz Bag",SNYDER'S-LANCE INC.,Snacks,US,084114902009,00084114902009,0,28,500,GROCERY,2026-07-23,2026-06-29,,UNKNOWN,https://fdc.nal.usda.gov/fdc-app.html#/food-details/2772479/nutrients
USDA-FDC-2772480,"Kettle Brand Potato Chips, Farmstand Ranch Kettle Chips, 7.5 Oz",SNYDER'S-LANCE INC.,Snacks,US,084114902023,00084114902023,0,28,500,GROCERY,2026-07-23,2026-06-29,,UNKNOWN,https://fdc.nal.usda.gov/fdc-app.html#/food-details/2772480/nutrients
USDA-FDC-2772481,"Kettle Brand Potato Chips, Honey Dijon Kettle Chips, 7.5 Oz",SNYDER'S-LANCE INC.,Snacks,US,084114902030,00084114902030,0,28,500,GROCERY,2026-07-23,2026-06-29,,UNKNOWN,https://fdc.nal.usda.gov/fdc-app.html#/food-details/2772481/nutrients
USDA-FDC-2772482,"Kettle Brand Jalapeno Kettle Potato Chips, Gluten-Free, Non-GMO, 7.5 oz Bag",SNYDER'S-LANCE INC.,Snacks,US,084114902047,00084114902047,0,28,536,GROCERY,2026-07-23,2026-06-29,,UNKNOWN,https://fdc.nal.usda.gov/fdc-app.html#/food-details/2772482/nutrients
USDA-FDC-2772483,"Kettle Brand Potato Chips, Krinkle Cut, Dill Pickle Kettle Chips, 7.5 Oz",SNYDER'S-LANCE INC.,Snacks,US,084114902054,00084114902054,0,28,536,GROCERY,2026-07-23,2026-06-29,,UNKNOWN,https://fdc.nal.usda.gov/fdc-app.html#/food-details/2772483/nutrients
USDA-FDC-2772484,"Kettle Brand Potato Chips, Sea Salt & Vinegar Kettle Chips, Party Size, 13 Oz",SNYDER'S-LANCE INC.,Snacks,US,084114123534,00084114123534,0,28,500,GROCERY,2026-07-23,2026-06-29,,UNKNOWN,https://fdc.nal.usda.gov/fdc-app.html#/food-details/2772484/nutrients
USDA-FDC-2772485,"Kettle Brand Potato Chips, Krinkle Cut, Habanero Lime Kettle Chips, 7.5 Oz",SNYDER'S-LANCE INC.,Snacks,US,084114902061,00084114902061,0,28,500,GROCERY,2026-07-23,2026-06-29,,UNKNOWN,https://fdc.nal.usda.gov/fdc-app.html#/food-details/2772485/nutrients
USDA-FDC-2772486,"Kettle Brand Potato Chips, Jalapeno Kettle Chips, 5 Oz",SNYDER'S-LANCE INC.,Snacks,US,084114116352,00084114116352,0,28,536,GROCERY,2026-07-23,2026-06-29,,UNKNOWN,https://fdc.nal.usda.gov/fdc-app.html#/food-details/2772486/nutrients
USDA-FDC-2772489,"Kettle Brand Potato Chips, Krinkle Cut, Salt & Fresh Ground Pepper Kettle Chips, 2 Oz",SNYDER'S-LANCE INC.,Snacks,US,084114032607,00084114032607,0,56,518,GROCERY,2026-07-23,2026-06-29,,UNKNOWN,https://fdc.nal.usda.gov/fdc-app.html#/food-details/2772489/nutrients
USDA-FDC-2772490,"Kettle Brand Potato Chips, Sea Salt Kettle Chips, Snack Bag, 2 Oz",SNYDER'S-LANCE INC.,Snacks,US,084114033000,00084114033000,0,56,518,GROCERY,2026-07-23,2026-06-29,,UNKNOWN,https://fdc.nal.usda.gov/fdc-app.html#/food-details/2772490/nutrients
USDA-FDC-2772491,"Kettle Brand Potato Chips, Salt & Vinegar Kettle Chips, Snack Bag, 2 Oz",SNYDER'S-LANCE INC.,Snacks,US,084114033338,00084114033338,0,56,518,GROCERY,2026-07-23,2026-06-29,,UNKNOWN,https://fdc.nal.usda.gov/fdc-app.html#/food-details/2772491/nutrients
USDA-FDC-2772493,"Kettle Brand Potato Chips, Krinkle Cut, Salt & Fresh Ground Pepper Kettle Chips, 5 Oz",SNYDER'S-LANCE INC.,Snacks,US,084114107077,00084114107077,0,28,500,GROCERY,2026-07-23,2026-06-29,,UNKNOWN,https://fdc.nal.usda.gov/fdc-app.html#/food-details/2772493/nutrients
USDA-FDC-2772495,"Kettle Brand Potato Chips, Sea Salt and Vinegar Kettle Chips, 8.5 Oz",SNYDER'S-LANCE INC.,Snacks,US,084114108142,00084114108142,0,28,500,GROCERY,2026-07-23,2026-06-29,,UNKNOWN,https://fdc.nal.usda.gov/fdc-app.html#/food-details/2772495/nutrients
USDA-FDC-2772496,"Kettle Brand Potato Chips, Honey Dijon Kettle Chips, 8.5 Oz",SNYDER'S-LANCE INC.,Snacks,US,084114108159,00084114108159,0,28,500,GROCERY,2026-07-23,2026-06-29,,UNKNOWN,https://fdc.nal.usda.gov/fdc-app.html#/food-details/2772496/nutrients
USDA-FDC-2772497,"Kettle Brand Potato Chips, Krinkle Cut, Salt & Fresh Ground Pepper Kettle Chips, 8.5 Oz",SNYDER'S-LANCE INC.,Snacks,US,084114108531,00084114108531,0,28,500,GROCERY,2026-07-23,2026-06-29,,UNKNOWN,https://fdc.nal.usda.gov/fdc-app.html#/food-details/2772497/nutrients
USDA-FDC-2772498,"Kettle Brand Potato Chips, Sea Salt Kettle Chips, Snack Bag, 1 Oz",SNYDER'S-LANCE INC.,Snacks,US,084114112347,00084114112347,0,28,536,GROCERY,2026-07-23,2026-06-29,,UNKNOWN,https://fdc.nal.usda.gov/fdc-app.html#/food-details/2772498/nutrients
USDA-FDC-2772501,"Kettle Brand Potato Chips, Krinkle Cut, Salt & Fresh Ground Pepper Kettle Chips, 1.5 Oz",SNYDER'S-LANCE INC.,Snacks,US,084114112705,00084114112705,0,42,524,GROCERY,2026-07-23,2026-06-29,,UNKNOWN,https://fdc.nal.usda.gov/fdc-app.html#/food-details/2772501/nutrients
USDA-FDC-2772502,"Kettle Brand Potato Chips, Jalapeno Kettle Chips, Snack Bag, 1.5 Oz",SNYDER'S-LANCE INC.,Snacks,US,084114112729,00084114112729,0,42,548,GROCERY,2026-07-23,2026-06-29,,UNKNOWN,https://fdc.nal.usda.gov/fdc-app.html#/food-details/2772502/nutrients
USDA-FDC-2772503,"Kettle Brand Potato Chips, Backyard Barbeque Kettle Chips, Snack Bag, 1.5 Oz",SNYDER'S-LANCE INC.,Snacks,US,084114112743,00084114112743,0,42,524,GROCERY,2026-07-23,2026-06-30,,UNKNOWN,https://fdc.nal.usda.gov/fdc-app.html#/food-details/2772503/nutrients
USDA-FDC-2772504,"Kettle Brand Potato Chips, Sea Salt & Vinegar Kettle Chips, Snack Bag, 1.5 Oz",SNYDER'S-LANCE INC.,Snacks,US,084114112750,00084114112750,0,42,500,GROCERY,2026-07-23,2026-06-29,,UNKNOWN,https://fdc.nal.usda.gov/fdc-app.html#/food-details/2772504/nutrients
USDA-FDC-2772506,"Kettle Brand Potato Chips, Sour Cream & Onion Kettle Chips, 5 Oz",SNYDER'S-LANCE INC.,Snacks,US,084114114464,00084114114464,0,28,500,GROCERY,2026-07-23,2026-06-29,,UNKNOWN,https://fdc.nal.usda.gov/fdc-app.html#/food-details/2772506/nutrients
USDA-FDC-2772507,"Kettle Brand Backyard Barbeque, 5 Oz 1 bag",SNYDER'S-LANCE INC.,Snacks,US,084114114495,00084114114495,0,28,500,GROCERY,2026-07-23,2026-06-29,,UNKNOWN,https://fdc.nal.usda.gov/fdc-app.html#/food-details/2772507/nutrients
USDA-FDC-2772508,"Kettle Brand Potato Chips, Backyard Barbeque Kettle Chips, Snack Bag, 2 Oz",SNYDER'S-LANCE INC.,Snacks,US,084114115447,00084114115447,0,56,518,GROCERY,2026-07-23,2026-06-30,,UNKNOWN,https://fdc.nal.usda.gov/fdc-app.html#/food-details/2772508/nutrients
USDA-FDC-2772511,"Kettle Brand Potato Chips, Krinkle Cut, Truffle Oil & Sea Salt Kettle Chips, 7.5 Oz",SNYDER'S-LANCE INC.,Snacks,US,084114902085,00084114902085,0,28,500,GROCERY,2026-07-23,2026-06-29,,UNKNOWN,https://fdc.nal.usda.gov/fdc-app.html#/food-details/2772511/nutrients
USDA-FDC-2772512,"Kettle Brand Potato Chips, Unsalted Kettle Chips, 7.5 Oz",SNYDER'S-LANCE INC.,Snacks,US,084114902108,00084114902108,0,28,536,GROCERY,2026-07-23,2026-06-29,,UNKNOWN,https://fdc.nal.usda.gov/fdc-app.html#/food-details/2772512/nutrients
USDA-FDC-2772515,"Capri Sun Flavored with Other Natural Flavor Juice Drink Blend, 10 Pouches, for School Lunches and On-the-Go Hydration, Pacific Cooler, All Natural Ingredients, 6 fl oz",Kraft Foods Inc.,Non Alcoholic Beverages - Ready to Drink,US,087684000953,00087684000953,0,181.248001099,28,GROCERY,2026-07-23,2026-06-25,,UNKNOWN,https://fdc.nal.usda.gov/fdc-app.html#/food-details/2772515/nutrients
USDA-FDC-2772516,"Capri Sun Flavored with Other Natural Flavor Juice Drink Blend, 10 Pouches, for School Lunches and On-the-Go Hydration, Fruit Punch, All Natural Ingredients, 6 fl oz",Kraft Foods Inc.,Non Alcoholic Beverages - Ready to Drink,US,087684001073,00087684001073,0,180.186004639,19,GROCERY,2026-07-23,2026-06-23,,UNKNOWN,https://fdc.nal.usda.gov/fdc-app.html#/food-details/2772516/nutrients
USDA-FDC-2772517,"Capri Sun Goooal Gulp Limited Edition Juice Drink Blend, 1 Box, for School Lunches and Tailgates, Mixed Fruit Flavor , Made with All Natural Ingredients, 10 Pouches",Kraft Foods Inc.,Non Alcoholic Beverages - Ready to Drink,US,087684011928,00087684011928,0,181.248001099,25,GROCERY,2026-07-23,2026-06-04,,UNKNOWN,https://fdc.nal.usda.gov/fdc-app.html#/food-details/2772517/nutrients
USDA-FDC-2772519,Great Value Sour Raisin Snacks Wtrmln/Blue Rasby 20-Ct Box/0.7oz Pch,"Wal-Mart Stores, Inc.",Fruit - Prepared/Processed,US,194346616459,00194346616459,0,20,300,CONVENIENCE|FOOD_SERVICE|GROCERY,2026-07-23,2026-02-18,,UNKNOWN,https://fdc.nal.usda.gov/fdc-app.html#/food-details/2772519/nutrients
USDA-FDC-2772522,"Jet-Puffed Marshmallows, 12 oz Bag",Kraft Foods Inc.,Desserts/Dessert Sauces/Toppings,US,600699003285,00600699003285,0,29,345,GROCERY,2026-07-23,2026-06-22,,UNKNOWN,https://fdc.nal.usda.gov/fdc-app.html#/food-details/2772522/nutrients
USDA-FDC-2772523,"Jet-Puffed Marshmallows, 1 lb Bag",Kraft Foods Inc.,Desserts/Dessert Sauces/Toppings,US,600699661164,00600699661164,0,29,345,GROCERY,2026-07-23,2026-06-24,,UNKNOWN,https://fdc.nal.usda.gov/fdc-app.html#/food-details/2772523/nutrients
USDA-FDC-2772536,"Kettle Brand Limited Edition Chamoy Flavored Potato Chips, 6.5 Oz Bag",SNYDER'S-LANCE INC.,Snacks,US,084114903525,00084114903525,0,28,500,GROCERY,2026-07-23,2026-06-29,,UNKNOWN,https://fdc.nal.usda.gov/fdc-app.html#/food-details/2772536/nutrients
USDA-FDC-2772537,"Kettle Brand Sea Salt and Vinegar Kettle Potato Chips, Gluten-Free, Non-GMO, 28 Oz Bag",SNYDER'S-LANCE INC.,Snacks,US,084114903464,00084114903464,0,28,500,GROCERY,2026-07-23,2026-06-29,,UNKNOWN,https://fdc.nal.usda.gov/fdc-app.html#/food-details/2772537/nutrients
USDA-FDC-2772539,"Kettle Brand Potato Chips, Pepperoncini Kettle Chips, 7.5 Oz",SNYDER'S-LANCE INC.,Snacks,US,084114902139,00084114902139,0,28,500,GROCERY,2026-07-23,2026-06-29,,UNKNOWN,https://fdc.nal.usda.gov/fdc-app.html#/food-details/2772539/nutrients
USDA-FDC-2772540,"Kettle Brand Sea Salt Kettle Potato Chips, Gluten-Free, Non-GMO, 7.5 oz Bag",SNYDER'S-LANCE INC.,Snacks,US,084114902153,00084114902153,0,28,536,GROCERY,2026-07-23,2026-06-29,,UNKNOWN,https://fdc.nal.usda.gov/fdc-app.html#/food-details/2772540/nutrients
USDA-FDC-2772542,"Kettle Brand Potato Chips, Air Fried Jalapeno Kettle Chips, 1 Oz Snack Bag",SNYDER'S-LANCE INC.,Snacks,US,084114902238,00084114902238,0,28,500,GROCERY,2026-07-23,2026-06-29,,UNKNOWN,https://fdc.nal.usda.gov/fdc-app.html#/food-details/2772542/nutrients
USDA-FDC-2772543,"Kettle Brand Potato Chips, Air Fried Himalayan Salt Kettle Chips, 1 Oz Snack Bag",SNYDER'S-LANCE INC.,Snacks,US,084114902245,00084114902245,0,28,464,GROCERY,2026-07-23,2026-06-29,,UNKNOWN,https://fdc.nal.usda.gov/fdc-app.html#/food-details/2772543/nutrients
USDA-FDC-2772544,"Kettle Brand Potato Chips, Air Fried Sea Salt and Vinegar Kettle Chips, 1 Oz Snack Bag",SNYDER'S-LANCE INC.,Snacks,US,084114902559,00084114902559,0,28,500,GROCERY,2026-07-23,2026-06-29,,UNKNOWN,https://fdc.nal.usda.gov/fdc-app.html#/food-details/2772544/nutrients
USDA-FDC-2772545,"Kettle Brand Potato Chips, Krinkle Cut, Truffle Oil and Sea Salt Kettle Chips, Party Size, 13 Oz",SNYDER'S-LANCE INC.,Snacks,US,084114902603,00084114902603,0,28,500,GROCERY,2026-07-23,2026-06-29,,UNKNOWN,https://fdc.nal.usda.gov/fdc-app.html#/food-details/2772545/nutrients
USDA-FDC-2772546,"Kettle Brand Potato Chips, Honey Dijon Kettle Chips, Party Size, 13 Oz",SNYDER'S-LANCE INC.,Snacks,US,084114902610,00084114902610,0,28,500,GROCERY,2026-07-23,2026-06-29,,UNKNOWN,https://fdc.nal.usda.gov/fdc-app.html#/food-details/2772546/nutrients
USDA-FDC-2772547,"Kettle Brand Potato Chips, Backyard Barbeque Kettle Chips, 28 Oz",SNYDER'S-LANCE INC.,Snacks,US,084114902634,00084114902634,0,28,500,GROCERY,2026-07-23,2026-06-29,,UNKNOWN,https://fdc.nal.usda.gov/fdc-app.html#/food-details/2772547/nutrients
USDA-FDC-2772548,"LATE JULY Snacks Organic Salsa, Mild Thick and Chunky, 15.5 oz. Jar",SNYDER'S-LANCE INC.,Sauces/Spreads/Dips/Condiments,US,815099020460,00815099020460,0,31,32,GROCERY,2026-07-23,2026-06-29,,UNKNOWN,https://fdc.nal.usda.gov/fdc-app.html#/food-details/2772548/nutrients
USDA-FDC-2772549,"Kettle Brand Potato Chips, Special Sauce Kettle Chips, 7 Oz",SNYDER'S-LANCE INC.,Snacks,US,084114902658,00084114902658,0,28,500,GROCERY,2026-07-23,2026-06-29,,UNKNOWN,https://fdc.nal.usda.gov/fdc-app.html#/food-details/2772549/nutrients
USDA-FDC-2772551,"Kettle Brand Potato Chips, 7 Layer Dip Chips, 6.5oz",SNYDER'S-LANCE INC.,Snacks,US,084114903075,00084114903075,0,28,500,GROCERY,2026-07-23,2026-06-29,,UNKNOWN,https://fdc.nal.usda.gov/fdc-app.html#/food-details/2772551/nutrients
USDA-FDC-2772552,"Kettle Brand Potato Chips, Air Fried Jalapeno Kettle Chips, 1.7 Oz Snack Bag",SNYDER'S-LANCE INC.,Snacks,US,084114903167,00084114903167,0,48,479,GROCERY,2026-07-23,2026-06-29,,UNKNOWN,https://fdc.nal.usda.gov/fdc-app.html#/food-details/2772552/nutrients
USDA-FDC-2772553,"Kettle Brand Potato Chips, Air Fried Sea Salt and Vinegar Kettle Chips, 1.7 Oz Snack Bag",SNYDER'S-LANCE INC.,Snacks,US,084114903174,00084114903174,0,48,479,GROCERY,2026-07-23,2026-06-29,,UNKNOWN,https://fdc.nal.usda.gov/fdc-app.html#/food-details/2772553/nutrients
USDA-FDC-2772554,"Kettle Brand Potato Chips, Air Fried Jalapeno Kettle Chips, 11.25 Ounce Party Size Bag",SNYDER'S-LANCE INC.,Snacks,US,084114903181,00084114903181,0,28,464,GROCERY,2026-07-23,2026-06-29,,UNKNOWN,https://fdc.nal.usda.gov/fdc-app.html#/food-details/2772554/nutrients
USDA-FDC-2772555,"Kettle Brand Potato Chips, Air Fried Sea Salt and Vinegar Kettle Chips, 11.25 Oz Party Size Bag",SNYDER'S-LANCE INC.,Snacks,US,084114903198,00084114903198,0,28,500,GROCERY,2026-07-23,2026-06-29,,UNKNOWN,https://fdc.nal.usda.gov/fdc-app.html#/food-details/2772555/nutrients
USDA-FDC-2772556,"Kettle Brand Potato Chips, Air Fried Himalayan Salt Kettle Chips, 1.7 Oz Snack Bag",SNYDER'S-LANCE INC.,Snacks,US,084114903211,00084114903211,0,48,479,GROCERY,2026-07-23,2026-06-29,,UNKNOWN,https://fdc.nal.usda.gov/fdc-app.html#/food-details/2772556/nutrients
USDA-FDC-2772558,"Kettle Brand Potato Chips, Air Fried Himalayan Salt Kettle Chips, 11.25 Oz Party Size Bag",SNYDER'S-LANCE INC.,Snacks,US,084114903297,00084114903297,0,28,464,GROCERY,2026-07-23,2026-06-29,,UNKNOWN,https://fdc.nal.usda.gov/fdc-app.html#/food-details/2772558/nutrients
USDA-FDC-2772559,"Kettle Brand Spicy Pimento Cheese Flavored Potato Chips, 6.5 Oz Bag",SNYDER'S-LANCE INC.,Snacks,US,084114903389,00084114903389,0,28,500,GROCERY,2026-07-23,2026-06-29,,UNKNOWN,https://fdc.nal.usda.gov/fdc-app.html#/food-details/2772559/nutrients
USDA-FDC-2772560,"Kettle Brand Potato Chips, Krinkle Cut, Habanero Lime Kettle Chips, Snack Bag, 2 Oz",SNYDER'S-LANCE INC.,Snacks,US,084114903037,00084114903037,0,56,518,GROCERY,2026-07-23,2026-06-29,,UNKNOWN,https://fdc.nal.usda.gov/fdc-app.html#/food-details/2772560/nutrients
USDA-FDC-2772562,"LATE JULY Snacks Chunky Salsa Medium Thick & Chunky Salsa, 15.5 Oz Jar",SNYDER'S-LANCE INC.,Sauces/Spreads/Dips/Condiments,US,815099020477,00815099020477,0,31,32,GROCERY,2026-07-23,2026-06-29,,UNKNOWN,https://fdc.nal.usda.gov/fdc-app.html#/food-details/2772562/nutrients
USDA-FDC-2772563,"Late July Snacks, Thin and Crispy Organic Tortilla Chips, Sea Salt, 22 Oz Bag",SNYDER'S-LANCE INC.,Snacks,US,815099020644,00815099020644,0,28,464,GROCERY,2026-07-23,2026-06-29,,UNKNOWN,https://fdc.nal.usda.gov/fdc-app.html#/food-details/2772563/nutrients
USDA-FDC-2772614,PEPPERIDGE FARM GOLDFISH WHOLE GRAIN CRACKER PRETZELS,PEPPERIDGE FARM INC,Biscuits/Cookies,US,10014100143960,10014100143960,0,21,429,CHILD_NUTRITION_FOOD_PROGRAMS|GROCERY,2026-07-23,2026-06-29,,UNKNOWN,https://fdc.nal.usda.gov/fdc-app.html#/food-details/2772614/nutrients
USDA-FDC-2772616,PEPPERIDGE FARM GOLDFISH WHOLE GRAIN CRACKER XTRA CHEDDAR,PEPPERIDGE FARM INC,Snacks,US,10014100230882,10014100230882,0,21,429,CHILD_NUTRITION_FOOD_PROGRAMS|GROCERY,2026-07-23,2026-06-29,,UNKNOWN,https://fdc.nal.usda.gov/fdc-app.html#/food-details/2772616/nutrients
USDA-FDC-2772618,PEPPERIDGE FARM GOLDFISH WHOLE GRAIN CRACKER HONEY BUN,PEPPERIDGE FARM INC,Biscuits/Cookies,US,10014100250835,10014100250835,0,28,464,CHILD_NUTRITION_FOOD_PROGRAMS|GROCERY,2026-07-23,2026-06-30,,UNKNOWN,https://fdc.nal.usda.gov/fdc-app.html#/food-details/2772618/nutrients
USDA-FDC-2772620,PEPPERIDGE FARM GOLDFISH WHOLE GRAIN GIANT GRAHAMS CINNAMON,PEPPERIDGE FARM INC,Biscuits/Cookies,US,10014100268304,10014100268304,0,26,462,CHILD_NUTRITION_FOOD_PROGRAMS|GROCERY,2026-07-23,2026-06-29,,UNKNOWN,https://fdc.nal.usda.gov/fdc-app.html#/food-details/2772620/nutrients
USDA-FDC-2772637,PEPPERIDGE FARM CRACKERS CHEDDAR,PEPPERIDGE FARM INC,Biscuits/Cookies,US,10014100054785,10014100054785,0,30,467,CHILD_NUTRITION_FOOD_PROGRAMS|GROCERY,2026-07-23,2026-06-30,,UNKNOWN,https://fdc.nal.usda.gov/fdc-app.html#/food-details/2772637/nutrients
USDA-FDC-2772654,"Late July Snacks Jalapeno Lime Tortilla Chips, 24 Oz Bag",SNYDER'S-LANCE INC.,Snacks,US,890444000090,00890444000090,0,28,464,GROCERY,2026-07-23,2026-06-29,,UNKNOWN,https://fdc.nal.usda.gov/fdc-app.html#/food-details/2772654/nutrients
USDA-FDC-2772655,"Late July Sea Salt Multigrain Organic Tortilla Chips, 16 Oz Bag",SNYDER'S-LANCE INC.,Snacks,US,890444000885,00890444000885,0,28,500,GROCERY,2026-07-23,2026-06-29,,UNKNOWN,https://fdc.nal.usda.gov/fdc-app.html#/food-details/2772655/nutrients
USDA-FDC-2772660,PEPPERIDGE FARM GOLDFISH CRACKERS CHEDDAR COLORS,PEPPERIDGE FARM INC,Biscuits/Cookies,US,10014100047886,10014100047886,0,21,476,CHILD_NUTRITION_FOOD_PROGRAMS|GROCERY,2026-07-23,2026-06-29,,UNKNOWN,https://fdc.nal.usda.gov/fdc-app.html#/food-details/2772660/nutrients
USDA-FDC-2772664,"LATE JULY Snacks Garden Ranch Tortilla Chips, 6 Oz Bag",SNYDER'S-LANCE INC.,Snacks,US,815099022549,00815099022549,0,28,536,GROCERY,2026-07-23,2026-06-29,,UNKNOWN,https://fdc.nal.usda.gov/fdc-app.html#/food-details/2772664/nutrients
USDA-FDC-2772665,"LATE JULY Snacks Hawaiian Habanero Tortilla Chips, 6 Oz Bag",SNYDER'S-LANCE INC.,Snacks,US,815099022556,00815099022556,0,28,536,GROCERY,2026-07-23,2026-06-29,,UNKNOWN,https://fdc.nal.usda.gov/fdc-app.html#/food-details/2772665/nutrients
USDA-FDC-2772666,"LATE JULY Snacks Mexican Street Corn Tortilla Chips, 6 Oz Bag",SNYDER'S-LANCE INC.,Snacks,US,815099022570,00815099022570,0,28,536,GROCERY,2026-07-23,2026-06-29,,UNKNOWN,https://fdc.nal.usda.gov/fdc-app.html#/food-details/2772666/nutrients
USDA-FDC-2772667,"LATE JULY Snacks Jalapeno Lime Tortilla Chips, 6 Oz Bag",SNYDER'S-LANCE INC.,Snacks,US,815099022587,00815099022587,0,28,571,GROCERY,2026-07-23,2026-06-29,,UNKNOWN,https://fdc.nal.usda.gov/fdc-app.html#/food-details/2772667/nutrients
USDA-FDC-2772690,"Late July Snacks, Mexican Street Corn Tortilla Chips, 7.8 Oz Bag",SNYDER'S-LANCE INC.,Snacks,US,815099021078,00815099021078,0,28,500,GROCERY,2026-07-23,2026-06-29,,UNKNOWN,https://fdc.nal.usda.gov/fdc-app.html#/food-details/2772690/nutrients
USDA-FDC-2772692,"Late July Sea Salt Organic Tortilla Chips, 10.1 Oz Bag",SNYDER'S-LANCE INC.,Snacks,US,815099021634,00815099021634,0,28,464,GROCERY,2026-07-23,2026-06-29,,UNKNOWN,https://fdc.nal.usda.gov/fdc-app.html#/food-details/2772692/nutrients
USDA-FDC-2772693,"Late July Sea Salt & Lime Organic Tortilla Chips, 10.1 Oz Bag",SNYDER'S-LANCE INC.,Snacks,US,815099021641,00815099021641,0,28,464,GROCERY,2026-07-23,2026-06-29,,UNKNOWN,https://fdc.nal.usda.gov/fdc-app.html#/food-details/2772693/nutrients
USDA-FDC-2772694,"Late July Chia & Quinoa Organic Tortilla Chips, 10.1 Oz Bag",SNYDER'S-LANCE INC.,Snacks,US,815099021658,00815099021658,0,28,500,GROCERY,2026-07-23,2026-06-29,,UNKNOWN,https://fdc.nal.usda.gov/fdc-app.html#/food-details/2772694/nutrients
USDA-FDC-2772695,"Late July Blue Corn Organic Tortilla Chips, 10.1 Oz Bag",SNYDER'S-LANCE INC.,Snacks,US,815099021665,00815099021665,0,28,464,GROCERY,2026-07-23,2026-06-29,,UNKNOWN,https://fdc.nal.usda.gov/fdc-app.html#/food-details/2772695/nutrients
USDA-FDC-2772696,"Late July Jalapeno & Lime Organic Tortilla Chips, 10.1 Oz Bag",SNYDER'S-LANCE INC.,Snacks,US,815099021672,00815099021672,0,28,500,GROCERY,2026-07-23,2026-06-29,,UNKNOWN,https://fdc.nal.usda.gov/fdc-app.html#/food-details/2772696/nutrients
USDA-FDC-2772697,"Late July Sea Salt Dippers Organic Tortilla Chips, 7.4 Oz Bag",SNYDER'S-LANCE INC.,Snacks,US,815099021689,00815099021689,0,28,536,GROCERY,2026-07-23,2026-06-29,,UNKNOWN,https://fdc.nal.usda.gov/fdc-app.html#/food-details/2772697/nutrients
USDA-FDC-2772698,"Late July Blue Corn Dippers Organic Tortilla Chips, 7.4 Oz Bag",SNYDER'S-LANCE INC.,Snacks,US,815099021696,00815099021696,0,28,536,GROCERY,2026-07-23,2026-06-29,,UNKNOWN,https://fdc.nal.usda.gov/fdc-app.html#/food-details/2772698/nutrients
USDA-FDC-2772699,"Late July Sea Salt Multigrain Organic Tortilla Chips, 7.5 Oz Bag",SNYDER'S-LANCE INC.,Snacks,US,815099021726,00815099021726,0,28,500,GROCERY,2026-07-23,2026-06-29,,UNKNOWN,https://fdc.nal.usda.gov/fdc-app.html#/food-details/2772699/nutrients
USDA-FDC-2772700,"Late July Multigrain Sea Salt & Lime Organic Tortilla Chips, 7.5 Oz Bag",SNYDER'S-LANCE INC.,Snacks,US,815099021740,00815099021740,0,28,500,GROCERY,2026-07-23,2026-06-29,,UNKNOWN,https://fdc.nal.usda.gov/fdc-app.html#/food-details/2772700/nutrients
USDA-FDC-2772702,"Late July Snacks Jalapeno Lime Tortilla Chips, 7.8 OZ Bag",SNYDER'S-LANCE INC.,Snacks,US,815099021795,00815099021795,0,28,464,GROCERY,2026-07-23,2026-06-29,,UNKNOWN,https://fdc.nal.usda.gov/fdc-app.html#/food-details/2772702/nutrients
USDA-FDC-2772703,"Late July Snacks Nacho Cheese Tortilla Chips, 7.8 Oz Bag",SNYDER'S-LANCE INC.,Snacks,US,815099021801,00815099021801,0,28,500,GROCERY,2026-07-23,2026-06-29,,UNKNOWN,https://fdc.nal.usda.gov/fdc-app.html#/food-details/2772703/nutrients
USDA-FDC-2772704,"Late July Sea Salt Organic Tortilla Chips, 14.75 Oz Bag",SNYDER'S-LANCE INC.,Snacks,US,815099021832,00815099021832,0,28,464,GROCERY,2026-07-23,2026-06-29,,UNKNOWN,https://fdc.nal.usda.gov/fdc-app.html#/food-details/2772704/nutrients
USDA-FDC-2772705,"Late July Sea Salt & Lime Organic Tortilla Chips, 14.75 Oz Bag",SNYDER'S-LANCE INC.,Snacks,US,815099021849,00815099021849,0,28,464,GROCERY,2026-07-23,2026-06-29,,UNKNOWN,https://fdc.nal.usda.gov/fdc-app.html#/food-details/2772705/nutrients
USDA-FDC-2772708,"Late July Snacks, Mexican Street Corn Tortilla Chips, 24 Oz Bag",SNYDER'S-LANCE INC.,Snacks,US,815099022228,00815099022228,0,28,500,GROCERY,2026-07-23,2026-06-29,,UNKNOWN,https://fdc.nal.usda.gov/fdc-app.html#/food-details/2772708/nutrients
USDA-FDC-2772709,"Late July Snacks Salsa Verde with Roasted Tomatillos, Medium, 15.5 oz Jar",SNYDER'S-LANCE INC.,Sauces/Spreads/Dips/Condiments,US,815099022242,00815099022242,0,31,32,GROCERY,2026-07-23,2026-06-29,,UNKNOWN,https://fdc.nal.usda.gov/fdc-app.html#/food-details/2772709/nutrients
USDA-FDC-2772749,"LATE JULY Snacks Salsa, Mild Salsa Verde, 15.5 oz. Jar",SNYDER'S-LANCE INC.,Sauces/Spreads/Dips/Condiments,US,815099020484,00815099020484,0,31,32,GROCERY,2026-07-23,2026-06-29,,UNKNOWN,https://fdc.nal.usda.gov/fdc-app.html#/food-details/2772749/nutrients
USDA-FDC-2772762,"Prego Classic Alfredo Sauce, 14.5 oz Can",CAMPBELL SOUP COMPANY,Sauces/Spreads/Dips/Condiments,US,051000233776,00051000233776,0,61,98,GROCERY,2026-07-23,2026-06-29,,UNKNOWN,https://fdc.nal.usda.gov/fdc-app.html#/food-details/2772762/nutrients
USDA-FDC-2772763,"Swanson White Premium Chunk Chicken Breast with Rib Meat in Water, 12.5 oz. (Pack of 2)",CAMPBELL SOUP COMPANY,Meat/Poultry/Other Animals - Prepared/Processed,US,051000233554,00051000233554,0,85,94,GROCERY,2026-07-23,2026-06-29,,UNKNOWN,https://fdc.nal.usda.gov/fdc-app.html#/food-details/2772763/nutrients
USDA-FDC-2772765,"Tom's Cracklins, Southern Style Hot Sauce, 3 Oz Bag",SNYDER'S-LANCE INC.,Snacks,US,021900982319,00021900982319,0,14,571,GROCERY,2026-07-23,2026-06-29,,UNKNOWN,https://fdc.nal.usda.gov/fdc-app.html#/food-details/2772765/nutrients
USDA-FDC-2772766,"Tom's Potato Chips, Original, 5.5 Oz Bag",SNYDER'S-LANCE INC.,Snacks,US,021900982340,00021900982340,0,28,536,GROCERY,2026-07-23,2026-06-29,,UNKNOWN,https://fdc.nal.usda.gov/fdc-app.html#/food-details/2772766/nutrients
USDA-FDC-2772767,"Tom's Potato Chips, Vinegar and Salt, 5.5 Oz Snack Bag",SNYDER'S-LANCE INC.,Snacks,US,021900982357,00021900982357,0,28,536,GROCERY,2026-07-23,2026-06-29,,UNKNOWN,https://fdc.nal.usda.gov/fdc-app.html#/food-details/2772767/nutrients
USDA-FDC-2772768,"Tom's Ridges Potato Chips, Mesquite BBQ, 5.5 Oz Bag",SNYDER'S-LANCE INC.,Snacks,US,021900982364,00021900982364,0,28,536,GROCERY,2026-07-23,2026-06-29,,UNKNOWN,https://fdc.nal.usda.gov/fdc-app.html#/food-details/2772768/nutrients
USDA-FDC-2772769,"Tom's Potato Chips, Dill Pickle Flavored, 5.5 Oz Bag",SNYDER'S-LANCE INC.,Snacks,US,021900982371,00021900982371,0,28,536,GROCERY,2026-07-23,2026-06-29,,UNKNOWN,https://fdc.nal.usda.gov/fdc-app.html#/food-details/2772769/nutrients
USDA-FDC-2772770,"Tom's Potato Chips, Barbecue chips, 2.5 Oz Snack Bag",SNYDER'S-LANCE INC.,Snacks,US,021900982494,00021900982494,0,28,536,GROCERY,2026-07-23,2026-06-29,,UNKNOWN,https://fdc.nal.usda.gov/fdc-app.html#/food-details/2772770/nutrients
USDA-FDC-2772771,"Tom's Bacon and Cheddar Flavored Bag, 3.65 Oz Each",SNYDER'S-LANCE INC.,Snacks,US,021900982517,00021900982517,0,28,536,GROCERY,2026-07-23,2026-06-29,,UNKNOWN,https://fdc.nal.usda.gov/fdc-app.html#/food-details/2772771/nutrients
USDA-FDC-2772772,"Tom's Hot Fries, 3.65 Oz Bag",SNYDER'S-LANCE INC.,Snacks,US,021900982524,00021900982524,0,28,500,GROCERY,2026-07-23,2026-06-29,,UNKNOWN,https://fdc.nal.usda.gov/fdc-app.html#/food-details/2772772/nutrients
USDA-FDC-2772773,"Tom's Ridges Potato Chips, Mesquite BBQ, 2.5 Oz Snack Bag",SNYDER'S-LANCE INC.,Snacks,US,021900982548,00021900982548,0,28,536,GROCERY,2026-07-23,2026-06-29,,UNKNOWN,https://fdc.nal.usda.gov/fdc-app.html#/food-details/2772773/nutrients
USDA-FDC-2772774,"Tom's Nacho Rings Corn Snacks, 2.75 Oz Bag",SNYDER'S-LANCE INC.,Snacks,US,021900982555,00021900982555,0,28,679,GROCERY,2026-07-23,2026-06-29,,UNKNOWN,https://fdc.nal.usda.gov/fdc-app.html#/food-details/2772774/nutrients
USDA-FDC-2772775,"Tom's Potato Chips, Vinegar and Salt, 2.5 Oz Snack Bag",SNYDER'S-LANCE INC.,Snacks,US,021900982579,00021900982579,0,28,536,GROCERY,2026-07-23,2026-06-29,,UNKNOWN,https://fdc.nal.usda.gov/fdc-app.html#/food-details/2772775/nutrients
USDA-FDC-2772776,"Tom's Potato Chips, Sour Cream and Onion, 2.5 Oz Snack Bag",SNYDER'S-LANCE INC.,Snacks,US,021900982586,00021900982586,0,28,536,GROCERY,2026-07-23,2026-06-29,,UNKNOWN,https://fdc.nal.usda.gov/fdc-app.html#/food-details/2772776/nutrients
USDA-FDC-2772777,"Tom's Potato Chips Waves, Vinegar and Salt, 2.5 Oz Snack Bag",SNYDER'S-LANCE INC.,Snacks,US,021900982609,00021900982609,0,28,536,GROCERY,2026-07-23,2026-06-29,,UNKNOWN,https://fdc.nal.usda.gov/fdc-app.html#/food-details/2772777/nutrients
USDA-FDC-2772778,"Tom's Potato Chips, Vinegar and Salt, 5 Oz",SNYDER'S-LANCE INC.,Snacks,US,021900982647,00021900982647,0,28,536,GROCERY,2026-07-23,2026-06-29,,UNKNOWN,https://fdc.nal.usda.gov/fdc-app.html#/food-details/2772778/nutrients
USDA-FDC-2772779,"Tom's Potato Chips, Crispy Ridges, 5 Oz Bag",SNYDER'S-LANCE INC.,Snacks,US,021900982654,00021900982654,0,28,536,GROCERY,2026-07-23,2026-06-29,,UNKNOWN,https://fdc.nal.usda.gov/fdc-app.html#/food-details/2772779/nutrients
USDA-FDC-2772781,"Tom's Potato Chips, Sour Cream and Onion Flavored, 5 Oz Bag",SNYDER'S-LANCE INC.,Snacks,US,021900982722,00021900982722,0,28,536,GROCERY,2026-07-23,2026-06-29,,UNKNOWN,https://fdc.nal.usda.gov/fdc-app.html#/food-details/2772781/nutrients
USDA-FDC-2772786,"Tom's Cracklin Strips, Red Pepper, 3.5 Oz Bag",SNYDER'S-LANCE INC.,Snacks,US,021900982302,00021900982302,0,14,571,GROCERY,2026-07-23,2026-06-29,,UNKNOWN,https://fdc.nal.usda.gov/fdc-app.html#/food-details/2772786/nutrients
USDA-FDC-2772788,"Tom's Bugles, Ranch Flavored, 2.6 Oz Bag",SNYDER'S-LANCE INC.,Snacks,US,021900982227,00021900982227,0,28,536,GROCERY,2026-07-23,2026-06-29,,UNKNOWN,https://fdc.nal.usda.gov/fdc-app.html#/food-details/2772788/nutrients
USDA-FDC-2772790,"Cape Cod Original Chips, 10 Count 1 Oz",SNYDER'S-LANCE INC.,Snacks,US,020685003400,00020685003400,0,28,500,GROCERY,2026-07-23,2026-06-29,,UNKNOWN,https://fdc.nal.usda.gov/fdc-app.html#/food-details/2772790/nutrients
USDA-FDC-2772791,"Cape Cod Potato Chips, Less Fat Original Kettle Chips, 1 Oz Snack Bags, 10 Ct",SNYDER'S-LANCE INC.,Snacks,US,020685003417,00020685003417,0,28,464,GROCERY,2026-07-23,2026-06-29,,UNKNOWN,https://fdc.nal.usda.gov/fdc-app.html#/food-details/2772791/nutrients
USDA-FDC-2772792,"Cape Cod Potato Chips, Sweet Mesquite Barbeque Kettle Chips, 2 Oz",SNYDER'S-LANCE INC.,Snacks,US,020685003479,00020685003479,0,56,500,GROCERY,2026-07-23,2026-06-29,,UNKNOWN,https://fdc.nal.usda.gov/fdc-app.html#/food-details/2772792/nutrients
USDA-FDC-2772794,"Cape Cod Tuscan Herb Chips, 25 Oz Bag",SNYDER'S-LANCE INC.,Snacks,US,020685003615,00020685003615,0,28,536,GROCERY,2026-07-23,2026-06-29,,UNKNOWN,https://fdc.nal.usda.gov/fdc-app.html#/food-details/2772794/nutrients
USDA-FDC-2772795,"Cape Cod Lemon Herb Butter Potato Chips, 6.5 Oz Bag",SNYDER'S-LANCE INC.,Snacks,US,020685003769,00020685003769,0,28,500,GROCERY,2026-07-23,2026-06-30,,UNKNOWN,https://fdc.nal.usda.gov/fdc-app.html#/food-details/2772795/nutrients
USDA-FDC-2772796,"Cape Cod Sea Salt & Cracked Pepper Potato Chips, 7 Oz Bag",SNYDER'S-LANCE INC.,Snacks,US,020685003806,00020685003806,0,28,500,GROCERY,2026-07-23,2026-06-29,,UNKNOWN,https://fdc.nal.usda.gov/fdc-app.html#/food-details/2772796/nutrients
USDA-FDC-2772797,"Cape Cod Potato Chips, Original Kettle Cooked Chips, 1 Oz",SNYDER'S-LANCE INC.,Snacks,US,020685084713,00020685084713,0,28,500,GROCERY,2026-07-23,2026-06-29,,UNKNOWN,https://fdc.nal.usda.gov/fdc-app.html#/food-details/2772797/nutrients
USDA-FDC-2772798,"Cape Cod Potato Chips, Less Fat Original Kettle Chips, 5 Oz",SNYDER'S-LANCE INC.,Snacks,US,020685084775,00020685084775,0,28,464,GROCERY,2026-07-23,2026-06-29,,UNKNOWN,https://fdc.nal.usda.gov/fdc-app.html#/food-details/2772798/nutrients
USDA-FDC-2772799,"Cape Cod Potato Chips, Original Kettle Chips, 1.5 Oz",SNYDER'S-LANCE INC.,Snacks,US,020685084850,00020685084850,0,42,500,GROCERY,2026-07-23,2026-06-29,,UNKNOWN,https://fdc.nal.usda.gov/fdc-app.html#/food-details/2772799/nutrients
USDA-FDC-2772800,"Cape Cod Potato Chips, Less Fat Original Kettle Chips, 1.5 Oz",SNYDER'S-LANCE INC.,Snacks,US,020685123757,00020685123757,0,42,476,GROCERY,2026-07-23,2026-06-29,,UNKNOWN,https://fdc.nal.usda.gov/fdc-app.html#/food-details/2772800/nutrients
USDA-FDC-2772801,"Cape Cod Sea Salt & Vinegar Chips, 1.5 Oz Bag",SNYDER'S-LANCE INC.,Snacks,US,020685163753,00020685163753,0,42,500,GROCERY,2026-07-23,2026-06-29,,UNKNOWN,https://fdc.nal.usda.gov/fdc-app.html#/food-details/2772801/nutrients
USDA-FDC-2772802,"Philadelphia Plant-Based Dairy Free Original Cream Cheese Spread, 8 oz Tub",Kraft Foods Inc.,Cheese/Cheese Substitutes,US,021000081431,00021000081431,0,28,214,GROCERY,2026-07-23,2026-06-25,,UNKNOWN,https://fdc.nal.usda.gov/fdc-app.html#/food-details/2772802/nutrients
USDA-FDC-2772803,"Kraft Smoky Hickory Bacon Flavored Aioli, 12 fl oz Bottle",Kraft Foods Inc.,Sauces/Spreads/Dips/Condiments,US,021000083534,00021000083534,0,15,467,GROCERY,2026-07-23,2026-06-22,,UNKNOWN,https://fdc.nal.usda.gov/fdc-app.html#/food-details/2772803/nutrients
USDA-FDC-2772809,"Tom's Nacho Flavored Rings, 6 Oz Bag",SNYDER'S-LANCE INC.,Snacks,US,021900982012,00021900982012,0,28,679,GROCERY,2026-07-23,2026-06-29,,UNKNOWN,https://fdc.nal.usda.gov/fdc-app.html#/food-details/2772809/nutrients
USDA-FDC-2772810,"Tom's Hot Fries, 6 Oz Bag",SNYDER'S-LANCE INC.,Snacks,US,021900982166,00021900982166,0,28,500,GROCERY,2026-07-23,2026-06-29,,UNKNOWN,https://fdc.nal.usda.gov/fdc-app.html#/food-details/2772810/nutrients
USDA-FDC-2772811,"Tom's Bugles, Original Flavor, 2.6 Oz Bag",SNYDER'S-LANCE INC.,Snacks,US,021900982210,00021900982210,0,28,571,GROCERY,2026-07-23,2026-06-29,,UNKNOWN,https://fdc.nal.usda.gov/fdc-app.html#/food-details/2772811/nutrients
USDA-FDC-2772812,"Cape Cod Waves Potato Chips, Wavy Cut Sea Salt Kettle Chips, 16 Oz",SNYDER'S-LANCE INC.,Snacks,US,020685003387,00020685003387,0,28,500,GROCERY,2026-07-23,2026-06-29,,UNKNOWN,https://fdc.nal.usda.gov/fdc-app.html#/food-details/2772812/nutrients
USDA-FDC-2772863,"Cape Cod Sea Salt & Vinegar Chips, 5 Oz Bag",SNYDER'S-LANCE INC.,Snacks,US,020685003332,00020685003332,0,28,500,GROCERY,2026-07-23,2026-06-29,,UNKNOWN,https://fdc.nal.usda.gov/fdc-app.html#/food-details/2772863/nutrients
USDA-FDC-2772864,"Cape Cod Less Fat Salt & Vinegar Chips, 7.5 Oz Bag",SNYDER'S-LANCE INC.,Snacks,US,020685003196,00020685003196,0,28,464,GROCERY,2026-07-23,2026-06-29,,UNKNOWN,https://fdc.nal.usda.gov/fdc-app.html#/food-details/2772864/nutrients
USDA-FDC-2772912,"Cape Cod Sweet & Spicy Jalapeno Chips, 7.5 Oz Bag",SNYDER'S-LANCE INC.,Snacks,US,020685003202,00020685003202,0,28,500,GROCERY,2026-07-23,2026-06-29,,UNKNOWN,https://fdc.nal.usda.gov/fdc-app.html#/food-details/2772912/nutrients
USDA-FDC-2772916,"Cape Cod Potato Chips, Russet Kettle Chips, 7.5 Oz",SNYDER'S-LANCE INC.,Snacks,US,020685002366,00020685002366,0,28,500,GROCERY,2026-07-23,2026-06-29,,UNKNOWN,https://fdc.nal.usda.gov/fdc-app.html#/food-details/2772916/nutrients
USDA-FDC-2772917,"Cape Cod Waves Potato Chips, Wavy Cut White Cheddar & Sour Cream Kettle Chips, 7 Oz",SNYDER'S-LANCE INC.,Snacks,US,020685002670,00020685002670,0,28,500,GROCERY,2026-07-23,2026-06-29,,UNKNOWN,https://fdc.nal.usda.gov/fdc-app.html#/food-details/2772917/nutrients
USDA-FDC-2772918,"Cape Cod Waves Potato Chips, Wavy Cut Sea Salt Kettle Chips, 7.5 Oz",SNYDER'S-LANCE INC.,Snacks,US,020685002687,00020685002687,0,28,500,GROCERY,2026-07-23,2026-06-29,,UNKNOWN,https://fdc.nal.usda.gov/fdc-app.html#/food-details/2772918/nutrients
USDA-FDC-2772920,"Cape Cod Less Fat Sweet Mesquite Barbeque Chips, 7.5 Oz Bag",SNYDER'S-LANCE INC.,Snacks,US,020685002717,00020685002717,0,28,464,GROCERY,2026-07-23,2026-06-29,,UNKNOWN,https://fdc.nal.usda.gov/fdc-app.html#/food-details/2772920/nutrients
USDA-FDC-2772921,"Cape Cod Potato Chips, Sweet Mesquite Barbeque Kettle Chips, 7.5 Oz",SNYDER'S-LANCE INC.,Snacks,US,020685002724,00020685002724,0,28,500,GROCERY,2026-07-23,2026-06-29,,UNKNOWN,https://fdc.nal.usda.gov/fdc-app.html#/food-details/2772921/nutrients
USDA-FDC-2772922,"Cape Cod Sweet & Spicy Jalapeno Chips, 2 Oz Bag",SNYDER'S-LANCE INC.,Snacks,US,020685002878,00020685002878,0,56,500,GROCERY,2026-07-23,2026-06-29,,UNKNOWN,https://fdc.nal.usda.gov/fdc-app.html#/food-details/2772922/nutrients
USDA-FDC-2772923,"Cape Cod Potato Chips, Lightly Salted Original Kettle Chips, 8 Oz",SNYDER'S-LANCE INC.,Snacks,US,020685002892,00020685002892,0,28,500,GROCERY,2026-07-23,2026-06-29,,UNKNOWN,https://fdc.nal.usda.gov/fdc-app.html#/food-details/2772923/nutrients
USDA-FDC-2772924,"Cape Cod Waves Potato Chips, Wavy Cut Jalapeno Ranch Kettle Chips, 7 Oz",SNYDER'S-LANCE INC.,Snacks,US,020685002908,00020685002908,0,28,500,GROCERY,2026-07-23,2026-06-29,,UNKNOWN,https://fdc.nal.usda.gov/fdc-app.html#/food-details/2772924/nutrients
USDA-FDC-2772925,"Cape Cod Waves Potato Chips, Wavy Cut Sea Salt Kettle Chips, 13 Oz",SNYDER'S-LANCE INC.,Snacks,US,020685002946,00020685002946,0,28,500,GROCERY,2026-07-23,2026-06-29,,UNKNOWN,https://fdc.nal.usda.gov/fdc-app.html#/food-details/2772925/nutrients
USDA-FDC-2772926,"Cape Cod Potato Chips, Limited Edition Summer Cracked Pepper and Lemon Kettle Cooked Chips, 6.5 Oz",SNYDER'S-LANCE INC.,Snacks,US,020685003004,00020685003004,0,28,500,GROCERY,2026-07-23,2026-06-29,,UNKNOWN,https://fdc.nal.usda.gov/fdc-app.html#/food-details/2772926/nutrients
USDA-FDC-2772927,"Cape Cod Potato Chips, Sweet Mesquite Barbeque Kettle Chips, 13 Oz",SNYDER'S-LANCE INC.,Snacks,US,020685003035,00020685003035,0,28,500,GROCERY,2026-07-23,2026-06-29,,UNKNOWN,https://fdc.nal.usda.gov/fdc-app.html#/food-details/2772927/nutrients
USDA-FDC-2772928,"Cape Cod Sour Cream & Onion Chips, 7.5 Oz Bag",SNYDER'S-LANCE INC.,Snacks,US,020685003042,00020685003042,0,28,500,GROCERY,2026-07-23,2026-06-29,,UNKNOWN,https://fdc.nal.usda.gov/fdc-app.html#/food-details/2772928/nutrients
USDA-FDC-2772929,"Cape Cod Sour Cream & Onion Chips, 13 Oz Bag",SNYDER'S-LANCE INC.,Snacks,US,020685003059,00020685003059,0,28,500,GROCERY,2026-07-23,2026-06-29,,UNKNOWN,https://fdc.nal.usda.gov/fdc-app.html#/food-details/2772929/nutrients
USDA-FDC-2772930,"Cape Cod Waves Potato Chips, Wavy Cut Honey BBQ Kettle Chips, 7 Oz",SNYDER'S-LANCE INC.,Snacks,US,020685003066,00020685003066,0,28,500,GROCERY,2026-07-23,2026-06-29,,UNKNOWN,https://fdc.nal.usda.gov/fdc-app.html#/food-details/2772930/nutrients
USDA-FDC-2772932,"Cape Cod Potato Chips, Sweet Mesquite Barbeque Kettle Chips, 1 Oz",SNYDER'S-LANCE INC.,Snacks,US,020685003141,00020685003141,0,28,500,GROCERY,2026-07-23,2026-06-29,,UNKNOWN,https://fdc.nal.usda.gov/fdc-app.html#/food-details/2772932/nutrients
USDA-FDC-2772933,"Cape Cod Sea Salt & Vinegar Chips, 7.5 Oz Bag",SNYDER'S-LANCE INC.,Snacks,US,020685003165,00020685003165,0,28,500,GROCERY,2026-07-23,2026-06-29,,UNKNOWN,https://fdc.nal.usda.gov/fdc-app.html#/food-details/2772933/nutrients
USDA-FDC-2772936,"Cape Cod Sea Salt & Vinegar Chips, 2 Oz Bag",SNYDER'S-LANCE INC.,Snacks,US,020685002342,00020685002342,0,56,500,GROCERY,2026-07-23,2026-06-29,,UNKNOWN,https://fdc.nal.usda.gov/fdc-app.html#/food-details/2772936/nutrients
USDA-FDC-2772938,"Cape Cod Sea Salt & Vinegar Chips, 1 Oz Bag",SNYDER'S-LANCE INC.,Snacks,US,020685002304,00020685002304,0,28,500,GROCERY,2026-07-23,2026-06-29,,UNKNOWN,https://fdc.nal.usda.gov/fdc-app.html#/food-details/2772938/nutrients
USDA-FDC-2772939,"Cape Cod Potato Chips, Less Fat Sea Salt & Vinegar Kettle Chips, 16 Oz",SNYDER'S-LANCE INC.,Snacks,US,020685002007,00020685002007,0,28,464,GROCERY,2026-07-23,2026-06-29,,UNKNOWN,https://fdc.nal.usda.gov/fdc-app.html#/food-details/2772939/nutrients
USDA-FDC-2772948,"Cape Cod Potato Chips, Less Fat Sea Salt & Vinegar Kettle Cooked Chips, 0.75 Oz",SNYDER'S-LANCE INC.,Snacks,US,020685000171,00020685000171,0,21,476,GROCERY,2026-07-23,2026-06-29,,UNKNOWN,https://fdc.nal.usda.gov/fdc-app.html#/food-details/2772948/nutrients
USDA-FDC-2772949,"Cape Cod Potato Chips, Less Fat Sweet Mesquite Barbeque Kettle Cooked Chips, 0.75 Oz",SNYDER'S-LANCE INC.,Snacks,US,020685000188,00020685000188,0,21,476,GROCERY,2026-07-23,2026-06-29,,UNKNOWN,https://fdc.nal.usda.gov/fdc-app.html#/food-details/2772949/nutrients
USDA-FDC-2772950,"Cape Cod Potato Chips, Less Fat Original Kettle Chips, 8 Oz",SNYDER'S-LANCE INC.,Snacks,US,020685000294,00020685000294,0,28,464,GROCERY,2026-07-23,2026-06-29,,UNKNOWN,https://fdc.nal.usda.gov/fdc-app.html#/food-details/2772950/nutrients
USDA-FDC-2772951,"Cape Cod Potato Chips, Original Kettle Chips, 5 Oz",SNYDER'S-LANCE INC.,Snacks,US,020685000744,00020685000744,0,28,500,GROCERY,2026-07-23,2026-06-29,,UNKNOWN,https://fdc.nal.usda.gov/fdc-app.html#/food-details/2772951/nutrients
USDA-FDC-2772953,"Cape Cod Potato Chips, Original Kettle Chips, 2.5 Oz",SNYDER'S-LANCE INC.,Snacks,US,020685001376,00020685001376,0,28,500,GROCERY,2026-07-23,2026-06-29,,UNKNOWN,https://fdc.nal.usda.gov/fdc-app.html#/food-details/2772953/nutrients
USDA-FDC-2772954,"Cape Cod Sea Salt & Vinegar Chips, 2.5 Oz Bag",SNYDER'S-LANCE INC.,Snacks,US,020685001383,00020685001383,0,28,500,GROCERY,2026-07-23,2026-06-29,,UNKNOWN,https://fdc.nal.usda.gov/fdc-app.html#/food-details/2772954/nutrients
USDA-FDC-2772955,"Cape Cod Potato Chips, Sweet & Spicy Jalapeno Kettle Chips, 2.5 Oz",SNYDER'S-LANCE INC.,Snacks,US,020685001390,00020685001390,0,28,500,GROCERY,2026-07-23,2026-06-29,,UNKNOWN,https://fdc.nal.usda.gov/fdc-app.html#/food-details/2772955/nutrients
USDA-FDC-2772956,"Cape Cod Potato Chips, Sweet Mesquite Barbeque Kettle Chips, 2.5 Oz",SNYDER'S-LANCE INC.,Snacks,US,020685001420,00020685001420,0,28,500,GROCERY,2026-07-23,2026-06-29,,UNKNOWN,https://fdc.nal.usda.gov/fdc-app.html#/food-details/2772956/nutrients
USDA-FDC-2772957,"Cape Cod Potato Chips, Original Kettle Chips, 8 Oz",SNYDER'S-LANCE INC.,Snacks,US,020685001642,00020685001642,0,28,500,GROCERY,2026-07-23,2026-06-29,,UNKNOWN,https://fdc.nal.usda.gov/fdc-app.html#/food-details/2772957/nutrients
USDA-FDC-2772958,"Cape Cod Potato Chips, Original Kettle Chips, 14 Oz Party Size",SNYDER'S-LANCE INC.,Snacks,US,020685001659,00020685001659,0,28,500,GROCERY,2026-07-23,2026-06-29,,UNKNOWN,https://fdc.nal.usda.gov/fdc-app.html#/food-details/2772958/nutrients
USDA-FDC-2772959,"Cape Cod Potato Chips, Less Fat Original Kettle Chips, 14 Oz",SNYDER'S-LANCE INC.,Snacks,US,020685001666,00020685001666,0,28,464,GROCERY,2026-07-23,2026-06-29,,UNKNOWN,https://fdc.nal.usda.gov/fdc-app.html#/food-details/2772959/nutrients
USDA-FDC-2772960,"Cape Cod Potato Chips, Less Fat Original Kettle Chips, 2.5 Oz",SNYDER'S-LANCE INC.,Snacks,US,020685001727,00020685001727,0,28,464,GROCERY,2026-07-23,2026-06-29,,UNKNOWN,https://fdc.nal.usda.gov/fdc-app.html#/food-details/2772960/nutrients
USDA-FDC-2772961,"Cape Cod Less Fat Sweet Mesquite Barbeque Chips, 16 Oz Bag",SNYDER'S-LANCE INC.,Snacks,US,020685002014,00020685002014,0,28,464,GROCERY,2026-07-23,2026-06-29,,UNKNOWN,https://fdc.nal.usda.gov/fdc-app.html#/food-details/2772961/nutrients
USDA-FDC-2773166,"Pepperidge Farm Milano Cookies, Dark Chocolate, 12 Packs, 2 Cookies per Pack",PEPPERIDGE FARM INC,Biscuits/Cookies,US,014100050780,00014100050780,0,21,524,GROCERY,2026-07-23,2026-06-29,,UNKNOWN,https://fdc.nal.usda.gov/fdc-app.html#/food-details/2773166/nutrients
USDA-FDC-2773167,"Pepperidge Farm Farmhouse Butter Hamburger Buns, 8-Pack Bag",PEPPERIDGE FARM INC,Bread,US,014100050841,00014100050841,0,64,266,GROCERY,2026-07-23,2026-06-29,,UNKNOWN,https://fdc.nal.usda.gov/fdc-app.html#/food-details/2773167/nutrients
USDA-FDC-2773168,"Pepperidge Farm Goldfish Made with Organic Wheat Cheddar Crackers, 4 oz. Re-sealable Bag",PEPPERIDGE FARM INC,Biscuits/Cookies,US,014100051176,00014100051176,0,30,467,GROCERY,2026-07-23,2026-06-29,,UNKNOWN,https://fdc.nal.usda.gov/fdc-app.html#/food-details/2773168/nutrients
USDA-FDC-2773169,"Pepperidge Farm Whole Grain Thin Sliced Oatmeal Bread, 22 oz. Bag",PEPPERIDGE FARM INC,Bread,US,014100051268,00014100051268,0,52,250,GROCERY,2026-07-23,2026-06-29,,UNKNOWN,https://fdc.nal.usda.gov/fdc-app.html#/food-details/2773169/nutrients
USDA-FDC-2773170,"Goldfish Mix Crackers with Xtra Cheddar and Pretzel Crackers, Snack Pack, 1.1 oz, 9CT Mutl-Pack Tray",PEPPERIDGE FARM INC,Biscuits/Cookies,US,014100051435,00014100051435,0,30,433,GROCERY,2026-07-23,2026-06-29,,UNKNOWN,https://fdc.nal.usda.gov/fdc-app.html#/food-details/2773170/nutrients
USDA-FDC-2773171,"Goldfish Special Edition Disney Mickey and Minnie Mouse Cheddar Crackers, Snack Crackers, 6.6 oz bag",PEPPERIDGE FARM INC,Biscuits/Cookies,US,014100051565,00014100051565,0,30,467,GROCERY,2026-07-23,2026-06-29,,UNKNOWN,https://fdc.nal.usda.gov/fdc-app.html#/food-details/2773171/nutrients
USDA-FDC-2773172,"Pepperidge Farm Goldfish Veggie crackers, Sweet Carrot, 0.75-oz. Packs, 10 Snack Packs",PEPPERIDGE FARM INC,Biscuits/Cookies,US,014100051596,00014100051596,0,21,476,GROCERY,2026-07-23,2026-06-29,,UNKNOWN,https://fdc.nal.usda.gov/fdc-app.html#/food-details/2773172/nutrients
USDA-FDC-2773173,"Pepperidge Farm Farmhouse Honey White Bread, 22 Oz Loaf",PEPPERIDGE FARM INC,Bread,US,014100051664,00014100051664,0,45,289,GROCERY,2026-07-23,2026-06-29,,UNKNOWN,https://fdc.nal.usda.gov/fdc-app.html#/food-details/2773173/nutrients
USDA-FDC-2773174,"Goldfish Disney Mickey Mouse Cheddar Crackers, Snack Crackers, 30 oz carton",PEPPERIDGE FARM INC,Biscuits/Cookies,US,014100051695,00014100051695,0,30,467,GROCERY,2026-07-23,2026-06-29,,UNKNOWN,https://fdc.nal.usda.gov/fdc-app.html#/food-details/2773174/nutrients
USDA-FDC-2773175,"Pepperidge Farm Milano Cookies, Amaretto Hot Cocoa, 7-oz. Bag",PEPPERIDGE FARM INC,Biscuits/Cookies,US,014100051763,00014100051763,0,26,500,GROCERY,2026-07-23,2026-06-29,,UNKNOWN,https://fdc.nal.usda.gov/fdc-app.html#/food-details/2773175/nutrients
USDA-FDC-2773176,"Goldfish Colors Cheddar Cheese Crackers, 14 Oz Bag",PEPPERIDGE FARM INC,Biscuits/Cookies,US,014100051855,00014100051855,0,30,467,GROCERY,2026-07-23,2026-06-29,,UNKNOWN,https://fdc.nal.usda.gov/fdc-app.html#/food-details/2773176/nutrients
USDA-FDC-2773177,"Goldfish Flavor Blasted Cheddar and Sour Cream Crackers, Snack Crackers, 6.6 oz bag",PEPPERIDGE FARM INC,Biscuits/Cookies,US,014100051879,00014100051879,0,30,467,GROCERY,2026-07-23,2026-06-29,,UNKNOWN,https://fdc.nal.usda.gov/fdc-app.html#/food-details/2773177/nutrients
USDA-FDC-2773178,"Pepperidge Farm Farmhouse Berry Sunflower Breakfast Bread, 16 oz. Bag",PEPPERIDGE FARM INC,Bread,US,014100051961,00014100051961,0,38,289,GROCERY,2026-07-23,2026-06-29,,UNKNOWN,https://fdc.nal.usda.gov/fdc-app.html#/food-details/2773178/nutrients
USDA-FDC-2773179,"Pepperidge Farm Farmhouse Thin & Crispy Butter Pecan Cookies, 5.9 Oz Bag",PEPPERIDGE FARM INC,Biscuits/Cookies,US,014100052067,00014100052067,0,30,533,GROCERY,2026-07-23,2026-06-29,,UNKNOWN,https://fdc.nal.usda.gov/fdc-app.html#/food-details/2773179/nutrients
USDA-FDC-2773180,"Goldfish Marvel Avengers Cheddar Crackers, Snack Crackers, 6.6 oz bag",PEPPERIDGE FARM INC,Biscuits/Cookies,US,014100052098,00014100052098,0,30,467,GROCERY,2026-07-23,2026-06-29,,UNKNOWN,https://fdc.nal.usda.gov/fdc-app.html#/food-details/2773180/nutrients
USDA-FDC-2773181,"Goldfish Disney Princess Cheddar Crackers, Snack Crackers, 6.6 oz bag",PEPPERIDGE FARM INC,Biscuits/Cookies,US,014100052104,00014100052104,0,30,467,GROCERY,2026-07-23,2026-06-29,,UNKNOWN,https://fdc.nal.usda.gov/fdc-app.html#/food-details/2773181/nutrients
USDA-FDC-2773182,"Pepperidge Farm Whole Grain Multi-Seed Bread, 24 oz. Loaf",PEPPERIDGE FARM INC,Bread,US,014100052401,00014100052401,0,43,302,GROCERY,2026-07-23,2026-06-29,,UNKNOWN,https://fdc.nal.usda.gov/fdc-app.html#/food-details/2773182/nutrients
USDA-FDC-2773183,"Goldfish Franks RedHot Bag, 6.6 Oz Bag",PEPPERIDGE FARM INC,Biscuits/Cookies,US,014100052586,00014100052586,0,30,467,GROCERY,2026-07-23,2026-06-29,,UNKNOWN,https://fdc.nal.usda.gov/fdc-app.html#/food-details/2773183/nutrients
USDA-FDC-2773184,"Goldfish Mega Bites Sharp Cheddar Cheese Crackers, 5.9 Oz Bag",PEPPERIDGE FARM INC,Biscuits/Cookies,US,014100052937,00014100052937,0,30,500,GROCERY,2026-07-23,2026-06-29,,UNKNOWN,https://fdc.nal.usda.gov/fdc-app.html#/food-details/2773184/nutrients
USDA-FDC-2773185,"Goldfish Mega Bites Cheddar Jalapeno Crackers, 5.9 Oz Bag",PEPPERIDGE FARM INC,Biscuits/Cookies,US,014100052944,00014100052944,0,30,500,GROCERY,2026-07-23,2026-06-29,,UNKNOWN,https://fdc.nal.usda.gov/fdc-app.html#/food-details/2773185/nutrients
USDA-FDC-2773186,"Goldfish Cheddar Cheese Crackers, 10 Oz Bag",PEPPERIDGE FARM INC,Biscuits/Cookies,US,014100052951,00014100052951,0,30,467,GROCERY,2026-07-23,2026-06-29,,UNKNOWN,https://fdc.nal.usda.gov/fdc-app.html#/food-details/2773186/nutrients
USDA-FDC-2773187,"Pepperidge Farm Chessmen Butter Cookies, 9 Packs, 3 Cookies per Pack",PEPPERIDGE FARM INC,Biscuits/Cookies,US,014100050773,00014100050773,0,26,462,GROCERY,2026-07-23,2026-06-29,,UNKNOWN,https://fdc.nal.usda.gov/fdc-app.html#/food-details/2773187/nutrients
USDA-FDC-2773188,"Goldfish Colors Cheddar Cheese Crackers, 10 Oz Bag",PEPPERIDGE FARM INC,Biscuits/Cookies,US,014100052968,00014100052968,0,30,467,GROCERY,2026-07-23,2026-06-29,,UNKNOWN,https://fdc.nal.usda.gov/fdc-app.html#/food-details/2773188/nutrients
USDA-FDC-2773189,"Goldfish Flavor Blasted Cheddar Jack'd Crackers, Snack Crackers, 6.6 oz bag",PEPPERIDGE FARM INC,Biscuits/Cookies,US,014100050759,00014100050759,0,30,433,GROCERY,2026-07-23,2026-06-29,,UNKNOWN,https://fdc.nal.usda.gov/fdc-app.html#/food-details/2773189/nutrients
USDA-FDC-2773190,"Pepperidge Farm Corn Bread Classic Stuffing, 12 oz. Bag",PEPPERIDGE FARM INC,Baking/Cooking Mixes/Supplies,US,014100050711,00014100050711,0,29,379,GROCERY,2026-07-23,2026-06-29,,UNKNOWN,https://fdc.nal.usda.gov/fdc-app.html#/food-details/2773190/nutrients
USDA-FDC-2773191,"Pepperidge Farm Verona Blueberry Thumbprint Cookies, 6.75 Oz Bag",PEPPERIDGE FARM INC,Biscuits/Cookies,US,014100049708,00014100049708,0,32,406,GROCERY,2026-07-23,2026-06-29,,UNKNOWN,https://fdc.nal.usda.gov/fdc-app.html#/food-details/2773191/nutrients
USDA-FDC-2773192,"Pepperidge Farm Goldfish Cheddar Crackers, 24 Count 0.75 Oz",PEPPERIDGE FARM INC,Biscuits/Cookies,US,014100049760,00014100049760,0,21,476,GROCERY,2026-07-23,2026-06-29,,UNKNOWN,https://fdc.nal.usda.gov/fdc-app.html#/food-details/2773192/nutrients
USDA-FDC-2773193,"Pepperidge Farm Butter Slider Buns, 12-Pack Bag",PEPPERIDGE FARM INC,Bread,US,014100049791,00014100049791,0,36,278,GROCERY,2026-07-23,2026-06-29,,UNKNOWN,https://fdc.nal.usda.gov/fdc-app.html#/food-details/2773193/nutrients
USDA-FDC-2773194,"Pepperidge Farm Farmhouse Thin & Crispy Butter Crisp Cookies, 6.9 Oz Bag",PEPPERIDGE FARM INC,Biscuits/Cookies,US,014100049807,00014100049807,0,28,536,GROCERY,2026-07-23,2026-06-29,,UNKNOWN,https://fdc.nal.usda.gov/fdc-app.html#/food-details/2773194/nutrients
USDA-FDC-2773195,"Pepperidge Farm Farmhouse Thin & Crispy White Chocolate Chip Cookies, 6.9 Oz Bag",PEPPERIDGE FARM INC,Biscuits/Cookies,US,014100049814,00014100049814,0,28,536,GROCERY,2026-07-23,2026-06-29,,UNKNOWN,https://fdc.nal.usda.gov/fdc-app.html#/food-details/2773195/nutrients
USDA-FDC-2773196,"Pepperidge Farm Farmhouse Cookies, Thin & Crispy Milk Chocolate Chip, 8 Packs, 2 Cookies Per Pack",PEPPERIDGE FARM INC,Biscuits/Cookies,US,014100049838,00014100049838,0,28,500,GROCERY,2026-07-23,2026-06-29,,UNKNOWN,https://fdc.nal.usda.gov/fdc-app.html#/food-details/2773196/nutrients
USDA-FDC-2773197,"Pepperidge Farm Farmhouse Sweet Hawaiian Bread, 22 Oz Loaf",PEPPERIDGE FARM INC,Bread,US,014100049890,00014100049890,0,45,289,GROCERY,2026-07-23,2026-06-29,,UNKNOWN,https://fdc.nal.usda.gov/fdc-app.html#/food-details/2773197/nutrients
USDA-FDC-2773198,"Pepperidge Farm Whole Grain Thin-Sliced 100% Whole Wheat Bread, 22 Oz Loaf",PEPPERIDGE FARM INC,Bread,US,014100049906,00014100049906,0,52,269,GROCERY,2026-07-23,2026-06-29,,UNKNOWN,https://fdc.nal.usda.gov/fdc-app.html#/food-details/2773198/nutrients
USDA-FDC-2773199,"Pepperidge Farm Whole Grain Thin Sliced 15 Grain Bread, 22 Oz Loaf",PEPPERIDGE FARM INC,Bread,US,014100049913,00014100049913,0,52,288,GROCERY,2026-07-23,2026-06-29,,UNKNOWN,https://fdc.nal.usda.gov/fdc-app.html#/food-details/2773199/nutrients
USDA-FDC-2773200,"Pepperidge Farm Butter Hot Dog Buns, Top Sliced, 8-Pack Bag",PEPPERIDGE FARM INC,Bread,US,014100050162,00014100050162,0,50,280,GROCERY,2026-07-23,2026-06-29,,UNKNOWN,https://fdc.nal.usda.gov/fdc-app.html#/food-details/2773200/nutrients
USDA-FDC-2773201,"Pepperidge Farm Goldfish Epic Crunch Nacho Crackers, 5.5 oz. Bag",PEPPERIDGE FARM INC,Biscuits/Cookies,US,014100050179,00014100050179,0,30,433,GROCERY,2026-07-23,2026-06-29,,UNKNOWN,https://fdc.nal.usda.gov/fdc-app.html#/food-details/2773201/nutrients
USDA-FDC-2773202,"Pepperidge Farm Goldfish Epic Crunch Ranch Crackers, 5.5 oz. Bag",PEPPERIDGE FARM INC,Biscuits/Cookies,US,014100050186,00014100050186,0,30,433,GROCERY,2026-07-23,2026-06-29,,UNKNOWN,https://fdc.nal.usda.gov/fdc-app.html#/food-details/2773202/nutrients
USDA-FDC-2773203,"Pepperidge Farm Goldfish Epic Crunch Honey BBQ Crackers, 5.5 oz. Bag",PEPPERIDGE FARM INC,Biscuits/Cookies,US,014100050193,00014100050193,0,30,433,GROCERY,2026-07-23,2026-06-29,,UNKNOWN,https://fdc.nal.usda.gov/fdc-app.html#/food-details/2773203/nutrients
USDA-FDC-2773204,"Goldfish Special Edition Disney Mickey and Minnie Mouse Cheddar Crackers, Snack Crackers, 9-Ct Tray",PEPPERIDGE FARM INC,Biscuits/Cookies,US,014100050230,00014100050230,0,21,476,GROCERY,2026-07-23,2026-06-29,,UNKNOWN,https://fdc.nal.usda.gov/fdc-app.html#/food-details/2773204/nutrients
USDA-FDC-2773205,"Pepperidge Farm Goldfish Veggie crackers, Cheesy Tomato, 4oz. Resealable Bag",PEPPERIDGE FARM INC,Biscuits/Cookies,US,014100050353,00014100050353,0,30,467,GROCERY,2026-07-23,2026-06-29,,UNKNOWN,https://fdc.nal.usda.gov/fdc-app.html#/food-details/2773205/nutrients
USDA-FDC-2773206,"Goldfish Cheddar Crackers, Snack Pack, 1 oz, 30 CT Multi-Pack Box",PEPPERIDGE FARM INC,Biscuits/Cookies,US,014100050445,00014100050445,0,28,464,GROCERY,2026-07-23,2026-06-29,,UNKNOWN,https://fdc.nal.usda.gov/fdc-app.html#/food-details/2773206/nutrients
USDA-FDC-2773207,"Pepperidge Farm Farmhouse Sourdough Hamburger Buns, 8-Pack Bag",PEPPERIDGE FARM INC,Bread,US,014100050452,00014100050452,0,64,266,GROCERY,2026-07-23,2026-06-29,,UNKNOWN,https://fdc.nal.usda.gov/fdc-app.html#/food-details/2773207/nutrients
USDA-FDC-2773208,"Goldfish Cheddar Cheese Crackers, 1.25 oz On-the-Go Snack Packs, 36 Count Box",PEPPERIDGE FARM INC,Biscuits/Cookies,US,014100050551,00014100050551,0,35,457,GROCERY,2026-07-23,2026-06-29,,UNKNOWN,https://fdc.nal.usda.gov/fdc-app.html#/food-details/2773208/nutrients
USDA-FDC-2773209,"Pepperidge Farm Farmhouse Thin & Crispy Gluten Free Butter Crisp Cookies, 5.9 oz. box",PEPPERIDGE FARM INC,Biscuits/Cookies,US,014100050605,00014100050605,0,28,500,GROCERY,2026-07-23,2026-06-29,,UNKNOWN,https://fdc.nal.usda.gov/fdc-app.html#/food-details/2773209/nutrients
USDA-FDC-2773210,"Pepperidge Farm Farmhouse Thin & Crispy Gluten Free Milk Chocolate Chip Cookies, 5.9 oz. tray with outer carton",PEPPERIDGE FARM INC,Biscuits/Cookies,US,014100050612,00014100050612,0,28,500,GROCERY,2026-07-23,2026-06-29,,UNKNOWN,https://fdc.nal.usda.gov/fdc-app.html#/food-details/2773210/nutrients
USDA-FDC-2773211,"Pepperidge Farm Milano Caramel Macchiato Cookies, 7 oz. Bag",PEPPERIDGE FARM INC,Biscuits/Cookies,US,014100050681,00014100050681,0,26,500,GROCERY,2026-07-23,2026-06-29,,UNKNOWN,https://fdc.nal.usda.gov/fdc-app.html#/food-details/2773211/nutrients
USDA-FDC-2773212,"Pepperidge Farm Herb Seasoned Classic Stuffing, 12 oz. Bag",PEPPERIDGE FARM INC,Baking/Cooking Mixes/Supplies,US,014100050728,00014100050728,0,29,379,GROCERY,2026-07-23,2026-06-29,,UNKNOWN,https://fdc.nal.usda.gov/fdc-app.html#/food-details/2773212/nutrients
USDA-FDC-2773213,"Pepperidge Farm Milano Cookies, Chocolate Coconut, 7 Oz Bag",PEPPERIDGE FARM INC,Biscuits/Cookies,US,014100049692,00014100049692,0,26,500,GROCERY,2026-07-23,2026-06-29,,UNKNOWN,https://fdc.nal.usda.gov/fdc-app.html#/food-details/2773213/nutrients
USDA-FDC-2773214,"Goldfish Crackers, Flavor Blasted Xtra Cheddar Crackers, Family Size, 10 Oz Bag",PEPPERIDGE FARM INC,Biscuits/Cookies,US,014100052975,00014100052975,0,30,467,GROCERY,2026-07-23,2026-06-29,,UNKNOWN,https://fdc.nal.usda.gov/fdc-app.html#/food-details/2773214/nutrients
USDA-FDC-2773215,"Pepperidge Farm Farmhouse Brioche Hamburger Buns, 6-Pack Bag",PEPPERIDGE FARM INC,Bread,US,014100053415,00014100053415,0,64,297,GROCERY,2026-07-23,2026-06-29,,UNKNOWN,https://fdc.nal.usda.gov/fdc-app.html#/food-details/2773215/nutrients
USDA-FDC-2773217,"Pepperidge Farm Chessmen Holiday Nog Flavored Butter Cookies, 6.4 Oz Bag",PEPPERIDGE FARM INC,Biscuits/Cookies,US,014100054818,00014100054818,0,26,462,GROCERY,2026-07-23,2026-06-29,,UNKNOWN,https://fdc.nal.usda.gov/fdc-app.html#/food-details/2773217/nutrients
USDA-FDC-2773219,"Goldfish Cheddar Crackers, 27.3 oz carton, 2 CT box",PEPPERIDGE FARM INC,Biscuits/Cookies,US,014100054856,00014100054856,0,30,467,GROCERY,2026-07-23,2026-06-29,,UNKNOWN,https://fdc.nal.usda.gov/fdc-app.html#/food-details/2773219/nutrients
USDA-FDC-2773220,"Pepperidge Farm Swirl Lemon Blueberry Flavored Breakfast Bread Bread, 14 Oz Bag",PEPPERIDGE FARM INC,Bread,US,014100054863,00014100054863,0,33,303,GROCERY,2026-07-23,2026-06-30,,UNKNOWN,https://fdc.nal.usda.gov/fdc-app.html#/food-details/2773220/nutrients
USDA-FDC-2773221,"Pepperidge Farm Milano London Fog Earl Grey Flavored Tea Cookies, 5.6 Oz Bag (12 Cookies)",PEPPERIDGE FARM INC,Biscuits/Cookies,US,014100054986,00014100054986,0,26,538,GROCERY,2026-07-23,2026-06-29,,UNKNOWN,https://fdc.nal.usda.gov/fdc-app.html#/food-details/2773221/nutrients
USDA-FDC-2773222,"Goldfish Minions Shaped Cheddar Crackers, 6.6 Oz Bag",PEPPERIDGE FARM INC,Biscuits/Cookies,US,014100055099,00014100055099,0,30,467,GROCERY,2026-07-23,2026-06-29,,UNKNOWN,https://fdc.nal.usda.gov/fdc-app.html#/food-details/2773222/nutrients
USDA-FDC-2773223,"Goldfish Old Bay Bag, 6.1 Oz Bag",PEPPERIDGE FARM INC,Biscuits/Cookies,US,014100055204,00014100055204,0,30,467,GROCERY,2026-07-23,2026-06-29,,UNKNOWN,https://fdc.nal.usda.gov/fdc-app.html#/food-details/2773223/nutrients
USDA-FDC-2773224,"Goldfish Crisps Barbecue Flavored Baked Chip Crackers, 6.25 Oz Bag",PEPPERIDGE FARM INC,Biscuits/Cookies,US,014100055228,00014100055228,0,30,467,GROCERY,2026-07-23,2026-06-29,,UNKNOWN,https://fdc.nal.usda.gov/fdc-app.html#/food-details/2773224/nutrients
USDA-FDC-2773225,"Pepperidge Farm Goldfish Cheddar Flavored, 1.9 Oz Bag",PEPPERIDGE FARM INC,Biscuits/Cookies,US,014100055235,00014100055235,0,54,481,GROCERY,2026-07-23,2026-06-29,,UNKNOWN,https://fdc.nal.usda.gov/fdc-app.html#/food-details/2773225/nutrients
USDA-FDC-2773226,"Pepperidge Farm Goldfish Sour Cream and Onion, 1.9 Oz Bag",PEPPERIDGE FARM INC,Biscuits/Cookies,US,014100055242,00014100055242,0,54,481,GROCERY,2026-07-23,2026-06-29,,UNKNOWN,https://fdc.nal.usda.gov/fdc-app.html#/food-details/2773226/nutrients
USDA-FDC-2773227,"Pepperidge Farm Milano Caramel Cafe Au Lait Flavored Cookies, 5.6 Oz Bag",PEPPERIDGE FARM INC,Biscuits/Cookies,US,014100055259,00014100055259,0,26,538,GROCERY,2026-07-23,2026-06-29,,UNKNOWN,https://fdc.nal.usda.gov/fdc-app.html#/food-details/2773227/nutrients
USDA-FDC-2773228,"Pepperidge Farm Milano White Chocolate Coconut Flavored Cookies, 7 Oz Bag",PEPPERIDGE FARM INC,Biscuits/Cookies,US,014100055266,00014100055266,0,26,538,GROCERY,2026-07-23,2026-06-29,,UNKNOWN,https://fdc.nal.usda.gov/fdc-app.html#/food-details/2773228/nutrients
USDA-FDC-2773229,"Pepperidge Farm Milano White Chocolate Lemon Flavored Cookies, 7 Oz Bag",PEPPERIDGE FARM INC,Biscuits/Cookies,US,014100055273,00014100055273,0,26,538,GROCERY,2026-07-23,2026-06-29,,UNKNOWN,https://fdc.nal.usda.gov/fdc-app.html#/food-details/2773229/nutrients
USDA-FDC-2773230,"Pepperidge Farm Milano White Chocolate Strawberry Flavored Cookies, 7 Oz Bag",PEPPERIDGE FARM INC,Biscuits/Cookies,US,014100055297,00014100055297,0,26,538,GROCERY,2026-07-23,2026-06-29,,UNKNOWN,https://fdc.nal.usda.gov/fdc-app.html#/food-details/2773230/nutrients
USDA-FDC-2773231,"Goldfish Crackers, Limited Edition Old Bay Seasoned Snack Crackers, 27.3 Oz",PEPPERIDGE FARM INC,Biscuits/Cookies,US,014100055389,00014100055389,0,30,467,GROCERY,2026-07-23,2026-06-29,,UNKNOWN,https://fdc.nal.usda.gov/fdc-app.html#/food-details/2773231/nutrients
USDA-FDC-2773232,"Pepperidge Farm Goldfish Franks RedHot, 2.45 Oz Bag",PEPPERIDGE FARM INC,Biscuits/Cookies,US,014100055396,00014100055396,0,30,467,GROCERY,2026-07-23,2026-06-29,,UNKNOWN,https://fdc.nal.usda.gov/fdc-app.html#/food-details/2773232/nutrients
USDA-FDC-2773233,"Pepperidge Farm Goldfish Franks RedHot, 8 Oz Bag",PEPPERIDGE FARM INC,Biscuits/Cookies,US,014100055402,00014100055402,0,30,467,GROCERY,2026-07-23,2026-06-29,,UNKNOWN,https://fdc.nal.usda.gov/fdc-app.html#/food-details/2773233/nutrients
USDA-FDC-2773234,"Goldfish Crackers, Limited Edition Old Bay Seasoned Snack Crackers, 27.3 Oz Carton, 2 Pack",PEPPERIDGE FARM INC,Biscuits/Cookies,US,014100055457,00014100055457,0,30,467,GROCERY,2026-07-23,2026-06-29,,UNKNOWN,https://fdc.nal.usda.gov/fdc-app.html#/food-details/2773234/nutrients
USDA-FDC-2773237,PEPPERIDGE FARM GOLDFISH CRACKERS CHEDDAR,PEPPERIDGE FARM INC,Biscuits/Cookies,US,014100054788,00014100054788,0,30,467,CHILD_NUTRITION_FOOD_PROGRAMS|GROCERY,2026-07-23,2026-06-30,,UNKNOWN,https://fdc.nal.usda.gov/fdc-app.html#/food-details/2773237/nutrients
USDA-FDC-2773238,"Pepperidge Farm Milano Cookies, Hazelnut Hot Cocoa, 7-oz. Bag",PEPPERIDGE FARM INC,Biscuits/Cookies,US,014100053040,00014100053040,0,26,500,GROCERY,2026-07-23,2026-06-29,,UNKNOWN,https://fdc.nal.usda.gov/fdc-app.html#/food-details/2773238/nutrients
USDA-FDC-2773240,"Pepperidge Farm Soft Baked Ojai Lemon Sugar Cookies, 8.6 Oz Bag (8 Cookies)",PEPPERIDGE FARM INC,Biscuits/Cookies,US,014100054757,00014100054757,0,31,419,GROCERY,2026-07-23,2026-06-29,,UNKNOWN,https://fdc.nal.usda.gov/fdc-app.html#/food-details/2773240/nutrients
USDA-FDC-2773241,"Pepperidge Farm Milano Cookies, Double Dark Chocolate, 5 Oz Bag",PEPPERIDGE FARM INC,Biscuits/Cookies,US,014100053460,00014100053460,0,28,500,GROCERY,2026-07-23,2026-06-29,,UNKNOWN,https://fdc.nal.usda.gov/fdc-app.html#/food-details/2773241/nutrients
USDA-FDC-2773242,"Goldfish Limited Edition Jalapeno Popper Crackers, 6.6 oz. Bag",PEPPERIDGE FARM INC,Biscuits/Cookies,US,014100053569,00014100053569,0,30,467,GROCERY,2026-07-23,2026-06-29,,UNKNOWN,https://fdc.nal.usda.gov/fdc-app.html#/food-details/2773242/nutrients
USDA-FDC-2773243,"Goldfish Mega Bites, Sharp Cheddar Crackers, 26.7 Oz Carton",PEPPERIDGE FARM INC,Biscuits/Cookies,US,014100053897,00014100053897,0,30,500,GROCERY,2026-07-23,2026-06-29,,UNKNOWN,https://fdc.nal.usda.gov/fdc-app.html#/food-details/2773243/nutrients
USDA-FDC-2773244,"Pepperidge Farm Farmhouse Brioche Bread, 22 Oz Loaf",PEPPERIDGE FARM INC,Bread,US,014100053910,00014100053910,0,45,289,GROCERY,2026-07-23,2026-06-29,,UNKNOWN,https://fdc.nal.usda.gov/fdc-app.html#/food-details/2773244/nutrients
USDA-FDC-2773245,"Goldfish Crackers, Limited Edition Old Bay Seasoned Snack Crackers, 6.6 oz. bag",PEPPERIDGE FARM INC,Biscuits/Cookies,US,014100053958,00014100053958,0,30,467,GROCERY,2026-07-23,2026-06-29,,UNKNOWN,https://fdc.nal.usda.gov/fdc-app.html#/food-details/2773245/nutrients
USDA-FDC-2773246,"Pepperidge Farm Milano Cookies, Double Dark Chocolate, 30 Packs, 2 Cookies per Pack",PEPPERIDGE FARM INC,Biscuits/Cookies,US,014100054023,00014100054023,0,28,500,GROCERY,2026-07-23,2026-06-29,,UNKNOWN,https://fdc.nal.usda.gov/fdc-app.html#/food-details/2773246/nutrients
USDA-FDC-2773247,"Pepperidge Farm Charleston Birthday Cake Cookies, 8 Soft Baked Cookies, 8.6 oz. Bag",PEPPERIDGE FARM INC,Biscuits/Cookies,US,014100054030,00014100054030,0,31,484,GROCERY,2026-07-23,2026-06-29,,UNKNOWN,https://fdc.nal.usda.gov/fdc-app.html#/food-details/2773247/nutrients
USDA-FDC-2773249,"Goldfish Crisps Salt & Vinegar Flavored Baked Chip Crackers, 6.25 Oz Bag",PEPPERIDGE FARM INC,Biscuits/Cookies,US,014100054153,00014100054153,0,30,467,GROCERY,2026-07-23,2026-06-29,,UNKNOWN,https://fdc.nal.usda.gov/fdc-app.html#/food-details/2773249/nutrients
USDA-FDC-2773250,"Goldfish Crisps Sour Cream & Onion Baked Chip Crackers, 6.25 Oz Bag",PEPPERIDGE FARM INC,Biscuits/Cookies,US,014100054160,00014100054160,0,30,467,GROCERY,2026-07-23,2026-06-29,,UNKNOWN,https://fdc.nal.usda.gov/fdc-app.html#/food-details/2773250/nutrients
USDA-FDC-2773251,"Goldfish Crisps Cheddar Cheese Baked Chip Crackers, 6.25 Oz Bag",PEPPERIDGE FARM INC,Biscuits/Cookies,US,014100054177,00014100054177,0,30,467,GROCERY,2026-07-23,2026-06-29,,UNKNOWN,https://fdc.nal.usda.gov/fdc-app.html#/food-details/2773251/nutrients
USDA-FDC-2773252,"Pepperidge Farm Milano Cookies, Double Dark Chocolate, 24 Packs, 2 Cookies per Pack",PEPPERIDGE FARM INC,Biscuits/Cookies,US,014100054214,00014100054214,0,28,500,GROCERY,2026-07-23,2026-06-29,,UNKNOWN,https://fdc.nal.usda.gov/fdc-app.html#/food-details/2773252/nutrients
USDA-FDC-2773253,"Goldfish Spicy Dill Pickle Flavored Crackers, 6.1 Oz Bag",PEPPERIDGE FARM INC,Biscuits/Cookies,US,014100054474,00014100054474,0,30,467,GROCERY,2026-07-23,2026-06-29,,UNKNOWN,https://fdc.nal.usda.gov/fdc-app.html#/food-details/2773253/nutrients
USDA-FDC-2773254,"Goldfish Cheddar Cheese Crackers, 27.3 Oz Carton",PEPPERIDGE FARM INC,Biscuits/Cookies,US,014100054672,00014100054672,0,30,467,GROCERY,2026-07-23,2026-06-29,,UNKNOWN,https://fdc.nal.usda.gov/fdc-app.html#/food-details/2773254/nutrients
USDA-FDC-2773255,"Goldfish Colors Cheddar Cheese Crackers, 27.3 Oz Carton",PEPPERIDGE FARM INC,Biscuits/Cookies,US,014100054689,00014100054689,0,30,467,GROCERY,2026-07-23,2026-06-29,,UNKNOWN,https://fdc.nal.usda.gov/fdc-app.html#/food-details/2773255/nutrients
USDA-FDC-2773256,"Goldfish Cheddar Crackers, Snack Crackers, Halloween Edition, 27.3 oz carton",PEPPERIDGE FARM INC,Biscuits/Cookies,US,014100054696,00014100054696,0,30,467,GROCERY,2026-07-23,2026-06-29,,UNKNOWN,https://fdc.nal.usda.gov/fdc-app.html#/food-details/2773256/nutrients
USDA-FDC-2773257,"Goldfish Flavor Blasted Xtra Cheddar Cheese Crackers, 27.3 Oz Carton",PEPPERIDGE FARM INC,Biscuits/Cookies,US,014100054702,00014100054702,0,30,467,GROCERY,2026-07-23,2026-06-29,,UNKNOWN,https://fdc.nal.usda.gov/fdc-app.html#/food-details/2773257/nutrients
USDA-FDC-2773258,"Goldfish Disney Mickey Mouse Cheddar Crackers, Snack Crackers, 27.3 oz carton",PEPPERIDGE FARM INC,Biscuits/Cookies,US,014100054719,00014100054719,0,30,467,GROCERY,2026-07-23,2026-06-29,,UNKNOWN,https://fdc.nal.usda.gov/fdc-app.html#/food-details/2773258/nutrients
USDA-FDC-2773259,"Pepperidge Farm Baked with Whole Grain Cheddar Snack Crackers, 27.3 Oz Carton",PEPPERIDGE FARM INC,Biscuits/Cookies,US,014100054726,00014100054726,0,30,467,GROCERY,2026-07-23,2026-06-30,,UNKNOWN,https://fdc.nal.usda.gov/fdc-app.html#/food-details/2773259/nutrients
USDA-FDC-2773260,"Goldfish Mega Bites Sharp Cheddar Cheese Crackers, 24.3 Oz Carton",PEPPERIDGE FARM INC,Biscuits/Cookies,US,014100054733,00014100054733,0,30,500,GROCERY,2026-07-23,2026-06-29,,UNKNOWN,https://fdc.nal.usda.gov/fdc-app.html#/food-details/2773260/nutrients
USDA-FDC-2773261,"Pepperidge Farm Soft Baked Newport Dark Chocolate Cookies with Sea Salt, 8.6 Oz Bag (8 Cookies)",PEPPERIDGE FARM INC,Biscuits/Cookies,US,014100054740,00014100054740,0,31,452,GROCERY,2026-07-23,2026-06-29,,UNKNOWN,https://fdc.nal.usda.gov/fdc-app.html#/food-details/2773261/nutrients
USDA-FDC-2773262,"Pepperidge Farm Thin & Crispy Peppermint Cocoa Cookies, 6.9 Oz Bag",PEPPERIDGE FARM INC,Biscuits/Cookies,US,014100054764,00014100054764,0,28,500,GROCERY,2026-07-23,2026-06-29,,UNKNOWN,https://fdc.nal.usda.gov/fdc-app.html#/food-details/2773262/nutrients
USDA-FDC-2773263,"Goldfish Disney Mickey Mouse Cheddar Crackers, Snack Crackers, 6.6 oz bag",PEPPERIDGE FARM INC,Biscuits/Cookies,US,014100049685,00014100049685,0,30,467,GROCERY,2026-07-23,2026-06-29,,UNKNOWN,https://fdc.nal.usda.gov/fdc-app.html#/food-details/2773263/nutrients
USDA-FDC-2773264,"Pepperidge Farm Verona Cherry Thumbprint Cookies, 6.75 Oz Bag",PEPPERIDGE FARM INC,Biscuits/Cookies,US,014100049654,00014100049654,0,32,406,GROCERY,2026-07-23,2026-06-29,,UNKNOWN,https://fdc.nal.usda.gov/fdc-app.html#/food-details/2773264/nutrients
USDA-FDC-2773265,"Pepperidge Farm Farmhouse Butter Bread, 22 Oz Loaf",PEPPERIDGE FARM INC,Bread,US,014100049555,00014100049555,0,45,267,GROCERY,2026-07-23,2026-06-29,,UNKNOWN,https://fdc.nal.usda.gov/fdc-app.html#/food-details/2773265/nutrients
USDA-FDC-2773266,"Pepperidge Farm Chessmen Mini Butter Holiday Cookies, 2.25 Oz Bag",PEPPERIDGE FARM INC,Biscuits/Cookies,US,014100040460,00014100040460,0,30,467,GROCERY,2026-07-23,2026-06-29,,UNKNOWN,https://fdc.nal.usda.gov/fdc-app.html#/food-details/2773266/nutrients
USDA-FDC-2773267,"Pepperidge Farm Farmhouse Potato Bread, 22 Oz Loaf",PEPPERIDGE FARM INC,Bread,US,014100041559,00014100041559,0,45,267,GROCERY,2026-07-23,2026-06-29,,UNKNOWN,https://fdc.nal.usda.gov/fdc-app.html#/food-details/2773267/nutrients
USDA-FDC-2773268,"Pepperidge Farm Light Style Whole Wheat Bread, 16 Oz Loaf",PEPPERIDGE FARM INC,Bread,US,014100041931,00014100041931,0,57,228,GROCERY,2026-07-23,2026-06-29,,UNKNOWN,https://fdc.nal.usda.gov/fdc-app.html#/food-details/2773268/nutrients
USDA-FDC-2773269,"Pepperidge Farm Soft Baked Strawberry Cheesecake Cookies, 8.6 oz. Bag",PEPPERIDGE FARM INC,Biscuits/Cookies,US,014100041993,00014100041993,0,30,467,GROCERY,2026-07-23,2026-06-29,,UNKNOWN,https://fdc.nal.usda.gov/fdc-app.html#/food-details/2773269/nutrients
USDA-FDC-2773270,"Pepperidge Farm Milano Cookies, Dark Chocolate, 20 Packs, 2 Cookies per Pack",PEPPERIDGE FARM INC,Biscuits/Cookies,US,014100042303,00014100042303,0,21,524,GROCERY,2026-07-23,2026-06-29,,UNKNOWN,https://fdc.nal.usda.gov/fdc-app.html#/food-details/2773270/nutrients
USDA-FDC-2773271,"Pepperidge Farm Milano Dulce de Leche Cookies, 7 oz. Bag",PEPPERIDGE FARM INC,Biscuits/Cookies,US,014100042631,00014100042631,0,26,500,GROCERY,2026-07-23,2026-06-29,,UNKNOWN,https://fdc.nal.usda.gov/fdc-app.html#/food-details/2773271/nutrients
USDA-FDC-2773272,"Pepperidge Farm Unseasoned Cubed Stuffing, 12 oz. Bag",PEPPERIDGE FARM INC,Baking/Cooking Mixes/Supplies,US,014100042778,00014100042778,0,37,378,GROCERY,2026-07-23,2026-06-29,,UNKNOWN,https://fdc.nal.usda.gov/fdc-app.html#/food-details/2773272/nutrients
USDA-FDC-2773273,"Goldfish Holiday Shapes Cheddar Crackers, 6.6 Oz Bag",PEPPERIDGE FARM INC,Biscuits/Cookies,US,014100042952,00014100042952,0,30,467,GROCERY,2026-07-23,2026-06-29,,UNKNOWN,https://fdc.nal.usda.gov/fdc-app.html#/food-details/2773273/nutrients
USDA-FDC-2773274,"Goldfish Flavor Blasted Xtra Cheddar Crackers, Snack Crackers, 10 oz box",PEPPERIDGE FARM INC,Biscuits/Cookies,US,014100043188,00014100043188,0,30,467,GROCERY,2026-07-23,2026-06-29,,UNKNOWN,https://fdc.nal.usda.gov/fdc-app.html#/food-details/2773274/nutrients
USDA-FDC-2773275,"Pepperidge Farm Golden Potato Slider Buns, 12-Pack Bag",PEPPERIDGE FARM INC,Bread,US,014100043379,00014100043379,0,36,278,GROCERY,2026-07-23,2026-06-29,,UNKNOWN,https://fdc.nal.usda.gov/fdc-app.html#/food-details/2773275/nutrients
USDA-FDC-2773276,"Pepperidge Farm Trio Variety Crackers, 10 oz. Box",PEPPERIDGE FARM INC,Biscuits/Cookies,US,014100043386,00014100043386,0,13,462,GROCERY,2026-07-23,2026-06-29,,UNKNOWN,https://fdc.nal.usda.gov/fdc-app.html#/food-details/2773276/nutrients
USDA-FDC-2773277,"Pepperidge Farm Swirl Strawberry Breakfast Bread, 14 Oz Loaf",PEPPERIDGE FARM INC,Bread,US,014100043799,00014100043799,0,34,294,GROCERY,2026-07-23,2026-06-29,,UNKNOWN,https://fdc.nal.usda.gov/fdc-app.html#/food-details/2773277/nutrients
USDA-FDC-2773278,"Goldfish Cheddar Crackers, Spring 6.6 oz. Bag",PEPPERIDGE FARM INC,Biscuits/Cookies,US,014100044079,00014100044079,0,30,467,GROCERY,2026-07-23,2026-06-29,,UNKNOWN,https://fdc.nal.usda.gov/fdc-app.html#/food-details/2773278/nutrients
USDA-FDC-2773279,"Goldfish Cheddar Crackers, Snack Crackers, 11 oz resealable bag",PEPPERIDGE FARM INC,Biscuits/Cookies,US,014100044222,00014100044222,0,30,467,GROCERY,2026-07-23,2026-06-29,,UNKNOWN,https://fdc.nal.usda.gov/fdc-app.html#/food-details/2773279/nutrients
USDA-FDC-2773280,"Goldfish Flavor Blasted Xtra Cheddar Crackers, Snack Crackers, 11 oz Resealable Bag",PEPPERIDGE FARM INC,Biscuits/Cookies,US,014100044246,00014100044246,0,30,467,GROCERY,2026-07-23,2026-06-29,,UNKNOWN,https://fdc.nal.usda.gov/fdc-app.html#/food-details/2773280/nutrients
USDA-FDC-2773281,"Goldfish Colors Cheddar Crackers, Snack Crackers, 11 oz resealable bag",PEPPERIDGE FARM INC,Biscuits/Cookies,US,014100044437,00014100044437,0,30,467,GROCERY,2026-07-23,2026-06-29,,UNKNOWN,https://fdc.nal.usda.gov/fdc-app.html#/food-details/2773281/nutrients
USDA-FDC-2773282,"Pepperidge Farm Goldfish Cheddar Crackers, Baked with Whole Grain, 11 oz. Resealable Bag",PEPPERIDGE FARM INC,Biscuits/Cookies,US,014100044444,00014100044444,0,30,467,GROCERY,2026-07-23,2026-06-29,,UNKNOWN,https://fdc.nal.usda.gov/fdc-app.html#/food-details/2773282/nutrients
USDA-FDC-2773283,"Pepperidge Farm Milano Pumpkin Spice Flavored Cookies, 7 Oz Bag",PEPPERIDGE FARM INC,Biscuits/Cookies,US,014100044505,00014100044505,0,25,520,GROCERY,2026-07-23,2026-06-29,,UNKNOWN,https://fdc.nal.usda.gov/fdc-app.html#/food-details/2773283/nutrients
USDA-FDC-2773284,"Goldfish Princess Cheddar Crackers, 6.6 oz. Bag",PEPPERIDGE FARM INC,Biscuits/Cookies,US,014100044819,00014100044819,0,30,467,GROCERY,2026-07-23,2026-06-29,,UNKNOWN,https://fdc.nal.usda.gov/fdc-app.html#/food-details/2773284/nutrients
USDA-FDC-2773285,"Pepperidge Farm Sweet Hawaiian Hot Dog Buns, Top Sliced, 8-Pack Bag",PEPPERIDGE FARM INC,Bread,US,014100045403,00014100045403,0,50,300,GROCERY,2026-07-23,2026-06-29,,UNKNOWN,https://fdc.nal.usda.gov/fdc-app.html#/food-details/2773285/nutrients
USDA-FDC-2773286,"Pepperidge Farm Sweet Hawaiian Slider Buns, 12-Pack Bag",PEPPERIDGE FARM INC,Bread,US,014100045427,00014100045427,0,36,278,GROCERY,2026-07-23,2026-06-29,,UNKNOWN,https://fdc.nal.usda.gov/fdc-app.html#/food-details/2773286/nutrients
USDA-FDC-2773287,"Pepperidge Farm Soft Baked Caramel Apple Cookies, 8.6 oz. Bag",PEPPERIDGE FARM INC,Biscuits/Cookies,US,014100040262,00014100040262,0,30,433,GROCERY,2026-07-23,2026-06-29,,UNKNOWN,https://fdc.nal.usda.gov/fdc-app.html#/food-details/2773287/nutrients
USDA-FDC-2773288,"Goldfish Cheddar Cheese Crackers, 2.65 Oz Bag",PEPPERIDGE FARM INC,Biscuits/Cookies,US,014100045526,00014100045526,0,30,467,GROCERY,2026-07-23,2026-06-29,,UNKNOWN,https://fdc.nal.usda.gov/fdc-app.html#/food-details/2773288/nutrients
USDA-FDC-2773289,"Pepperidge Farm Gingerman Mini Holiday Cookies, 1.5 Oz Bag",PEPPERIDGE FARM INC,Biscuits/Cookies,US,014100040217,00014100040217,0,43,442,GROCERY,2026-07-23,2026-06-30,,UNKNOWN,https://fdc.nal.usda.gov/fdc-app.html#/food-details/2773289/nutrients
USDA-FDC-2773290,STOUFFER'S Macaroni & Cheese 24oz box,Société des Produits Nestlé S.A.,Ready-Made Combination Meals,US,013800829665,00013800829665,0,225,138,GROCERY,2026-07-23,2026-07-01,,UNKNOWN,https://fdc.nal.usda.gov/fdc-app.html#/food-details/2773290/nutrients
USDA-FDC-2773291,"Heinz HomeStyle Beef Gravy, 12 oz Jar",Kraft Foods Inc.,Sauces/Spreads/Dips/Condiments,US,013000798006,00013000798006,0,60,42,GROCERY,2026-07-23,2026-06-25,,UNKNOWN,https://fdc.nal.usda.gov/fdc-app.html#/food-details/2773291/nutrients
USDA-FDC-2773296,STOUFFER'S CREAMED CHIPPED BEEF 11oz,Société des Produits Nestlé S.A.,Ready-Made Combination Meals,US,013800100184,00013800100184,0,125,112,GROCERY,2026-07-23,2026-06-28,,UNKNOWN,https://fdc.nal.usda.gov/fdc-app.html#/food-details/2773296/nutrients
USDA-FDC-2773297,STOUFFER'S STUFFED GREEN PEPPER 10oz,Société des Produits Nestlé S.A.,Ready-Made Combination Meals,US,013800100665,00013800100665,0,283,64,GROCERY,2026-07-23,2026-06-09,,UNKNOWN,https://fdc.nal.usda.gov/fdc-app.html#/food-details/2773297/nutrients
USDA-FDC-2773298,STOUFFER'S LARGE SIZE STUFFED GREEN PEPPERS 15.5oz,Société des Produits Nestlé S.A.,Ready-Made Combination Meals,US,013800100672,00013800100672,0,220,73,GROCERY,2026-07-23,2026-06-07,,UNKNOWN,https://fdc.nal.usda.gov/fdc-app.html#/food-details/2773298/nutrients
USDA-FDC-2773299,STOUFFER'S CLASSICS BAKED CHICKEN 8.875oz,Société des Produits Nestlé S.A.,Ready-Made Combination Meals,US,013800101709,00013800101709,0,251,100,GROCERY,2026-07-23,2026-06-03,,UNKNOWN,https://fdc.nal.usda.gov/fdc-app.html#/food-details/2773299/nutrients
USDA-FDC-2773300,STOUFFER'S MAC & CHEESE 12oz,Société des Produits Nestlé S.A.,Ready-Made Combination Meals,US,013800103406,00013800103406,0,340,141,GROCERY,2026-07-23,2026-06-03,,UNKNOWN,https://fdc.nal.usda.gov/fdc-app.html#/food-details/2773300/nutrients
USDA-FDC-2773301,STOUFFER'S LARGE SIZE MAC & CHEESE 20oz,Société des Produits Nestlé S.A.,Ready-Made Combination Meals,US,013800103420,00013800103420,0,225,142,GROCERY,2026-07-23,2026-06-07,,UNKNOWN,https://fdc.nal.usda.gov/fdc-app.html#/food-details/2773301/nutrients
USDA-FDC-2773302,STOUFFER'S SPINACH SOUFFL 12oz,Société des Produits Nestlé S.A.,Ready-Made Combination Meals,US,013800105851,00013800105851,0,115,130,GROCERY,2026-07-23,2026-06-10,,UNKNOWN,https://fdc.nal.usda.gov/fdc-app.html#/food-details/2773302/nutrients
USDA-FDC-2773303,STOUFFER'S EXTRA CHEESE FRENCH BREAD PIZZAS 11.75oz,Société des Produits Nestlé S.A.,Ready-Made Combination Meals,US,013800151834,00013800151834,0,167,251,GROCERY,2026-07-23,2026-06-03,,UNKNOWN,https://fdc.nal.usda.gov/fdc-app.html#/food-details/2773303/nutrients
USDA-FDC-2773304,LEAN CUISINE Frozen Meal Club Chicken 6oz,Société des Produits Nestlé S.A.,Ready-Made Combination Meals,US,013800170002,00013800170002,0,170,194,GROCERY,2026-07-23,2026-06-12,,UNKNOWN,https://fdc.nal.usda.gov/fdc-app.html#/food-details/2773304/nutrients
USDA-FDC-2773305,STOUFFER'S Party Size Macaroni and Cheese 76 oz. Box,Société des Produits Nestlé S.A.,Ready-Made Combination Meals,US,013800190031,00013800190031,0,225,147,GROCERY,2026-07-23,2026-06-19,,UNKNOWN,https://fdc.nal.usda.gov/fdc-app.html#/food-details/2773305/nutrients
USDA-FDC-2773307,STOUFFER'S MACARONI AND CHEESE WITH BROCOLLI 12oz,Société des Produits Nestlé S.A.,Ready-Made Combination Meals,US,013800447920,00013800447920,0,340,132,GROCERY,2026-07-23,2026-06-09,,UNKNOWN,https://fdc.nal.usda.gov/fdc-app.html#/food-details/2773307/nutrients
USDA-FDC-2773308,STOUFFER'S FRENCH BREAD THREE MEAT PIZZA 12.875oz,Société des Produits Nestlé S.A.,Ready-Made Combination Meals,US,013800498595,00013800498595,0,182,264,GROCERY,2026-07-23,2026-06-19,,UNKNOWN,https://fdc.nal.usda.gov/fdc-app.html#/food-details/2773308/nutrients
USDA-FDC-2773309,LEAN CUISINE Chicken Fried Rice 9oz. box,Société des Produits Nestlé S.A.,Ready-Made Combination Meals,US,013800552396,00013800552396,0,255,137,GROCERY,2026-07-23,2026-06-05,,UNKNOWN,https://fdc.nal.usda.gov/fdc-app.html#/food-details/2773309/nutrients
USDA-FDC-2773310,LEAN CUISINE Sesame Chicken 9oz. Box,Société des Produits Nestlé S.A.,Ready-Made Combination Meals,US,013800654557,00013800654557,0,255,149,GROCERY,2026-07-23,2026-06-05,,UNKNOWN,https://fdc.nal.usda.gov/fdc-app.html#/food-details/2773310/nutrients
USDA-FDC-2773311,STOUFFER'S MEAT LOVERS LASAGNA 10oz,Société des Produits Nestlé S.A.,Ready-Made Combination Meals,US,013800791887,00013800791887,0,283,159,GROCERY,2026-07-23,2026-06-18,,UNKNOWN,https://fdc.nal.usda.gov/fdc-app.html#/food-details/2773311/nutrients
USDA-FDC-2773312,STOUFFER'S DELUXE FRENCH BREAD PIZZAS 12.75oz,Société des Produits Nestlé S.A.,Ready-Made Combination Meals,US,013800987983,00013800987983,0,180,244,GROCERY,2026-07-23,2026-06-18,,UNKNOWN,https://fdc.nal.usda.gov/fdc-app.html#/food-details/2773312/nutrients
USDA-FDC-2773313,"Goldfish Flavor Blasted Xtra Cheesy Pizza Cheese Crackers, 2.45 Oz Bag",PEPPERIDGE FARM INC,Biscuits/Cookies,US,014100045540,00014100045540,0,30,467,GROCERY,2026-07-23,2026-06-29,,UNKNOWN,https://fdc.nal.usda.gov/fdc-app.html#/food-details/2773313/nutrients
USDA-FDC-2773314,"Goldfish Flavor Blasted Xtra Cheddar Crackers, Snack Crackers, 2.45 oz snack pack",PEPPERIDGE FARM INC,Biscuits/Cookies,US,014100045557,00014100045557,0,30,467,GROCERY,2026-07-23,2026-06-29,,UNKNOWN,https://fdc.nal.usda.gov/fdc-app.html#/food-details/2773314/nutrients
USDA-FDC-2773315,"Pepperidge Farm Goldfish Baked with Whole Grain Grahams Honey Graham Crackers, 6.6 oz. Bag",PEPPERIDGE FARM INC,Biscuits/Cookies,US,014100045908,00014100045908,0,30,467,GROCERY,2026-07-23,2026-06-29,,UNKNOWN,https://fdc.nal.usda.gov/fdc-app.html#/food-details/2773315/nutrients
USDA-FDC-2773316,"Goldfish Cheddar Cheese Crackers, 14 Oz Carton",PEPPERIDGE FARM INC,Biscuits/Cookies,US,014100048145,00014100048145,0,30,467,GROCERY,2026-07-23,2026-06-29,,UNKNOWN,https://fdc.nal.usda.gov/fdc-app.html#/food-details/2773316/nutrients
USDA-FDC-2773317,"Pepperidge Farm Sweet Hawaiian Hamburger Buns, 8-Pack Bag",PEPPERIDGE FARM INC,Bread,US,014100048428,00014100048428,0,51,294,GROCERY,2026-07-23,2026-06-29,,UNKNOWN,https://fdc.nal.usda.gov/fdc-app.html#/food-details/2773317/nutrients
USDA-FDC-2773318,"Goldfish Cheddar Cheese Crackers, 1 oz On-the-Go Snack Packs, 20 Count Box",PEPPERIDGE FARM INC,Biscuits/Cookies,US,014100048459,00014100048459,0,28,464,GROCERY,2026-07-23,2026-06-29,,UNKNOWN,https://fdc.nal.usda.gov/fdc-app.html#/food-details/2773318/nutrients
USDA-FDC-2773319,"Pepperidge Farm Farmhouse Thin & Crispy Toffee Milk Chocolate Cookies, 6.9 oz. Bag",PEPPERIDGE FARM INC,Biscuits/Cookies,US,014100048534,00014100048534,0,28,500,GROCERY,2026-07-23,2026-06-29,,UNKNOWN,https://fdc.nal.usda.gov/fdc-app.html#/food-details/2773319/nutrients
USDA-FDC-2773320,"Pepperidge Farm Mackinac Soft Baked Oatmeal Milk Chocolate Cookies, 8.6 oz. Bag",PEPPERIDGE FARM INC,Biscuits/Cookies,US,014100048541,00014100048541,0,31,484,GROCERY,2026-07-23,2026-06-29,,UNKNOWN,https://fdc.nal.usda.gov/fdc-app.html#/food-details/2773320/nutrients
USDA-FDC-2773321,"Pepperidge Farm Whole Grain Sprouted Grain Bread, 22 oz. Loaf",PEPPERIDGE FARM INC,Bread,US,014100048565,00014100048565,0,39,256,GROCERY,2026-07-23,2026-06-29,,UNKNOWN,https://fdc.nal.usda.gov/fdc-app.html#/food-details/2773321/nutrients
USDA-FDC-2773322,"Pepperidge Farm Milano Cookies, Chocolate Strawberry, 7 Oz Bag",PEPPERIDGE FARM INC,Biscuits/Cookies,US,014100048596,00014100048596,0,26,500,GROCERY,2026-07-23,2026-06-29,,UNKNOWN,https://fdc.nal.usda.gov/fdc-app.html#/food-details/2773322/nutrients
USDA-FDC-2773323,"Pepperidge Farm Milano Cinnamon Chocolate Cookies, 7 oz. Bag",PEPPERIDGE FARM INC,Biscuits/Cookies,US,014100048602,00014100048602,0,26,500,GROCERY,2026-07-23,2026-06-29,,UNKNOWN,https://fdc.nal.usda.gov/fdc-app.html#/food-details/2773323/nutrients
USDA-FDC-2773324,"Pepperidge Farm Milano Cookies, Dark Chocolate Sea Salt, 6 Oz Bag",PEPPERIDGE FARM INC,Biscuits/Cookies,US,014100048619,00014100048619,0,34,471,GROCERY,2026-07-23,2026-06-29,,UNKNOWN,https://fdc.nal.usda.gov/fdc-app.html#/food-details/2773324/nutrients
USDA-FDC-2773325,"Pepperidge Farm Goldfish Princess Cheddar Crackers, 10.8 oz. Multi-pack Tray, 12-count 0.9 oz. Single-Serve Snack Packs",PEPPERIDGE FARM INC,Biscuits/Cookies,US,014100048756,00014100048756,0,26,462,GROCERY,2026-07-23,2026-06-29,,UNKNOWN,https://fdc.nal.usda.gov/fdc-app.html#/food-details/2773325/nutrients
USDA-FDC-2773326,"Pepperidge Farm Milano Cookies, Double Dark Chocolate, 3 Bags, 7.5 Oz Each",PEPPERIDGE FARM INC,Biscuits/Cookies,US,014100048909,00014100048909,0,28,500,GROCERY,2026-07-23,2026-06-29,,UNKNOWN,https://fdc.nal.usda.gov/fdc-app.html#/food-details/2773326/nutrients
USDA-FDC-2773327,"Pepperidge Farm Milano Cookies, Double Milk Chocolate, 3 Bags, 7.5 Oz Each",PEPPERIDGE FARM INC,Biscuits/Cookies,US,014100048930,00014100048930,0,28,464,GROCERY,2026-07-23,2026-06-29,,UNKNOWN,https://fdc.nal.usda.gov/fdc-app.html#/food-details/2773327/nutrients
USDA-FDC-2773328,"Goldfish Cheddar Crackers, Snack Crackers, 6.6 oz. bag, 6 CT box",PEPPERIDGE FARM INC,Biscuits/Cookies,US,014100048978,00014100048978,0,30,467,GROCERY,2026-07-23,2026-06-29,,UNKNOWN,https://fdc.nal.usda.gov/fdc-app.html#/food-details/2773328/nutrients
USDA-FDC-2773329,"Goldfish Halloween Cheddar Cheese Crackers Multipack, 24 Pack",PEPPERIDGE FARM INC,Biscuits/Cookies,US,014100049128,00014100049128,0,21,476,GROCERY,2026-07-23,2026-06-29,,UNKNOWN,https://fdc.nal.usda.gov/fdc-app.html#/food-details/2773329/nutrients
USDA-FDC-2773330,"Goldfish Mix with Cheddar, Zesty Cheddar and Parmesan Crackers, Snack Crackers, 6.6 oz bag",PEPPERIDGE FARM INC,Biscuits/Cookies,US,014100049159,00014100049159,0,30,467,GROCERY,2026-07-23,2026-06-29,,UNKNOWN,https://fdc.nal.usda.gov/fdc-app.html#/food-details/2773330/nutrients
USDA-FDC-2773331,"Goldfish Mix Pretzel + Flavor Blasted Xtra Cheddar Cheese Crackers, 6.6 Oz Bag",PEPPERIDGE FARM INC,Biscuits/Cookies,US,014100049173,00014100049173,0,30,433,GROCERY,2026-07-23,2026-06-29,,UNKNOWN,https://fdc.nal.usda.gov/fdc-app.html#/food-details/2773331/nutrients
USDA-FDC-2773332,"Goldfish Mix with Xtra Cheddar and Pretzel Crackers, Snack Crackers, 11.5 oz resealable bag",PEPPERIDGE FARM INC,Biscuits/Cookies,US,014100049210,00014100049210,0,30,433,GROCERY,2026-07-23,2026-06-29,,UNKNOWN,https://fdc.nal.usda.gov/fdc-app.html#/food-details/2773332/nutrients
USDA-FDC-2773333,"Pepperidge Farm Milano Slices Coconut Cookies, 5 oz. Bag",PEPPERIDGE FARM INC,Biscuits/Cookies,US,014100049258,00014100049258,0,28,536,GROCERY,2026-07-23,2026-06-29,,UNKNOWN,https://fdc.nal.usda.gov/fdc-app.html#/food-details/2773333/nutrients
USDA-FDC-2773334,"Pepperidge Farm Milano Cookies, Mint, 10 Packs, 2 Cookies per Pack",PEPPERIDGE FARM INC,Biscuits/Cookies,US,014100049319,00014100049319,0,27,481,GROCERY,2026-07-23,2026-06-29,,UNKNOWN,https://fdc.nal.usda.gov/fdc-app.html#/food-details/2773334/nutrients
USDA-FDC-2773335,"Goldfish Flavor Blasted Xtra Cheddar Cheese Crackers, 14 Oz Carton",PEPPERIDGE FARM INC,Biscuits/Cookies,US,014100049401,00014100049401,0,30,467,GROCERY,2026-07-23,2026-06-29,,UNKNOWN,https://fdc.nal.usda.gov/fdc-app.html#/food-details/2773335/nutrients
USDA-FDC-2773336,"Pepperidge Farm Naples Citrus Flavored Chocolate Dipped Cookies, 6 oz. Bag",PEPPERIDGE FARM INC,Biscuits/Cookies,US,014100049470,00014100049470,0,29,517,GROCERY,2026-07-23,2026-06-29,,UNKNOWN,https://fdc.nal.usda.gov/fdc-app.html#/food-details/2773336/nutrients
USDA-FDC-2773337,"Pepperidge Farm Farmhouse Thin and Crispy Milk Chocolate Chip Cookies, 6.9 OZ Bag (14 Cookies)",PEPPERIDGE FARM INC,Biscuits/Cookies,US,014100048107,00014100048107,0,28,500,GROCERY,2026-07-23,2026-06-29,,UNKNOWN,https://fdc.nal.usda.gov/fdc-app.html#/food-details/2773337/nutrients
USDA-FDC-2773338,"Pepperidge Farm Chessmen Butter Cookies Multipack, 8 Packs, 3 Cookies per Pack",PEPPERIDGE FARM INC,Biscuits/Cookies,US,014100048077,00014100048077,0,26,462,GROCERY,2026-07-23,2026-06-29,,UNKNOWN,https://fdc.nal.usda.gov/fdc-app.html#/food-details/2773338/nutrients
USDA-FDC-2773339,PEPPERIDGE FARM CRACKERS WHOLE GRAIN,PEPPERIDGE FARM INC,Biscuits/Cookies,US,014100047889,00014100047889,0,21,476,CHILD_NUTRITION_FOOD_PROGRAMS|GROCERY,2026-07-23,2026-06-29,,UNKNOWN,https://fdc.nal.usda.gov/fdc-app.html#/food-details/2773339/nutrients
USDA-FDC-2773340,"Pepperidge Farm Farmhouse Thin and Crispy Dark Chocolate Chip Cookies, 6.9 OZ Bag (14 Cookies)",PEPPERIDGE FARM INC,Biscuits/Cookies,US,014100047803,00014100047803,0,28,500,GROCERY,2026-07-23,2026-06-29,,UNKNOWN,https://fdc.nal.usda.gov/fdc-app.html#/food-details/2773340/nutrients
USDA-FDC-2773341,"Pepperidge Farm Goldfish Baked with Whole Grain Cinnamon Graham Crackers, 6.6 oz. Bag",PEPPERIDGE FARM INC,Biscuits/Cookies,US,014100045915,00014100045915,0,30,467,GROCERY,2026-07-23,2026-06-29,,UNKNOWN,https://fdc.nal.usda.gov/fdc-app.html#/food-details/2773341/nutrients
USDA-FDC-2773342,"Pepperidge Farm Goldfish Cheddar Crackers, 6 oz. Multi-pack Tray, 6-count 1 oz. Single-Serve Snack Packs",PEPPERIDGE FARM INC,Biscuits/Cookies,US,014100046127,00014100046127,0,28,464,GROCERY,2026-07-23,2026-06-29,,UNKNOWN,https://fdc.nal.usda.gov/fdc-app.html#/food-details/2773342/nutrients
USDA-FDC-2773343,"Pepperidge Farm Cookies Chocolate Collection, 7 Cookie Varieties, 13 oz. Box",PEPPERIDGE FARM INC,Biscuits/Cookies,US,014100046165,00014100046165,0,24,500,GROCERY,2026-07-23,2026-06-29,,UNKNOWN,https://fdc.nal.usda.gov/fdc-app.html#/food-details/2773343/nutrients
USDA-FDC-2773344,"Pepperidge Farm Farmhouse Sausage Buns, 6-Pack Bag",PEPPERIDGE FARM INC,Bread,US,014100046288,00014100046288,0,80,262,GROCERY,2026-07-23,2026-06-29,,UNKNOWN,https://fdc.nal.usda.gov/fdc-app.html#/food-details/2773344/nutrients
USDA-FDC-2773345,"Pepperidge Farm Soft Baked S'mores Cookies, 8.6 oz. Bag",PEPPERIDGE FARM INC,Biscuits/Cookies,US,014100046424,00014100046424,0,30,500,GROCERY,2026-07-23,2026-06-29,,UNKNOWN,https://fdc.nal.usda.gov/fdc-app.html#/food-details/2773345/nutrients
USDA-FDC-2773346,"Goldfish Holiday Cheddar Crackers, 2 Oz Carton",PEPPERIDGE FARM INC,Biscuits/Cookies,US,014100046455,00014100046455,0,57,456,GROCERY,2026-07-23,2026-06-29,,UNKNOWN,https://fdc.nal.usda.gov/fdc-app.html#/food-details/2773346/nutrients
USDA-FDC-2773347,"Pepperidge Farm Goldfish Crackers, Cheddar, 30 oz. Carton",PEPPERIDGE FARM INC,Biscuits/Cookies,US,014100046479,00014100046479,0,30,467,GROCERY,2026-07-23,2026-06-29,,UNKNOWN,https://fdc.nal.usda.gov/fdc-app.html#/food-details/2773347/nutrients
USDA-FDC-2773348,"Pepperidge Farm Goldfish Crackers Baked with Whole Grain, Xtra Cheddar, 6.6 oz. Bag",PEPPERIDGE FARM INC,Biscuits/Cookies,US,014100046547,00014100046547,0,30,467,GROCERY,2026-07-23,2026-06-29,,UNKNOWN,https://fdc.nal.usda.gov/fdc-app.html#/food-details/2773348/nutrients
USDA-FDC-2773349,"Pepperidge Farm Goldfish Crackers Baked with Whole Grain Pretzel, 8 oz. Bag",PEPPERIDGE FARM INC,Biscuits/Cookies,US,014100046554,00014100046554,0,30,400,GROCERY,2026-07-23,2026-06-29,,UNKNOWN,https://fdc.nal.usda.gov/fdc-app.html#/food-details/2773349/nutrients
USDA-FDC-2773350,"Pepperidge Farm Milano Cookies, Dark Chocolate, 10 Packs, 2 Cookies per Pack",PEPPERIDGE FARM INC,Biscuits/Cookies,US,014100046615,00014100046615,0,21,524,GROCERY,2026-07-23,2026-06-29,,UNKNOWN,https://fdc.nal.usda.gov/fdc-app.html#/food-details/2773350/nutrients
USDA-FDC-2773352,"Pepperidge Farm Goldfish Made with Organic Wheat Cheddar Crackers, 8 oz. Re-sealable Bag",PEPPERIDGE FARM INC,Biscuits/Cookies,US,014100046646,00014100046646,0,30,467,GROCERY,2026-07-23,2026-06-29,,UNKNOWN,https://fdc.nal.usda.gov/fdc-app.html#/food-details/2773352/nutrients
USDA-FDC-2773353,"Pepperidge Farm Farmhouse Rustic Potato Hamburger Buns, 8-Pack Bag",PEPPERIDGE FARM INC,Bread,US,014100046714,00014100046714,0,71,282,GROCERY,2026-07-23,2026-06-29,,UNKNOWN,https://fdc.nal.usda.gov/fdc-app.html#/food-details/2773353/nutrients
USDA-FDC-2773354,"Pepperidge Farm Farmhouse Hearty White Hamburger Buns, 8-Pack Bag",PEPPERIDGE FARM INC,Bread,US,014100046738,00014100046738,0,71,296,GROCERY,2026-07-23,2026-06-29,,UNKNOWN,https://fdc.nal.usda.gov/fdc-app.html#/food-details/2773354/nutrients
USDA-FDC-2773355,"Goldfish Mix with Flavor Blasted Xtra Cheddar and Pretzel Crackers, Snack Crackers, 34 oz carton",PEPPERIDGE FARM INC,Biscuits/Cookies,US,014100046844,00014100046844,0,30,433,GROCERY,2026-07-23,2026-06-29,,UNKNOWN,https://fdc.nal.usda.gov/fdc-app.html#/food-details/2773355/nutrients
USDA-FDC-2773356,"Pepperidge Farm Goldfish Princess Cheddar Crackers, 2 oz. Grab and Go Carton",PEPPERIDGE FARM INC,Biscuits/Cookies,US,014100046967,00014100046967,0,57,456,GROCERY,2026-07-23,2026-06-29,,UNKNOWN,https://fdc.nal.usda.gov/fdc-app.html#/food-details/2773356/nutrients
USDA-FDC-2773357,"Pepperidge Farm Goldfish Baked with Whole Grain Cheddar Crackers, Multi-pack Tray, Snack Packs 9-count",PEPPERIDGE FARM INC,Biscuits/Cookies,US,014100046974,00014100046974,0,26,462,GROCERY,2026-07-23,2026-06-29,,UNKNOWN,https://fdc.nal.usda.gov/fdc-app.html#/food-details/2773357/nutrients
USDA-FDC-2773358,"Pepperidge Farm Golden Potato Hot Dog Buns, Top Sliced, 8-Pack Bag",PEPPERIDGE FARM INC,Bread,US,014100047070,00014100047070,0,50,280,GROCERY,2026-07-23,2026-06-29,,UNKNOWN,https://fdc.nal.usda.gov/fdc-app.html#/food-details/2773358/nutrients
USDA-FDC-2773359,"Pepperidge Farm Goldfish Made with Organic Wheat Cheddar Crackers, 0.75 oz. Snack Packs, 9-count Multi-pack Tray",PEPPERIDGE FARM INC,Biscuits/Cookies,US,014100047339,00014100047339,0,21,476,GROCERY,2026-07-23,2026-06-29,,UNKNOWN,https://fdc.nal.usda.gov/fdc-app.html#/food-details/2773359/nutrients
USDA-FDC-2773360,"Pepperidge Farm Goldfish Baked with Whole Grain Colors Cheddar Crackers, 6.6 oz. Bag",PEPPERIDGE FARM INC,Biscuits/Cookies,US,014100047346,00014100047346,0,30,467,GROCERY,2026-07-23,2026-06-29,,UNKNOWN,https://fdc.nal.usda.gov/fdc-app.html#/food-details/2773360/nutrients
USDA-FDC-2773361,"Pepperidge Farm Milano Cookies, Toasted Marshmallow, 7 Oz Bag",PEPPERIDGE FARM INC,Biscuits/Cookies,US,014100047421,00014100047421,0,26,500,GROCERY,2026-07-23,2026-06-29,,UNKNOWN,https://fdc.nal.usda.gov/fdc-app.html#/food-details/2773361/nutrients
USDA-FDC-2773362,"Pepperidge Farm Milano Double Milk Chocolate Cookies, 7.5 OZ Bag (15 Cookies)",PEPPERIDGE FARM INC,Biscuits/Cookies,US,014100047438,00014100047438,0,28,464,GROCERY,2026-07-23,2026-06-29,,UNKNOWN,https://fdc.nal.usda.gov/fdc-app.html#/food-details/2773362/nutrients
USDA-FDC-2773363,"Pepperidge Farm Goldfish Cheddar Crackers, 1 oz. Snack Packs, 45-count Multi-pack Box",PEPPERIDGE FARM INC,Biscuits/Cookies,US,014100046691,00014100046691,0,28,464,GROCERY,2026-07-23,2026-06-29,,UNKNOWN,https://fdc.nal.usda.gov/fdc-app.html#/food-details/2773363/nutrients
USDA-FDC-2773365,"Goldfish Grahams S'mores Baked Grahams Snack Crackers, 2.45 Oz Bag",PEPPERIDGE FARM INC,Biscuits/Cookies,US,014100055532,00014100055532,0,30,467,GROCERY,2026-07-23,2026-06-29,,UNKNOWN,https://fdc.nal.usda.gov/fdc-app.html#/food-details/2773365/nutrients
USDA-FDC-2773366,"Goldfish Pretzel Crackers, 12 Oz Bag",PEPPERIDGE FARM INC,Biscuits/Cookies,US,014100055631,00014100055631,0,30,400,GROCERY,2026-07-23,2026-06-29,,UNKNOWN,https://fdc.nal.usda.gov/fdc-app.html#/food-details/2773366/nutrients
USDA-FDC-2773367,"Goldfish Colors Cheddar Cheese Crackers, 30 oz Carton",PEPPERIDGE FARM INC,Biscuits/Cookies,US,014100096566,00014100096566,0,30,467,GROCERY,2026-07-23,2026-06-29,,UNKNOWN,https://fdc.nal.usda.gov/fdc-app.html#/food-details/2773367/nutrients
USDA-FDC-2773368,"Pepperidge Farm Goldfish Cheddar Crackers, Baked with Whole Grain, 30 oz. Carton",PEPPERIDGE FARM INC,Biscuits/Cookies,US,014100096573,00014100096573,0,30,467,GROCERY,2026-07-23,2026-06-29,,UNKNOWN,https://fdc.nal.usda.gov/fdc-app.html#/food-details/2773368/nutrients
USDA-FDC-2773369,"Goldfish Flavor Blasted Xtra Cheddar Cheese Crackers, 30 oz Carton",PEPPERIDGE FARM INC,Biscuits/Cookies,US,014100096580,00014100096580,0,30,467,GROCERY,2026-07-23,2026-06-29,,UNKNOWN,https://fdc.nal.usda.gov/fdc-app.html#/food-details/2773369/nutrients
USDA-FDC-2773370,"Pepperidge Farm Goldfish Colors Cheddar, 9 Count 0.9 Oz",PEPPERIDGE FARM INC,Biscuits/Cookies,US,014100096597,00014100096597,0,26,462,GROCERY,2026-07-23,2026-06-29,,UNKNOWN,https://fdc.nal.usda.gov/fdc-app.html#/food-details/2773370/nutrients
USDA-FDC-2773371,"Goldfish Easter Colors Cheddar Crackers, 2 Oz. Carton",PEPPERIDGE FARM INC,Biscuits/Cookies,US,014100097440,00014100097440,0,57,456,GROCERY,2026-07-23,2026-06-29,,UNKNOWN,https://fdc.nal.usda.gov/fdc-app.html#/food-details/2773371/nutrients
USDA-FDC-2773372,"Pepperidge Farm Lexington Crispy Milk Chocolate Toffee Almond Cookies, 7.2 oz. Bag",PEPPERIDGE FARM INC,Biscuits/Cookies,US,014100098416,00014100098416,0,26,500,GROCERY,2026-07-23,2026-06-29,,UNKNOWN,https://fdc.nal.usda.gov/fdc-app.html#/food-details/2773372/nutrients
USDA-FDC-2773373,"Pepperidge Farm Maui Milk Chocolate Coconut Almond Cookies, 8 Crispy Cookies, 7.2 oz. Bag",PEPPERIDGE FARM INC,Biscuits/Cookies,US,014100098423,00014100098423,0,26,500,GROCERY,2026-07-23,2026-06-29,,UNKNOWN,https://fdc.nal.usda.gov/fdc-app.html#/food-details/2773373/nutrients
USDA-FDC-2773374,"Pepperidge Farm Milano Slices Salted Pretzel Cookies, 5 oz. Bag",PEPPERIDGE FARM INC,Biscuits/Cookies,US,014100098669,00014100098669,0,29,483,GROCERY,2026-07-23,2026-06-29,,UNKNOWN,https://fdc.nal.usda.gov/fdc-app.html#/food-details/2773374/nutrients
USDA-FDC-2773375,"Pepperidge Farm Milano Slices Peppermint Cookies, 5-oz. Bag",PEPPERIDGE FARM INC,Biscuits/Cookies,US,014100098676,00014100098676,0,29,517,GROCERY,2026-07-23,2026-06-29,,UNKNOWN,https://fdc.nal.usda.gov/fdc-app.html#/food-details/2773375/nutrients
USDA-FDC-2773376,"Goldfish Cheddar Crackers, 3 Resealable Bags, 40 Oz Box",PEPPERIDGE FARM INC,Biscuits/Cookies,US,014100098683,00014100098683,0,30,467,GROCERY,2026-07-23,2026-06-29,,UNKNOWN,https://fdc.nal.usda.gov/fdc-app.html#/food-details/2773376/nutrients
USDA-FDC-2773377,"Pepperidge Farm Farmhouse Honey Wheat Bread, 24 Oz Loaf",PEPPERIDGE FARM INC,Bread,US,014100098959,00014100098959,0,49,286,GROCERY,2026-07-23,2026-06-29,,UNKNOWN,https://fdc.nal.usda.gov/fdc-app.html#/food-details/2773377/nutrients
USDA-FDC-2773378,"Pepperidge Farm Soft Baked Pumpkin Cheesecake Flavored Cookies, 8.6 Oz Bag",PEPPERIDGE FARM INC,Biscuits/Cookies,US,014100099864,00014100099864,0,30,433,GROCERY,2026-07-23,2026-06-29,,UNKNOWN,https://fdc.nal.usda.gov/fdc-app.html#/food-details/2773378/nutrients
USDA-FDC-2773379,"Pepperidge Farm Milano Milk Chocolate Cookies, 6 OZ Bag (15 Cookies)",PEPPERIDGE FARM INC,Biscuits/Cookies,US,014100099970,00014100099970,0,33,515,GROCERY,2026-07-23,2026-06-29,,UNKNOWN,https://fdc.nal.usda.gov/fdc-app.html#/food-details/2773379/nutrients
USDA-FDC-2773383,PEPPERIDGE FARM GOLDFISH WHOLE GRAIN CRACKER CHEDDAR,PEPPERIDGE FARM INC,Biscuits/Cookies,US,014100181057,00014100181057,0,21,476,CHILD_NUTRITION_FOOD_PROGRAMS|GROCERY,2026-07-23,2026-06-29,,UNKNOWN,https://fdc.nal.usda.gov/fdc-app.html#/food-details/2773383/nutrients
USDA-FDC-2773385,PEPPERIDGE FARM GOLDFISH WHOLE GRAIN CRACKER FRENCH TOAST,PEPPERIDGE FARM INC,Biscuits/Cookies,US,014100250821,00014100250821,0,28,464,CHILD_NUTRITION_FOOD_PROGRAMS|GROCERY,2026-07-23,2026-06-29,,UNKNOWN,https://fdc.nal.usda.gov/fdc-app.html#/food-details/2773385/nutrients
USDA-FDC-2773388,"Goldfish Cheddar Cheese Crackers, 30 oz Carton",PEPPERIDGE FARM INC,Biscuits/Cookies,US,014100096559,00014100096559,0,30,467,GROCERY,2026-07-23,2026-06-29,,UNKNOWN,https://fdc.nal.usda.gov/fdc-app.html#/food-details/2773388/nutrients
USDA-FDC-2773390,"Pepperidge Farm Goldfish Flavor Blasted Xtra Cheddar, 9 Count 0.9 Oz",PEPPERIDGE FARM INC,Biscuits/Cookies,US,014100096542,00014100096542,0,26,462,GROCERY,2026-07-23,2026-06-29,,UNKNOWN,https://fdc.nal.usda.gov/fdc-app.html#/food-details/2773390/nutrients
USDA-FDC-2773391,"Pepperidge Farm Goldfish Grahams Vanilla Cupcake Baked Grahams, 6.6 Oz Bag",PEPPERIDGE FARM INC,Biscuits/Cookies,US,014100096061,00014100096061,0,30,467,GROCERY,2026-07-23,2026-06-29,,UNKNOWN,https://fdc.nal.usda.gov/fdc-app.html#/food-details/2773391/nutrients
USDA-FDC-2773392,"Pepperidge Farm Brown Sugar Cinnamon Swirl Breakfast Bread, 16 Oz Loaf",PEPPERIDGE FARM INC,Bread,US,014100087229,00014100087229,0,38,289,GROCERY,2026-07-23,2026-06-29,,UNKNOWN,https://fdc.nal.usda.gov/fdc-app.html#/food-details/2773392/nutrients
USDA-FDC-2773393,"Pepperidge Farm Pirouette Cookies, Chocolate Fudge Creme Filled Wafers, 13.5 Oz Tin",PEPPERIDGE FARM INC,Biscuits/Cookies,US,014100087823,00014100087823,0,25,480,GROCERY,2026-07-23,2026-06-29,,UNKNOWN,https://fdc.nal.usda.gov/fdc-app.html#/food-details/2773393/nutrients
USDA-FDC-2773394,"Pepperidge Farm Pirouette Cookies, Chocolate Hazelnut Creme Filled Wafers, 13.5 Oz Tin",PEPPERIDGE FARM INC,Biscuits/Cookies,US,014100087830,00014100087830,0,25,480,GROCERY,2026-07-23,2026-06-29,,UNKNOWN,https://fdc.nal.usda.gov/fdc-app.html#/food-details/2773394/nutrients
USDA-FDC-2773395,"Pepperidge Farm Pirouette Cookies, French Vanilla Flavored Creme Filled Wafers, 13.5 Oz Tin",PEPPERIDGE FARM INC,Biscuits/Cookies,US,014100087847,00014100087847,0,25,480,GROCERY,2026-07-23,2026-06-29,,UNKNOWN,https://fdc.nal.usda.gov/fdc-app.html#/food-details/2773395/nutrients
USDA-FDC-2773396,"Pepperidge Farm Chessmen Minis Butter Cookies, Snack Pack, 2.25 Oz",PEPPERIDGE FARM INC,Biscuits/Cookies,US,014100087977,00014100087977,0,30,467,GROCERY,2026-07-23,2026-06-29,,UNKNOWN,https://fdc.nal.usda.gov/fdc-app.html#/food-details/2773396/nutrients
USDA-FDC-2773397,"Pepperidge Farm Whole Grain Oatmeal Bread, 24 Oz Loaf",PEPPERIDGE FARM INC,Bread,US,014100088219,00014100088219,0,43,279,GROCERY,2026-07-23,2026-06-29,,UNKNOWN,https://fdc.nal.usda.gov/fdc-app.html#/food-details/2773397/nutrients
USDA-FDC-2773398,"Pepperidge Farm Farmhouse Whole Grain White Bread, 24 Oz Loaf",PEPPERIDGE FARM INC,Bread,US,014100088226,00014100088226,0,49,245,GROCERY,2026-07-23,2026-06-29,,UNKNOWN,https://fdc.nal.usda.gov/fdc-app.html#/food-details/2773398/nutrients
USDA-FDC-2773399,"Goldfish Cheddar Crackers, Snack Crackers, 10 oz box",PEPPERIDGE FARM INC,Biscuits/Cookies,US,014100088356,00014100088356,0,30,467,GROCERY,2026-07-23,2026-06-29,,UNKNOWN,https://fdc.nal.usda.gov/fdc-app.html#/food-details/2773399/nutrients
USDA-FDC-2773400,"Pepperidge Farm Milano Dark Chocolate Cookies, Single-Serve Pack of 3 Cookies",PEPPERIDGE FARM INC,Biscuits/Cookies,US,014100088844,00014100088844,0,34,529,GROCERY,2026-07-23,2026-06-29,,UNKNOWN,https://fdc.nal.usda.gov/fdc-app.html#/food-details/2773400/nutrients
USDA-FDC-2773401,"Pepperidge Farm Montauk Soft Baked Milk Chocolate Chunk Cookies, 8.6 Oz Bag (8 Cookies)",PEPPERIDGE FARM INC,Biscuits/Cookies,US,014100089001,00014100089001,0,31,452,GROCERY,2026-07-23,2026-06-29,,UNKNOWN,https://fdc.nal.usda.gov/fdc-app.html#/food-details/2773401/nutrients
USDA-FDC-2773402,"Pepperidge Farm Golden Potato Hamburger Buns, 8-Pack Bag",PEPPERIDGE FARM INC,Bread,US,014100091417,00014100091417,0,53,283,GROCERY,2026-07-23,2026-06-29,,UNKNOWN,https://fdc.nal.usda.gov/fdc-app.html#/food-details/2773402/nutrients
USDA-FDC-2773403,"Pepperidge Farm Soft White Slider Buns, 12-Pack Bag",PEPPERIDGE FARM INC,Bread,US,014100093404,00014100093404,0,36,278,GROCERY,2026-07-23,2026-06-29,,UNKNOWN,https://fdc.nal.usda.gov/fdc-app.html#/food-details/2773403/nutrients
USDA-FDC-2773404,"Goldfish Grahams S'mores Crackers, Snack Crackers, 6.6 oz bag",PEPPERIDGE FARM INC,Biscuits/Cookies,US,014100093626,00014100093626,0,30,467,GROCERY,2026-07-23,2026-06-29,,UNKNOWN,https://fdc.nal.usda.gov/fdc-app.html#/food-details/2773404/nutrients
USDA-FDC-2773405,"Pepperidge Farm Linzer Raspberry Cookies, 6-oz. Bag",PEPPERIDGE FARM INC,Biscuits/Cookies,US,014100093688,00014100093688,0,30,400,GROCERY,2026-07-23,2026-06-29,,UNKNOWN,https://fdc.nal.usda.gov/fdc-app.html#/food-details/2773405/nutrients
USDA-FDC-2773406,"Goldfish Flavor Blasted Sour Cream & Onion Crackers, Snack Crackers, 6.6 oz bag",PEPPERIDGE FARM INC,Biscuits/Cookies,US,014100094807,00014100094807,0,30,467,GROCERY,2026-07-23,2026-06-29,,UNKNOWN,https://fdc.nal.usda.gov/fdc-app.html#/food-details/2773406/nutrients
USDA-FDC-2773407,"Pepperidge Farm Country Style Cubed Stuffing, 12 oz. Bag",PEPPERIDGE FARM INC,Baking/Cooking Mixes/Supplies,US,014100095064,00014100095064,0,25,360,GROCERY,2026-07-23,2026-06-29,,UNKNOWN,https://fdc.nal.usda.gov/fdc-app.html#/food-details/2773407/nutrients
USDA-FDC-2773408,"Pepperidge Farm Herb Seasoned Cubed Stuffing, 12 oz. Bag",PEPPERIDGE FARM INC,Baking/Cooking Mixes/Supplies,US,014100095071,00014100095071,0,25,360,GROCERY,2026-07-23,2026-06-29,,UNKNOWN,https://fdc.nal.usda.gov/fdc-app.html#/food-details/2773408/nutrients
USDA-FDC-2773409,"Pepperidge Farm Sage & Onion Cubed Stuffing, 12 oz. Bag",PEPPERIDGE FARM INC,Baking/Cooking Mixes/Supplies,US,014100095088,00014100095088,0,25,360,GROCERY,2026-07-23,2026-06-29,,UNKNOWN,https://fdc.nal.usda.gov/fdc-app.html#/food-details/2773409/nutrients
USDA-FDC-2773410,"Pepperidge Farm Snowball Citrus Cookies, 5.5-oz. Bag",PEPPERIDGE FARM INC,Biscuits/Cookies,US,014100095408,00014100095408,0,32,500,GROCERY,2026-07-23,2026-06-29,,UNKNOWN,https://fdc.nal.usda.gov/fdc-app.html#/food-details/2773410/nutrients
USDA-FDC-2773411,"Goldfish Cheddar Cheese Crackers, 1 oz On-the-Go Snack Packs, 9 Count Tray",PEPPERIDGE FARM INC,Biscuits/Cookies,US,014100095897,00014100095897,0,28,464,GROCERY,2026-07-23,2026-06-29,,UNKNOWN,https://fdc.nal.usda.gov/fdc-app.html#/food-details/2773411/nutrients
USDA-FDC-2773412,"Pepperidge Farm Goldfish Grahams Fudge Brownie Crackers, 6.6 oz. Bag",PEPPERIDGE FARM INC,Biscuits/Cookies,US,014100096054,00014100096054,0,30,467,GROCERY,2026-07-23,2026-06-29,,UNKNOWN,https://fdc.nal.usda.gov/fdc-app.html#/food-details/2773412/nutrients
USDA-FDC-2773413,"Goldfish Flavor Blasted White Cheddar Crackers, Snack Crackers, 6.6 oz bag",PEPPERIDGE FARM INC,Biscuits/Cookies,US,014100096474,00014100096474,0,30,467,GROCERY,2026-07-23,2026-06-29,,UNKNOWN,https://fdc.nal.usda.gov/fdc-app.html#/food-details/2773413/nutrients
USDA-FDC-2773414,"Goldfish Cheddar Crackers, Snack Packs, 1 oz, 12 CT Multi-Pack Tray",PEPPERIDGE FARM INC,Biscuits/Cookies,US,014100086116,00014100086116,0,28,464,GROCERY,2026-07-23,2026-06-30,,UNKNOWN,https://fdc.nal.usda.gov/fdc-app.html#/food-details/2773414/nutrients
USDA-FDC-2773457,"Salerno Original Butter Cookies, 8 Oz Box",SNYDER'S-LANCE INC.,Biscuits/Cookies,US,014700011006,00014700011006,0,31,484,GROCERY,2026-07-23,2026-06-29,,UNKNOWN,https://fdc.nal.usda.gov/fdc-app.html#/food-details/2773457/nutrients
USDA-FDC-2773458,"Salerno Original Butter Cookies, 16 Oz Box",SNYDER'S-LANCE INC.,Biscuits/Cookies,US,014700011105,00014700011105,0,31,484,GROCERY,2026-07-23,2026-06-29,,UNKNOWN,https://fdc.nal.usda.gov/fdc-app.html#/food-details/2773458/nutrients
USDA-FDC-2773459,"Salerno Santa's Favorites Holiday Original Recipe Anise Cookies, 10 Oz",SNYDER'S-LANCE INC.,Biscuits/Cookies,US,014700095006,00014700095006,0,32,469,GROCERY,2026-07-23,2026-06-29,,UNKNOWN,https://fdc.nal.usda.gov/fdc-app.html#/food-details/2773459/nutrients
USDA-FDC-2773464,"Goldfish Colors Cheddar Crackers, Snack Pack, 0.9 oz, 12 CT Multi-Pack Tray",PEPPERIDGE FARM INC,Biscuits/Cookies,US,014100086109,00014100086109,0,26,462,GROCERY,2026-07-23,2026-06-30,,UNKNOWN,https://fdc.nal.usda.gov/fdc-app.html#/food-details/2773464/nutrients
USDA-FDC-2773465,"Goldfish Flavor Blasted Crackers, Xtra Cheddar Snack Packs, 12 Count Multipack",PEPPERIDGE FARM INC,Biscuits/Cookies,US,014100086093,00014100086093,0,26,462,GROCERY,2026-07-23,2026-06-30,,UNKNOWN,https://fdc.nal.usda.gov/fdc-app.html#/food-details/2773465/nutrients
USDA-FDC-2773466,"Pepperidge Farm Whole Grain 100% Whole Wheat Bread, 24 Oz Loaf",PEPPERIDGE FARM INC,Bread,US,014100085997,00014100085997,0,43,279,GROCERY,2026-07-23,2026-06-29,,UNKNOWN,https://fdc.nal.usda.gov/fdc-app.html#/food-details/2773466/nutrients
USDA-FDC-2773467,"Goldfish Easter Cheddar Baked Snack Crackers, 2.65 Oz Grab Bag",PEPPERIDGE FARM INC,Biscuits/Cookies,US,014100057253,00014100057253,0,30,467,GROCERY,2026-07-23,2026-06-29,,UNKNOWN,https://fdc.nal.usda.gov/fdc-app.html#/food-details/2773467/nutrients
USDA-FDC-2773468,"Pepperidge Farm Farmhouse Homestyle Oat Bread, 24 Oz Loaf",PEPPERIDGE FARM INC,Bread,US,014100070337,00014100070337,0,49,265,GROCERY,2026-07-23,2026-06-29,,UNKNOWN,https://fdc.nal.usda.gov/fdc-app.html#/food-details/2773468/nutrients
USDA-FDC-2773469,"Pepperidge Farm Farmhouse Hearty White Bread, 24 Oz Loaf",PEPPERIDGE FARM INC,Bread,US,014100070832,00014100070832,0,49,265,GROCERY,2026-07-23,2026-06-29,,UNKNOWN,https://fdc.nal.usda.gov/fdc-app.html#/food-details/2773469/nutrients
USDA-FDC-2773470,"Pepperidge Farm White Hot Dog Buns, Top Sliced, 8-Pack Bag",PEPPERIDGE FARM INC,Bread,US,014100070931,00014100070931,0,50,280,GROCERY,2026-07-23,2026-06-29,,UNKNOWN,https://fdc.nal.usda.gov/fdc-app.html#/food-details/2773470/nutrients
USDA-FDC-2773471,"Pepperidge Farm White Hot Dog Buns, Side-Sliced, 8-Pack Bag",PEPPERIDGE FARM INC,Bread,US,014100070948,00014100070948,0,50,280,GROCERY,2026-07-23,2026-06-29,,UNKNOWN,https://fdc.nal.usda.gov/fdc-app.html#/food-details/2773471/nutrients
USDA-FDC-2773472,"Pepperidge Farm Onion with Poppy Seeds Hamburger Buns, 8-Pack Bag",PEPPERIDGE FARM INC,Bread,US,014100070986,00014100070986,0,53,283,GROCERY,2026-07-23,2026-06-29,,UNKNOWN,https://fdc.nal.usda.gov/fdc-app.html#/food-details/2773472/nutrients
USDA-FDC-2773473,"Pepperidge Farm Very Thin White Bread, 16 oz.",PEPPERIDGE FARM INC,Bread,US,014100071051,00014100071051,0,45,267,GROCERY,2026-07-23,2026-06-29,,UNKNOWN,https://fdc.nal.usda.gov/fdc-app.html#/food-details/2773473/nutrients
USDA-FDC-2773474,"Pepperidge Farm White Sandwich Bread, 16 Oz Loaf",PEPPERIDGE FARM INC,Bread,US,014100071143,00014100071143,0,45,289,GROCERY,2026-07-23,2026-06-29,,UNKNOWN,https://fdc.nal.usda.gov/fdc-app.html#/food-details/2773474/nutrients
USDA-FDC-2773475,"Pepperidge Farm Jewish Pumpernickel Dark Pump Bread, 16 oz. Loaf",PEPPERIDGE FARM INC,Bread,US,014100071198,00014100071198,0,32,250,GROCERY,2026-07-23,2026-06-29,,UNKNOWN,https://fdc.nal.usda.gov/fdc-app.html#/food-details/2773475/nutrients
USDA-FDC-2773476,"Pepperidge Farm Jewish Rye Seeded Bread, 16 Oz Bag",PEPPERIDGE FARM INC,Bread,US,014100071204,00014100071204,0,32,250,GROCERY,2026-07-23,2026-06-29,,UNKNOWN,https://fdc.nal.usda.gov/fdc-app.html#/food-details/2773476/nutrients
USDA-FDC-2773477,"Pepperidge Farm Jewish Rye Seedless Bread, 16 oz. Bag",PEPPERIDGE FARM INC,Bread,US,014100071211,00014100071211,0,32,250,GROCERY,2026-07-23,2026-06-29,,UNKNOWN,https://fdc.nal.usda.gov/fdc-app.html#/food-details/2773477/nutrients
USDA-FDC-2773478,"Pepperidge Farm Very Thin 100% Whole Wheat Bread, 16 oz.",PEPPERIDGE FARM INC,Bread,US,014100071327,00014100071327,0,45,244,GROCERY,2026-07-23,2026-06-29,,UNKNOWN,https://fdc.nal.usda.gov/fdc-app.html#/food-details/2773478/nutrients
USDA-FDC-2773479,"Pepperidge Farm Sesame Topped Hamburger Buns, 8-Pack Bag",PEPPERIDGE FARM INC,Bread,US,014100071617,00014100071617,0,53,283,GROCERY,2026-07-23,2026-06-29,,UNKNOWN,https://fdc.nal.usda.gov/fdc-app.html#/food-details/2773479/nutrients
USDA-FDC-2773480,"Pepperidge Farm Light Style Soft Wheat Bread, 1 Lb Bag",PEPPERIDGE FARM INC,Bread,US,014100071662,00014100071662,0,38,237,GROCERY,2026-07-23,2026-06-29,,UNKNOWN,https://fdc.nal.usda.gov/fdc-app.html#/food-details/2773480/nutrients
USDA-FDC-2773481,"Pepperidge Farm Soft White Hamburger Buns, 8-Pack Bag",PEPPERIDGE FARM INC,Bread,US,014100071877,00014100071877,0,51,275,GROCERY,2026-07-23,2026-06-29,,UNKNOWN,https://fdc.nal.usda.gov/fdc-app.html#/food-details/2773481/nutrients
USDA-FDC-2773482,"Pepperidge Farm Herb Seasoned Classic Stuffing, 8 oz. Bag",PEPPERIDGE FARM INC,Baking/Cooking Mixes/Supplies,US,014100072300,00014100072300,0,29,379,GROCERY,2026-07-23,2026-06-29,,UNKNOWN,https://fdc.nal.usda.gov/fdc-app.html#/food-details/2773482/nutrients
USDA-FDC-2773483,"Pepperidge Farm Corn Bread Stuffing, 8 oz. Bag",PEPPERIDGE FARM INC,Baking/Cooking Mixes/Supplies,US,014100072317,00014100072317,0,43,395,GROCERY,2026-07-23,2026-06-29,,UNKNOWN,https://fdc.nal.usda.gov/fdc-app.html#/food-details/2773483/nutrients
USDA-FDC-2773484,"Pepperidge Farm Cookies Classic Collection, 9 Cookie Varieties, 13.25 oz. Box",PEPPERIDGE FARM INC,Biscuits/Cookies,US,014100072331,00014100072331,0,27,481,GROCERY,2026-07-23,2026-06-29,,UNKNOWN,https://fdc.nal.usda.gov/fdc-app.html#/food-details/2773484/nutrients
USDA-FDC-2773485,"Pepperidge Farm Goldfish Cheddar Crackers, 19.2 oz. Resealable Bags, 3 Count Box",PEPPERIDGE FARM INC,Biscuits/Cookies,US,014100073352,00014100073352,0,30,467,GROCERY,2026-07-23,2026-06-29,,UNKNOWN,https://fdc.nal.usda.gov/fdc-app.html#/food-details/2773485/nutrients
USDA-FDC-2773486,PEPPERIDGE FARM STUFFING HERB SEASONED,PEPPERIDGE FARM INC,Baking/Cooking Mixes/Supplies,US,014100073925,00014100073925,0,29,379,GROCERY,2026-07-23,2026-06-29,,UNKNOWN,https://fdc.nal.usda.gov/fdc-app.html#/food-details/2773486/nutrients
USDA-FDC-2773487,"Pepperidge Farm Bakery Classics, Soft White Side Sliced Hot Dog Buns, 16-Pack Bag",PEPPERIDGE FARM INC,Bread,US,014100073963,00014100073963,0,50,280,GROCERY,2026-07-23,2026-06-29,,UNKNOWN,https://fdc.nal.usda.gov/fdc-app.html#/food-details/2773487/nutrients
USDA-FDC-2773488,"Pepperidge Farm Maggie's Apple Pie Cookies, 8.2 Oz Bag",PEPPERIDGE FARM INC,Biscuits/Cookies,US,014100057239,00014100057239,0,32,406,GROCERY,2026-07-23,2026-06-29,,UNKNOWN,https://fdc.nal.usda.gov/fdc-app.html#/food-details/2773488/nutrients
USDA-FDC-2773490,"Goldfish Crisps White Cheddar Baked Chip Crackers, 4.8 Oz Bag",PEPPERIDGE FARM INC,Biscuits/Cookies,US,014100057147,00014100057147,0,30,467,GROCERY,2026-07-23,2026-06-29,,UNKNOWN,https://fdc.nal.usda.gov/fdc-app.html#/food-details/2773490/nutrients
USDA-FDC-2773491,"Goldfish Crisps Spicy Dill Pickle Baked Chip Crackers, 4.8 Oz Bag",PEPPERIDGE FARM INC,Biscuits/Cookies,US,014100057079,00014100057079,0,30,467,GROCERY,2026-07-23,2026-06-29,,UNKNOWN,https://fdc.nal.usda.gov/fdc-app.html#/food-details/2773491/nutrients
USDA-FDC-2773492,"Pepperidge Farm Swirl Caramel Brioche Flavored Bread, 14 Oz Bag",PEPPERIDGE FARM INC,Bread,US,014100055938,00014100055938,0,33,303,GROCERY,2026-07-23,2026-06-29,,UNKNOWN,https://fdc.nal.usda.gov/fdc-app.html#/food-details/2773492/nutrients
USDA-FDC-2773493,"Pepperidge Farm Whole Grain Thin-Sliced 100% Whole Wheat Bread, 14 Oz Loaf",PEPPERIDGE FARM INC,Bread,US,014100055969,00014100055969,0,50,280,GROCERY,2026-07-23,2026-06-29,,UNKNOWN,https://fdc.nal.usda.gov/fdc-app.html#/food-details/2773493/nutrients
USDA-FDC-2773494,"Pepperidge Farm Whole Grain Thin-Sliced 15 Grain Bread, 14 Oz Loaf",PEPPERIDGE FARM INC,Bread,US,014100055976,00014100055976,0,50,280,GROCERY,2026-07-23,2026-06-29,,UNKNOWN,https://fdc.nal.usda.gov/fdc-app.html#/food-details/2773494/nutrients
USDA-FDC-2773495,"Pepperidge Farm Farmhouse Thin-Sliced Butter Bread, 14 Oz Bag",PEPPERIDGE FARM INC,Bread,US,014100055983,00014100055983,0,50,280,GROCERY,2026-07-23,2026-06-29,,UNKNOWN,https://fdc.nal.usda.gov/fdc-app.html#/food-details/2773495/nutrients
USDA-FDC-2773496,"Pepperidge Farm Farmhouse Thin-Sliced Sourdough Bread, 14 Oz Bag",PEPPERIDGE FARM INC,Bread,US,014100055990,00014100055990,0,50,260,GROCERY,2026-07-23,2026-06-29,,UNKNOWN,https://fdc.nal.usda.gov/fdc-app.html#/food-details/2773496/nutrients
USDA-FDC-2773497,"Goldfish Zesty Ranch Flavored Crackers, 6.6 Oz Bag",PEPPERIDGE FARM INC,Biscuits/Cookies,US,014100056034,00014100056034,0,30,467,GROCERY,2026-07-23,2026-06-29,,UNKNOWN,https://fdc.nal.usda.gov/fdc-app.html#/food-details/2773497/nutrients
USDA-FDC-2773499,"Pepperidge Farm Milano Chai Latte White Chocolate Cookies, 5.6 Oz Bag",PEPPERIDGE FARM INC,Biscuits/Cookies,US,014100056164,00014100056164,0,26,538,GROCERY,2026-07-23,2026-06-29,,UNKNOWN,https://fdc.nal.usda.gov/fdc-app.html#/food-details/2773499/nutrients
USDA-FDC-2773500,"Goldfish Hot Buffalo Seasoned Pretzels, 8 Ounce Bag",PEPPERIDGE FARM INC,Biscuits/Cookies,US,014100056201,00014100056201,0,30,467,GROCERY,2026-07-23,2026-06-29,,UNKNOWN,https://fdc.nal.usda.gov/fdc-app.html#/food-details/2773500/nutrients
USDA-FDC-2773501,"Goldfish Pokemon Cheddar Cheese Crackers, 6.6 Oz Bag",PEPPERIDGE FARM INC,Biscuits/Cookies,US,014100056287,00014100056287,0,30,467,GROCERY,2026-07-23,2026-06-29,,UNKNOWN,https://fdc.nal.usda.gov/fdc-app.html#/food-details/2773501/nutrients
USDA-FDC-2773502,"Pepperidge Farm Farmhouse Black Pepper & Sea Salt 6 pack, 13.5 Oz Bag",PEPPERIDGE FARM INC,Bread,US,014100056331,00014100056331,0,64,281,GROCERY,2026-07-23,2026-06-29,,UNKNOWN,https://fdc.nal.usda.gov/fdc-app.html#/food-details/2773502/nutrients
USDA-FDC-2773503,"Pepperidge Farm Milano White Chocolate Mango Flavored Cookies, 7 Oz Bag",PEPPERIDGE FARM INC,Biscuits/Cookies,US,014100056508,00014100056508,0,26,538,GROCERY,2026-07-23,2026-06-29,,UNKNOWN,https://fdc.nal.usda.gov/fdc-app.html#/food-details/2773503/nutrients
USDA-FDC-2773504,"Pepperidge Farm Chessmen Brown Butter Pecan Flavored Cookies, 7.25 Oz Bag",PEPPERIDGE FARM INC,Biscuits/Cookies,US,014100056614,00014100056614,0,26,462,GROCERY,2026-07-23,2026-06-29,,UNKNOWN,https://fdc.nal.usda.gov/fdc-app.html#/food-details/2773504/nutrients
USDA-FDC-2773505,"Pepperidge Farm Chessmen Salted Caramel Cookies, 7.25 Oz Bag",PEPPERIDGE FARM INC,Biscuits/Cookies,US,014100056621,00014100056621,0,26,462,GROCERY,2026-07-23,2026-06-29,,UNKNOWN,https://fdc.nal.usda.gov/fdc-app.html#/food-details/2773505/nutrients
USDA-FDC-2773507,"Goldfish Pokemon Squirtle Cheddar Cheese Baked Snack Crackers, 6.6 Oz Bag",PEPPERIDGE FARM INC,Biscuits/Cookies,US,014100056867,00014100056867,0,30,467,GROCERY,2026-07-23,2026-06-29,,UNKNOWN,https://fdc.nal.usda.gov/fdc-app.html#/food-details/2773507/nutrients
USDA-FDC-2773508,"Goldfish Pokemon Bulbasaur Edition Cheddar Baked Snack Crackers, 6.6 Oz Bag",PEPPERIDGE FARM INC,Biscuits/Cookies,US,014100056874,00014100056874,0,30,467,GROCERY,2026-07-23,2026-06-29,,UNKNOWN,https://fdc.nal.usda.gov/fdc-app.html#/food-details/2773508/nutrients
USDA-FDC-2773509,"Goldfish Pokemon Charmander Edition Cheddar Cheese Baked Snack Crackers, 6.6 Oz Bag",PEPPERIDGE FARM INC,Biscuits/Cookies,US,014100056898,00014100056898,0,30,467,GROCERY,2026-07-23,2026-06-29,,UNKNOWN,https://fdc.nal.usda.gov/fdc-app.html#/food-details/2773509/nutrients
USDA-FDC-2773510,"Goldfish Pokemon Cheddar Crackers, 24 Lunch Box Packs",PEPPERIDGE FARM INC,Biscuits/Cookies,US,014100057024,00014100057024,0,21,476,GROCERY,2026-07-23,2026-06-29,,UNKNOWN,https://fdc.nal.usda.gov/fdc-app.html#/food-details/2773510/nutrients
USDA-FDC-2773511,"Goldfish Crisps Cheddar Baked Chip Crackers, 4.8 Oz Bag",PEPPERIDGE FARM INC,Biscuits/Cookies,US,014100057055,00014100057055,0,30,467,GROCERY,2026-07-23,2026-06-29,,UNKNOWN,https://fdc.nal.usda.gov/fdc-app.html#/food-details/2773511/nutrients
USDA-FDC-2773512,"Goldfish Crisps Salt & Vinegar Baked Chip Crackers, 4.8 Oz Bag",PEPPERIDGE FARM INC,Biscuits/Cookies,US,014100057062,00014100057062,0,30,467,GROCERY,2026-07-23,2026-06-29,,UNKNOWN,https://fdc.nal.usda.gov/fdc-app.html#/food-details/2773512/nutrients
USDA-FDC-2773513,"Goldfish Crisps Sour Cream & Onion Baked Chip Crackers, 4.8 Oz Bag",PEPPERIDGE FARM INC,Biscuits/Cookies,US,014100057086,00014100057086,0,30,467,GROCERY,2026-07-23,2026-06-29,,UNKNOWN,https://fdc.nal.usda.gov/fdc-app.html#/food-details/2773513/nutrients
USDA-FDC-2773514,"Pepperidge Farm Bordeaux Caramelized Crisp Cookies, 6.75 Oz Bag",PEPPERIDGE FARM INC,Biscuits/Cookies,US,014100074106,00014100074106,0,27,481,GROCERY,2026-07-23,2026-06-29,,UNKNOWN,https://fdc.nal.usda.gov/fdc-app.html#/food-details/2773514/nutrients
USDA-FDC-2773515,"Pepperidge Farm Milano Dark Chocolate Cookies, 6 OZ Bag (15 Cookies)",PEPPERIDGE FARM INC,Biscuits/Cookies,US,014100074120,00014100074120,0,34,529,GROCERY,2026-07-23,2026-06-29,,UNKNOWN,https://fdc.nal.usda.gov/fdc-app.html#/food-details/2773515/nutrients
USDA-FDC-2773516,"Pepperidge Farm Geneva Chocolate & Pecan Covered Cookies, 5.5 oz. Bag",PEPPERIDGE FARM INC,Biscuits/Cookies,US,014100074199,00014100074199,0,31,516,GROCERY,2026-07-23,2026-06-29,,UNKNOWN,https://fdc.nal.usda.gov/fdc-app.html#/food-details/2773516/nutrients
USDA-FDC-2773517,"Pepperidge Farm Milano Mint Chocolate Cookies, 7 OZ Bag (15 Cookies)",PEPPERIDGE FARM INC,Biscuits/Cookies,US,014100079477,00014100079477,0,25,520,GROCERY,2026-07-23,2026-06-29,,UNKNOWN,https://fdc.nal.usda.gov/fdc-app.html#/food-details/2773517/nutrients
USDA-FDC-2773518,"Pepperidge Farm Chessmen Butter Cookies, 7.25 OZ Bag (24 Cookies)",PEPPERIDGE FARM INC,Biscuits/Cookies,US,014100079521,00014100079521,0,26,462,GROCERY,2026-07-23,2026-06-29,,UNKNOWN,https://fdc.nal.usda.gov/fdc-app.html#/food-details/2773518/nutrients
USDA-FDC-2773519,PEPPERIDGE FARM MILANO COOKIES DARK CHOCOLATE,PEPPERIDGE FARM INC,Biscuits/Cookies,US,014100079583,00014100079583,0,21,524,GROCERY,2026-07-23,2026-06-29,,UNKNOWN,https://fdc.nal.usda.gov/fdc-app.html#/food-details/2773519/nutrients
USDA-FDC-2773520,"Goldfish Colors Cheddar Cheese Crackers, 2 Oz Carton",PEPPERIDGE FARM INC,Biscuits/Cookies,US,014100081272,00014100081272,0,57,456,GROCERY,2026-07-23,2026-06-29,,UNKNOWN,https://fdc.nal.usda.gov/fdc-app.html#/food-details/2773520/nutrients
USDA-FDC-2773521,"Pepperidge Farm Captiva Dark Chocolate Cookies, 8.6 Oz Bag",PEPPERIDGE FARM INC,Biscuits/Cookies,US,014100082033,00014100082033,0,31,419,GROCERY,2026-07-23,2026-06-30,,UNKNOWN,https://fdc.nal.usda.gov/fdc-app.html#/food-details/2773521/nutrients
USDA-FDC-2773522,"Pepperidge Farm Mini Brown Sugar Cinnamon Bagels, 12-pack, 17 oz. Bag",PEPPERIDGE FARM INC,Bread,US,014100082354,00014100082354,0,120,292,GROCERY,2026-07-23,2026-06-29,,UNKNOWN,https://fdc.nal.usda.gov/fdc-app.html#/food-details/2773522/nutrients
USDA-FDC-2773523,"Pepperidge Farm Farmhouse 100% Whole Wheat Bread, 24 Oz Loaf",PEPPERIDGE FARM INC,Bread,US,014100082774,00014100082774,0,49,265,GROCERY,2026-07-23,2026-06-29,,UNKNOWN,https://fdc.nal.usda.gov/fdc-app.html#/food-details/2773523/nutrients
USDA-FDC-2773524,"Pepperidge Farm Sanibel Soft Baked Snickerdoodle Cookies, 8.6 Oz Bag",PEPPERIDGE FARM INC,Biscuits/Cookies,US,014100084709,00014100084709,0,31,419,GROCERY,2026-07-23,2026-06-29,,UNKNOWN,https://fdc.nal.usda.gov/fdc-app.html#/food-details/2773524/nutrients
USDA-FDC-2773525,"Goldfish Colors Cheddar Baked Snack Crackers, 6.6 Oz Bag",PEPPERIDGE FARM INC,Biscuits/Cookies,US,014100085393,00014100085393,0,30,467,GROCERY,2026-07-23,2026-06-29,,UNKNOWN,https://fdc.nal.usda.gov/fdc-app.html#/food-details/2773525/nutrients
USDA-FDC-2773526,"Pepperidge Farm Swirl 100% Whole Wheat Cinnamon with Raisins Breakfast Bread, 16 Oz Loaf",PEPPERIDGE FARM INC,Bread,US,014100085430,00014100085430,0,33,273,GROCERY,2026-07-23,2026-06-29,,UNKNOWN,https://fdc.nal.usda.gov/fdc-app.html#/food-details/2773526/nutrients
USDA-FDC-2773527,"Goldfish Parmesan Cheese Crackers, 6.6 Oz Bag",PEPPERIDGE FARM INC,Biscuits/Cookies,US,014100085461,00014100085461,0,30,467,GROCERY,2026-07-23,2026-06-29,,UNKNOWN,https://fdc.nal.usda.gov/fdc-app.html#/food-details/2773527/nutrients
USDA-FDC-2773528,"Goldfish Cheddar Crackers, 6.6 Oz Bag",PEPPERIDGE FARM INC,Biscuits/Cookies,US,014100085478,00014100085478,0,30,467,GROCERY,2026-07-23,2026-06-29,,UNKNOWN,https://fdc.nal.usda.gov/fdc-app.html#/food-details/2773528/nutrients
USDA-FDC-2773529,"Goldfish Flavor Blasted Xtra Cheddar Cheese Crackers, 6.6 Oz Bag",PEPPERIDGE FARM INC,Biscuits/Cookies,US,014100085485,00014100085485,0,30,467,GROCERY,2026-07-23,2026-06-29,,UNKNOWN,https://fdc.nal.usda.gov/fdc-app.html#/food-details/2773529/nutrients
USDA-FDC-2773530,"Goldfish Original Crackers, 6.6 Oz Bag",PEPPERIDGE FARM INC,Biscuits/Cookies,US,014100085508,00014100085508,0,30,467,GROCERY,2026-07-23,2026-06-29,,UNKNOWN,https://fdc.nal.usda.gov/fdc-app.html#/food-details/2773530/nutrients
USDA-FDC-2773531,"Goldfish Flavor Blasted Xtra Cheesy Pizza Cheese Crackers, 6.6 Oz Bag",PEPPERIDGE FARM INC,Biscuits/Cookies,US,014100085539,00014100085539,0,30,467,GROCERY,2026-07-23,2026-06-29,,UNKNOWN,https://fdc.nal.usda.gov/fdc-app.html#/food-details/2773531/nutrients
USDA-FDC-2773532,"Goldfish Pizza Cheese Crackers, 6.6 Oz Bag",PEPPERIDGE FARM INC,Biscuits/Cookies,US,014100085607,00014100085607,0,30,467,GROCERY,2026-07-23,2026-06-29,,UNKNOWN,https://fdc.nal.usda.gov/fdc-app.html#/food-details/2773532/nutrients
USDA-FDC-2773533,"Goldfish Baby Cheddar Cheese Crackers, 7.2 Oz Bag",PEPPERIDGE FARM INC,Biscuits/Cookies,US,014100085614,00014100085614,0,30,467,GROCERY,2026-07-23,2026-06-29,,UNKNOWN,https://fdc.nal.usda.gov/fdc-app.html#/food-details/2773533/nutrients
USDA-FDC-2773534,"Goldfish Pretzel Crackers, 8 Oz Bag",PEPPERIDGE FARM INC,Biscuits/Cookies,US,014100085621,00014100085621,0,30,400,GROCERY,2026-07-23,2026-06-29,,UNKNOWN,https://fdc.nal.usda.gov/fdc-app.html#/food-details/2773534/nutrients
USDA-FDC-2773535,"Goldfish Baked with Whole Grain Cheddar Cheese Crackers, 6.6 Oz Bag",PEPPERIDGE FARM INC,Biscuits/Cookies,US,014100085782,00014100085782,0,30,467,GROCERY,2026-07-23,2026-06-29,,UNKNOWN,https://fdc.nal.usda.gov/fdc-app.html#/food-details/2773535/nutrients
USDA-FDC-2773536,"Pepperidge Farm Whole Grain Honey Wheat Bread, 24 Oz Loaf",PEPPERIDGE FARM INC,Bread,US,014100085973,00014100085973,0,43,279,GROCERY,2026-07-23,2026-06-29,,UNKNOWN,https://fdc.nal.usda.gov/fdc-app.html#/food-details/2773536/nutrients
USDA-FDC-2773537,"Pepperidge Farm Whole Grain 15 Grain Bread, 24 Oz Loaf",PEPPERIDGE FARM INC,Bread,US,014100085980,00014100085980,0,43,279,GROCERY,2026-07-23,2026-06-29,,UNKNOWN,https://fdc.nal.usda.gov/fdc-app.html#/food-details/2773537/nutrients
USDA-FDC-2773538,"Pepperidge Farm Brussels Dark Chocolate, 15 Lace Cookies, 5.25 oz. Bag",PEPPERIDGE FARM INC,Biscuits/Cookies,US,014100079460,00014100079460,0,30,500,GROCERY,2026-07-23,2026-06-29,,UNKNOWN,https://fdc.nal.usda.gov/fdc-app.html#/food-details/2773538/nutrients
USDA-FDC-2773539,PEPPERIDGE FARM GOLDFISH CRACKERS CHEDDAR CHEESE,PEPPERIDGE FARM INC,Biscuits/Cookies,US,014100079378,00014100079378,0,14,429,GROCERY,2026-07-23,2026-06-29,,UNKNOWN,https://fdc.nal.usda.gov/fdc-app.html#/food-details/2773539/nutrients
USDA-FDC-2773540,"Pepperidge Farm Santa Cruz Soft Baked Oatmeal Raisin Cookies, 8.6 OZ Bag (8 Cookies)",PEPPERIDGE FARM INC,Biscuits/Cookies,US,014100078845,00014100078845,0,31,452,GROCERY,2026-07-23,2026-06-29,,UNKNOWN,https://fdc.nal.usda.gov/fdc-app.html#/food-details/2773540/nutrients
USDA-FDC-2773541,"Pepperidge Farm Nantucket Crispy Mini Dark Chocolate Cookies, 15.75 oz. Box, 9 - 1.75 oz. Packs",PEPPERIDGE FARM INC,Biscuits/Cookies,US,014100078777,00014100078777,0,50,500,GROCERY,2026-07-23,2026-06-29,,UNKNOWN,https://fdc.nal.usda.gov/fdc-app.html#/food-details/2773541/nutrients
USDA-FDC-2773542,"Pepperidge Farm Mint Brussels Cookies, 6.25 Oz Bag",PEPPERIDGE FARM INC,Biscuits/Cookies,US,014100074205,00014100074205,0,35,543,GROCERY,2026-07-23,2026-06-29,,UNKNOWN,https://fdc.nal.usda.gov/fdc-app.html#/food-details/2773542/nutrients
USDA-FDC-2773543,"Pepperidge Farm Milano Cookies, Chocolate Orange, 7 Oz Bag",PEPPERIDGE FARM INC,Biscuits/Cookies,US,014100074359,00014100074359,0,25,520,GROCERY,2026-07-23,2026-06-29,,UNKNOWN,https://fdc.nal.usda.gov/fdc-app.html#/food-details/2773543/nutrients
USDA-FDC-2773544,"Pepperidge Farm Zurich Sugar Cookies, 5.25 Oz Bag",PEPPERIDGE FARM INC,Biscuits/Cookies,US,014100074380,00014100074380,0,30,500,GROCERY,2026-07-23,2026-06-29,,UNKNOWN,https://fdc.nal.usda.gov/fdc-app.html#/food-details/2773544/nutrients
USDA-FDC-2773545,"Pepperidge Farm Dublin Shortbread Cookies, 5.5 Oz Bag",PEPPERIDGE FARM INC,Biscuits/Cookies,US,014100074441,00014100074441,0,26,500,GROCERY,2026-07-23,2026-06-29,,UNKNOWN,https://fdc.nal.usda.gov/fdc-app.html#/food-details/2773545/nutrients
USDA-FDC-2773546,"Pepperidge Farm Gingerman Cookies, Ginger Cookies, 5 oz. Bag",PEPPERIDGE FARM INC,Biscuits/Cookies,US,014100074458,00014100074458,0,28,464,GROCERY,2026-07-23,2026-06-29,,UNKNOWN,https://fdc.nal.usda.gov/fdc-app.html#/food-details/2773546/nutrients
USDA-FDC-2773547,"Pepperidge Farm Verona Apricot Raspberry Thumbprint Cookies, 6.75 Oz Bag",PEPPERIDGE FARM INC,Biscuits/Cookies,US,014100074625,00014100074625,0,32,406,GROCERY,2026-07-23,2026-06-29,,UNKNOWN,https://fdc.nal.usda.gov/fdc-app.html#/food-details/2773547/nutrients
USDA-FDC-2773548,"Pepperidge Farm Verona Strawberry Thumbprint Cookies, 6.75 OZ Bag (18 Cookies)",PEPPERIDGE FARM INC,Biscuits/Cookies,US,014100074649,00014100074649,0,32,406,GROCERY,2026-07-23,2026-06-29,,UNKNOWN,https://fdc.nal.usda.gov/fdc-app.html#/food-details/2773548/nutrients
USDA-FDC-2773549,"Pepperidge Farm Farmhouse Sourdough Bread, 24 Oz Loaf",PEPPERIDGE FARM INC,Bread,US,014100074670,00014100074670,0,49,265,GROCERY,2026-07-23,2026-06-29,,UNKNOWN,https://fdc.nal.usda.gov/fdc-app.html#/food-details/2773549/nutrients
USDA-FDC-2773550,"Pepperidge Farm Milano Double Dark Chocolate Cookies, 7.5 OZ Bag (15 Cookies)",PEPPERIDGE FARM INC,Biscuits/Cookies,US,014100074724,00014100074724,0,28,500,GROCERY,2026-07-23,2026-06-29,,UNKNOWN,https://fdc.nal.usda.gov/fdc-app.html#/food-details/2773550/nutrients
USDA-FDC-2773551,"Pepperidge Farm Golden Butter Crackers, 9.75 Oz Box",PEPPERIDGE FARM INC,Biscuits/Cookies,US,014100074779,00014100074779,0,15,467,GROCERY,2026-07-23,2026-06-29,,UNKNOWN,https://fdc.nal.usda.gov/fdc-app.html#/food-details/2773551/nutrients
USDA-FDC-2773552,"Goldfish Valentine's Day Strawberry Shortcake Flavored Baked Graham Snacks, 24 Count 0.75 Oz",PEPPERIDGE FARM INC,Biscuits/Cookies,US,014100055624,00014100055624,0,21,476,GROCERY,2026-07-23,2026-06-29,,UNKNOWN,https://fdc.nal.usda.gov/fdc-app.html#/food-details/2773552/nutrients
USDA-FDC-2773553,"Pepperidge Farm Milano Cookies, Raspberry Chocolate, 7 Oz Bag",PEPPERIDGE FARM INC,Biscuits/Cookies,US,014100074816,00014100074816,0,25,520,GROCERY,2026-07-23,2026-06-29,,UNKNOWN,https://fdc.nal.usda.gov/fdc-app.html#/food-details/2773553/nutrients
USDA-FDC-2773554,"Pepperidge Farm Harvest Wheat Crackers, 10.25 Oz Box",PEPPERIDGE FARM INC,Biscuits/Cookies,US,014100074878,00014100074878,0,16,500,GROCERY,2026-07-23,2026-06-29,,UNKNOWN,https://fdc.nal.usda.gov/fdc-app.html#/food-details/2773554/nutrients
USDA-FDC-2773555,"Pepperidge Farm Tahoe Crispy White Chocolate Macadamia Nut Cookies, 7.2 OZ Bag (8 Cookies)",PEPPERIDGE FARM INC,Biscuits/Cookies,US,014100075226,00014100075226,0,26,500,GROCERY,2026-07-23,2026-06-29,,UNKNOWN,https://fdc.nal.usda.gov/fdc-app.html#/food-details/2773555/nutrients
USDA-FDC-2773556,PEPPERIDGE FARM CRACKERS,PEPPERIDGE FARM INC,Biscuits/Cookies,US,014100075233,00014100075233,0,28,464,GROCERY,2026-07-23,2026-06-29,,UNKNOWN,https://fdc.nal.usda.gov/fdc-app.html#/food-details/2773556/nutrients
USDA-FDC-2773557,"Pepperidge Farm Mini Bagels, Plain, 12 Count Bag",PEPPERIDGE FARM INC,Bread,US,014100075622,00014100075622,0,120,267,GROCERY,2026-07-23,2026-06-29,,UNKNOWN,https://fdc.nal.usda.gov/fdc-app.html#/food-details/2773557/nutrients
USDA-FDC-2773558,"Pepperidge Farm Chesapeake Crispy Dark Chocolate Pecan Cookies, 7.2 Oz Bag (8 Cookies)",PEPPERIDGE FARM INC,Biscuits/Cookies,US,014100077084,00014100077084,0,26,538,GROCERY,2026-07-23,2026-06-29,,UNKNOWN,https://fdc.nal.usda.gov/fdc-app.html#/food-details/2773558/nutrients
USDA-FDC-2773559,"Pepperidge Farm Sausalito Crispy Milk Chocolate Macadamia Nut Cookies, 7.2 OZ Bag (8 Cookies)",PEPPERIDGE FARM INC,Biscuits/Cookies,US,014100077121,00014100077121,0,26,500,GROCERY,2026-07-23,2026-06-29,,UNKNOWN,https://fdc.nal.usda.gov/fdc-app.html#/food-details/2773559/nutrients
USDA-FDC-2773560,"Pepperidge Farm Nantucket Crispy Dark Chocolate Chunk Cookies, 7.2 oz. Bag",PEPPERIDGE FARM INC,Biscuits/Cookies,US,014100077138,00014100077138,0,26,500,GROCERY,2026-07-23,2026-06-29,,UNKNOWN,https://fdc.nal.usda.gov/fdc-app.html#/food-details/2773560/nutrients
USDA-FDC-2773561,"Pepperidge Farm Plain Bagels, 6 Ct Bag",PEPPERIDGE FARM INC,Bread,US,014100078081,00014100078081,0,99,263,GROCERY,2026-07-23,2026-06-29,,UNKNOWN,https://fdc.nal.usda.gov/fdc-app.html#/food-details/2773561/nutrients
USDA-FDC-2773562,"Pepperidge Farm Nantucket Crispy Double Dark Chocolate Chunk Cookies, 7.75 Oz Bag (8 Cookies)",PEPPERIDGE FARM INC,Biscuits/Cookies,US,014100078609,00014100078609,0,28,500,GROCERY,2026-07-23,2026-06-29,,UNKNOWN,https://fdc.nal.usda.gov/fdc-app.html#/food-details/2773562/nutrients
USDA-FDC-2773563,"Goldfish Cheddar Cheese Crackers, 2 Oz Carton",PEPPERIDGE FARM INC,Biscuits/Cookies,US,014100078678,00014100078678,0,57,456,GROCERY,2026-07-23,2026-06-29,,UNKNOWN,https://fdc.nal.usda.gov/fdc-app.html#/food-details/2773563/nutrients
USDA-FDC-2773564,"Pepperidge Farm Cinnamon Raisin Bagels, 6-pack, 21 oz. Bag",PEPPERIDGE FARM INC,Bread,US,014100074830,00014100074830,0,99,273,GROCERY,2026-07-23,2026-06-29,,UNKNOWN,https://fdc.nal.usda.gov/fdc-app.html#/food-details/2773564/nutrients
USDA-FDC-2773570,"Campbell's Condensed Beef Broth, 10.5 oz Can",CAMPBELL SOUP COMPANY,Prepared Soups,US,051000011879,00051000011879,0,124,12,GROCERY,2026-07-23,2026-06-29,,UNKNOWN,https://fdc.nal.usda.gov/fdc-app.html#/food-details/2773570/nutrients
USDA-FDC-2773571,"Prego Chunky Mushroom and Green Pepper Pasta Sauce, 23.75 oz Jar",CAMPBELL SOUP COMPANY,Sauces/Spreads/Dips/Condiments,US,051000012104,00051000012104,0,130,46,GROCERY,2026-07-23,2026-06-29,,UNKNOWN,https://fdc.nal.usda.gov/fdc-app.html#/food-details/2773571/nutrients
USDA-FDC-2773572,"Prego Chunky Tomato with Garlic and Onion Pasta Sauce, 24 oz Jar",CAMPBELL SOUP COMPANY,Sauces/Spreads/Dips/Condiments,US,051000012142,00051000012142,0,130,46,GROCERY,2026-07-23,2026-06-29,,UNKNOWN,https://fdc.nal.usda.gov/fdc-app.html#/food-details/2773572/nutrients
USDA-FDC-2773574,"Campbell's Condensed Chicken Noodle Soup, 10.75 oz Can",CAMPBELL SOUP COMPANY,Prepared Soups,US,051000012517,00051000012517,0,126,48,GROCERY,2026-07-23,2026-06-29,,UNKNOWN,https://fdc.nal.usda.gov/fdc-app.html#/food-details/2773574/nutrients
USDA-FDC-2773577,CAMPBELL'S SOUP CREAM MUSHROOM,CAMPBELL SOUP COMPANY,Prepared Soups,US,051000012661,00051000012661,0,124,73,CHILD_NUTRITION_FOOD_PROGRAMS|GROCERY,2026-07-23,2026-06-29,,UNKNOWN,https://fdc.nal.usda.gov/fdc-app.html#/food-details/2773577/nutrients
USDA-FDC-2773578,"V8 Original 100% Vegetable Juice, 11.5 fl oz Can",CAMPBELL SOUP COMPANY,Non Alcoholic Beverages - Ready to Drink,US,051000012920,00051000012920,0,347,18,GROCERY,2026-07-23,2026-06-29,,UNKNOWN,https://fdc.nal.usda.gov/fdc-app.html#/food-details/2773578/nutrients
USDA-FDC-2773581,CAMPBELL'S SOUP CLAM CHOWDER,CAMPBELL SOUP COMPANY,Prepared Soups,US,051000013668,00051000013668,0,126,63,GROCERY,2026-07-23,2026-06-29,,UNKNOWN,https://fdc.nal.usda.gov/fdc-app.html#/food-details/2773581/nutrients
USDA-FDC-2773586,"Prego Traditional Pasta Sauce, 67 oz Jar",CAMPBELL SOUP COMPANY,Sauces/Spreads/Dips/Condiments,US,051000015884,00051000015884,0,130,54,GROCERY,2026-07-23,2026-06-29,,UNKNOWN,https://fdc.nal.usda.gov/fdc-app.html#/food-details/2773586/nutrients
USDA-FDC-2773587,"Prego Mushroom Pasta Sauce, 67 oz Jar",CAMPBELL SOUP COMPANY,Sauces/Spreads/Dips/Condiments,US,051000015983,00051000015983,0,130,46,GROCERY,2026-07-23,2026-06-29,,UNKNOWN,https://fdc.nal.usda.gov/fdc-app.html#/food-details/2773587/nutrients
USDA-FDC-2773594,"Campbell's Chunky Soup, Beef Soup with Country Vegetables, 18.8 Oz Can",CAMPBELL SOUP COMPANY,Prepared Soups,US,051000005502,00051000005502,0,245,45,GROCERY,2026-07-23,2026-06-30,,UNKNOWN,https://fdc.nal.usda.gov/fdc-app.html#/food-details/2773594/nutrients
USDA-FDC-2773596,"Campbell's Chunky Soup, Manhattan Clam Chowder, 18.8 oz Can",CAMPBELL SOUP COMPANY,Prepared Soups,US,051000005540,00051000005540,0,245,45,GROCERY,2026-07-23,2026-06-29,,UNKNOWN,https://fdc.nal.usda.gov/fdc-app.html#/food-details/2773596/nutrients
USDA-FDC-2773599,"Campbell's Chunky Soup, Split Pea Soup With Ham, 19 Oz Can",CAMPBELL SOUP COMPANY,Prepared Soups,US,051000005649,00051000005649,0,245,65,GROCERY,2026-07-23,2026-06-29,,UNKNOWN,https://fdc.nal.usda.gov/fdc-app.html#/food-details/2773599/nutrients
USDA-FDC-2773600,"Campbell's Chunky Soup, Steak and Potato Soup, 18.8 oz Can",CAMPBELL SOUP COMPANY,Prepared Soups,US,051000005687,00051000005687,0,245,49,GROCERY,2026-07-23,2026-06-29,,UNKNOWN,https://fdc.nal.usda.gov/fdc-app.html#/food-details/2773600/nutrients
USDA-FDC-2773601,"Campbell's Chunky Soup, Hearty Bean Soup With Ham, 19 Oz Can",CAMPBELL SOUP COMPANY,Prepared Soups,US,051000005878,00051000005878,0,245,61,GROCERY,2026-07-23,2026-06-29,,UNKNOWN,https://fdc.nal.usda.gov/fdc-app.html#/food-details/2773601/nutrients
USDA-FDC-2773606,"V8 Original 100% Vegetable Juice, 46 fl oz Bottle",CAMPBELL SOUP COMPANY,Non Alcoholic Beverages - Ready to Drink,US,051000008039,00051000008039,0,241,19,GROCERY,2026-07-23,2026-06-29,,UNKNOWN,https://fdc.nal.usda.gov/fdc-app.html#/food-details/2773606/nutrients
USDA-FDC-2773609,"Campbell's Condensed Cream of Chicken Soup, 10.5 oz Can",CAMPBELL SOUP COMPANY,Prepared Soups,US,051000010315,00051000010315,0,124,97,GROCERY,2026-07-23,2026-06-29,,UNKNOWN,https://fdc.nal.usda.gov/fdc-app.html#/food-details/2773609/nutrients
USDA-FDC-2773610,CAMPBELL'S SOUP CREAM CHICKEN,CAMPBELL SOUP COMPANY,Prepared Soups,US,051000010360,00051000010360,0,126,79,CHILD_NUTRITION_FOOD_PROGRAMS|GROCERY,2026-07-23,2026-06-29,,UNKNOWN,https://fdc.nal.usda.gov/fdc-app.html#/food-details/2773610/nutrients
USDA-FDC-2773611,"Campbell's Condensed Beef Consomme Soup, 10.5 oz Can",CAMPBELL SOUP COMPANY,Prepared Soups,US,051000010476,00051000010476,0,124,20,GROCERY,2026-07-23,2026-06-29,,UNKNOWN,https://fdc.nal.usda.gov/fdc-app.html#/food-details/2773611/nutrients
USDA-FDC-2773612,"Campbell's Condensed Chicken and Rice Soup, 10.5 oz Can",CAMPBELL SOUP COMPANY,Prepared Soups,US,051000010513,00051000010513,0,126,63,GROCERY,2026-07-23,2026-06-29,,UNKNOWN,https://fdc.nal.usda.gov/fdc-app.html#/food-details/2773612/nutrients
USDA-FDC-2773622,CAMPBELL'S HEALTHY REQUEST SOUP CREAM OF CHICKEN,CAMPBELL SOUP COMPANY,Prepared Soups,US,051000041432,00051000041432,0,124,56,CHILD_NUTRITION_FOOD_PROGRAMS|GROCERY,2026-07-23,2026-06-29,,UNKNOWN,https://fdc.nal.usda.gov/fdc-app.html#/food-details/2773622/nutrients
USDA-FDC-2773625,"V8 Spicy Hot 100% Vegetable Juice, 11.5 fl oz Can",CAMPBELL SOUP COMPANY,Non Alcoholic Beverages - Ready to Drink,US,051000042859,00051000042859,0,347,18,GROCERY,2026-07-23,2026-06-29,,UNKNOWN,https://fdc.nal.usda.gov/fdc-app.html#/food-details/2773625/nutrients
USDA-FDC-2773626,"Campbell's Condensed Cream of Broccoli Soup, 10.5 oz Can",CAMPBELL SOUP COMPANY,Prepared Soups,US,051000049377,00051000049377,0,124,81,GROCERY,2026-07-23,2026-06-29,,UNKNOWN,https://fdc.nal.usda.gov/fdc-app.html#/food-details/2773626/nutrients
USDA-FDC-2773627,"Prego Three Cheese Italian Sauce, 24 oz. Jar",CAMPBELL SOUP COMPANY,Sauces/Spreads/Dips/Condiments,US,051000050434,00051000050434,0,130,46,GROCERY,2026-07-23,2026-06-29,,UNKNOWN,https://fdc.nal.usda.gov/fdc-app.html#/food-details/2773627/nutrients
USDA-FDC-2773628,"Prego Chunky Garden Combo Pasta Sauce, 23.75 oz Jar",CAMPBELL SOUP COMPANY,Sauces/Spreads/Dips/Condiments,US,051000050441,00051000050441,0,130,46,GROCERY,2026-07-23,2026-06-29,,UNKNOWN,https://fdc.nal.usda.gov/fdc-app.html#/food-details/2773628/nutrients
USDA-FDC-2773629,"Campbell's Condensed Heart Healthy Tomato Soup, 10.75 oz Can",CAMPBELL SOUP COMPANY,Prepared Soups,US,051000058874,00051000058874,0,124,56,GROCERY,2026-07-23,2026-06-29,,UNKNOWN,https://fdc.nal.usda.gov/fdc-app.html#/food-details/2773629/nutrients
USDA-FDC-2773632,"Campbell's Condensed Heart Healthy Cream of Celery Soup, 10.5 oz Can",CAMPBELL SOUP COMPANY,Prepared Soups,US,051000065698,00051000065698,0,124,48,GROCERY,2026-07-23,2026-06-29,,UNKNOWN,https://fdc.nal.usda.gov/fdc-app.html#/food-details/2773632/nutrients
USDA-FDC-2773634,"V8 Original 100% Vegetable Juice, 64 fl oz Bottle",CAMPBELL SOUP COMPANY,Non Alcoholic Beverages - Ready to Drink,US,051000069924,00051000069924,0,241,19,GROCERY,2026-07-23,2026-06-29,,UNKNOWN,https://fdc.nal.usda.gov/fdc-app.html#/food-details/2773634/nutrients
USDA-FDC-2773635,"Pepperidge Farm Puff Pastry Shells Frozen, 6-Count, 10 oz. Box",CAMPBELL SOUP COMPANY,Savoury Bakery Products,US,051000075086,00051000075086,0,47,362,GROCERY,2026-07-23,2026-06-29,,UNKNOWN,https://fdc.nal.usda.gov/fdc-app.html#/food-details/2773635/nutrients
USDA-FDC-2773636,"Pepperidge Farm Frozen Garlic Bread, 10 oz. Loaf",CAMPBELL SOUP COMPANY,Bread,US,051000075468,00051000075468,0,50,360,GROCERY,2026-07-23,2026-06-29,,UNKNOWN,https://fdc.nal.usda.gov/fdc-app.html#/food-details/2773636/nutrients
USDA-FDC-2773637,"Pepperidge Farm Frozen Vanilla Layer Cake, 19.6 Oz Box",CAMPBELL SOUP COMPANY,Sweet Bakery Products,US,051000076243,00051000076243,0,69,362,GROCERY,2026-07-23,2026-06-29,,UNKNOWN,https://fdc.nal.usda.gov/fdc-app.html#/food-details/2773637/nutrients
USDA-FDC-2773641,"Campbell's Pork and Beans, 19.75 oz Can",CAMPBELL SOUP COMPANY,Vegetables - Prepared/Processed,US,051000029584,00051000029584,0,130,108,GROCERY,2026-07-23,2026-06-29,,UNKNOWN,https://fdc.nal.usda.gov/fdc-app.html#/food-details/2773641/nutrients
USDA-FDC-2773642,"Prego Marinara Sauce, 23 oz Jar",CAMPBELL SOUP COMPANY,Sauces/Spreads/Dips/Condiments,US,051000027993,00051000027993,0,130,46,GROCERY,2026-07-23,2026-06-29,,UNKNOWN,https://fdc.nal.usda.gov/fdc-app.html#/food-details/2773642/nutrients
USDA-FDC-2773645,"Campbell's Condensed Chicken Broth, 10.5 oz Can",CAMPBELL SOUP COMPANY,Prepared Soups,US,051000021076,00051000021076,0,124,24,GROCERY,2026-07-23,2026-06-29,,UNKNOWN,https://fdc.nal.usda.gov/fdc-app.html#/food-details/2773645/nutrients
USDA-FDC-2773647,"Swanson Beef Broth, 14.5 Oz Can",CAMPBELL SOUP COMPANY,Herbs/Spices/Extracts,US,051000024213,00051000024213,0,235,4,GROCERY,2026-07-23,2026-06-29,,UNKNOWN,https://fdc.nal.usda.gov/fdc-app.html#/food-details/2773647/nutrients
USDA-FDC-2773648,"Swanson 33% Less Sodium Chicken Broth, 14.5 oz Can",CAMPBELL SOUP COMPANY,Herbs/Spices/Extracts,US,051000024299,00051000024299,0,235,6,GROCERY,2026-07-23,2026-06-29,,UNKNOWN,https://fdc.nal.usda.gov/fdc-app.html#/food-details/2773648/nutrients
USDA-FDC-2773649,"Swanson Chicken Broth, 49.5 Oz Can",CAMPBELL SOUP COMPANY,Herbs/Spices/Extracts,US,051000024305,00051000024305,0,235,4,GROCERY,2026-07-23,2026-06-29,,UNKNOWN,https://fdc.nal.usda.gov/fdc-app.html#/food-details/2773649/nutrients
USDA-FDC-2773650,"Swanson 100% Natural Chicken Broth, 14.5 Oz Can",CAMPBELL SOUP COMPANY,Herbs/Spices/Extracts,US,051000024312,00051000024312,0,235,4,GROCERY,2026-07-23,2026-06-29,,UNKNOWN,https://fdc.nal.usda.gov/fdc-app.html#/food-details/2773650/nutrients
USDA-FDC-2773652,"Prego Traditional Pasta Sauce, 14 oz Jar",CAMPBELL SOUP COMPANY,Sauces/Spreads/Dips/Condiments,US,051000025487,00051000025487,0,130,54,GROCERY,2026-07-23,2026-06-29,,UNKNOWN,https://fdc.nal.usda.gov/fdc-app.html#/food-details/2773652/nutrients
USDA-FDC-2773653,"Prego Traditional Pasta Sauce, 24 oz Jar",CAMPBELL SOUP COMPANY,Sauces/Spreads/Dips/Condiments,US,051000025494,00051000025494,0,130,54,GROCERY,2026-07-23,2026-06-29,,UNKNOWN,https://fdc.nal.usda.gov/fdc-app.html#/food-details/2773653/nutrients
USDA-FDC-2773656,"Campbell's Turkey Gravy, 10.5 oz Can",CAMPBELL SOUP COMPANY,Sauces/Spreads/Dips/Condiments,US,051000025548,00051000025548,0,59,42,GROCERY,2026-07-23,2026-06-29,,UNKNOWN,https://fdc.nal.usda.gov/fdc-app.html#/food-details/2773656/nutrients
USDA-FDC-2773657,"Campbell's Mushroom Gravy, 10.5 oz Can",CAMPBELL SOUP COMPANY,Sauces/Spreads/Dips/Condiments,US,051000025555,00051000025555,0,59,34,GROCERY,2026-07-23,2026-06-29,,UNKNOWN,https://fdc.nal.usda.gov/fdc-app.html#/food-details/2773657/nutrients
USDA-FDC-2773658,"Campbell's Golden Pork Gravy, 10.5 oz Can",CAMPBELL SOUP COMPANY,Sauces/Spreads/Dips/Condiments,US,051000025562,00051000025562,0,59,59,GROCERY,2026-07-23,2026-06-29,,UNKNOWN,https://fdc.nal.usda.gov/fdc-app.html#/food-details/2773658/nutrients
USDA-FDC-2773660,"Prego Italian Tomato Pasta Sauce Flavored With Meat, 14 oz Jar",CAMPBELL SOUP COMPANY,Sauces/Spreads/Dips/Condiments,US,051000027931,00051000027931,0,130,54,GROCERY,2026-07-23,2026-06-29,,UNKNOWN,https://fdc.nal.usda.gov/fdc-app.html#/food-details/2773660/nutrients
USDA-FDC-2773661,"Prego Italian Tomato Pasta Sauce Flavored With Meat, 24 oz Jar",CAMPBELL SOUP COMPANY,Sauces/Spreads/Dips/Condiments,US,051000027948,00051000027948,0,130,54,GROCERY,2026-07-23,2026-06-29,,UNKNOWN,https://fdc.nal.usda.gov/fdc-app.html#/food-details/2773661/nutrients
USDA-FDC-2773662,"Prego Mushroom Pasta Sauce, 14 oz Jar",CAMPBELL SOUP COMPANY,Sauces/Spreads/Dips/Condiments,US,051000027955,00051000027955,0,130,46,GROCERY,2026-07-23,2026-06-29,,UNKNOWN,https://fdc.nal.usda.gov/fdc-app.html#/food-details/2773662/nutrients
USDA-FDC-2773663,"Prego Mushroom Pasta Sauce, 24 oz Jar",CAMPBELL SOUP COMPANY,Sauces/Spreads/Dips/Condiments,US,051000027962,00051000027962,0,130,46,GROCERY,2026-07-23,2026-06-24,,UNKNOWN,https://fdc.nal.usda.gov/fdc-app.html#/food-details/2773663/nutrients
USDA-FDC-2773668,"Snack Factory Pretzel Crisps Original Flavor, Snack Pack Individual Size, 1.5 Oz",SNYDER'S-LANCE INC.,Snacks,US,049508001201,00049508001201,0,42,381,GROCERY,2026-07-23,2026-06-29,,UNKNOWN,https://fdc.nal.usda.gov/fdc-app.html#/food-details/2773668/nutrients
USDA-FDC-2773669,"Snack Factory Pretzel Crisps Garlic Parmesan, Snack Pack, 1.5 Oz",SNYDER'S-LANCE INC.,Snacks,US,049508001249,00049508001249,0,42,405,GROCERY,2026-07-23,2026-06-29,,UNKNOWN,https://fdc.nal.usda.gov/fdc-app.html#/food-details/2773669/nutrients
USDA-FDC-2773670,"Snack Factory Original Pretzel Crisps, Non-GMO, 14 oz Party Size Bag",SNYDER'S-LANCE INC.,Snacks,US,049508001409,00049508001409,0,28,393,GROCERY,2026-07-23,2026-06-29,,UNKNOWN,https://fdc.nal.usda.gov/fdc-app.html#/food-details/2773670/nutrients
USDA-FDC-2773672,"Snack Factory Garlic Parmesan Pretzel Crisps, 14 OZ Party Size Bag",SNYDER'S-LANCE INC.,Snacks,US,049508001607,00049508001607,0,28,393,GROCERY,2026-07-23,2026-06-29,,UNKNOWN,https://fdc.nal.usda.gov/fdc-app.html#/food-details/2773672/nutrients
USDA-FDC-2773673,"Snack Factory Original Pretzel Crisps, Non-GMO, 7.2 oz Resealable Bag",SNYDER'S-LANCE INC.,Snacks,US,049508006008,00049508006008,0,28,393,GROCERY,2026-07-23,2026-06-29,,UNKNOWN,https://fdc.nal.usda.gov/fdc-app.html#/food-details/2773673/nutrients
USDA-FDC-2773674,"Snack Factory Garlic Parmesan Pretzel Crisps, 7.2 OZ Resealable Bag",SNYDER'S-LANCE INC.,Snacks,US,049508006107,00049508006107,0,28,393,GROCERY,2026-07-23,2026-06-29,,UNKNOWN,https://fdc.nal.usda.gov/fdc-app.html#/food-details/2773674/nutrients
USDA-FDC-2773675,"Snack Factory Buffalo Wing Pretzel Crisps, 7.2 OZ Resealable Bag",SNYDER'S-LANCE INC.,Snacks,US,049508006121,00049508006121,0,28,393,GROCERY,2026-07-23,2026-06-29,,UNKNOWN,https://fdc.nal.usda.gov/fdc-app.html#/food-details/2773675/nutrients
USDA-FDC-2773676,"Snack Factory Everything Pretzel Crisps, Non-GMO, 7.2 OZ Resealable Bag",SNYDER'S-LANCE INC.,Snacks,US,049508006206,00049508006206,0,28,393,GROCERY,2026-07-23,2026-06-29,,UNKNOWN,https://fdc.nal.usda.gov/fdc-app.html#/food-details/2773676/nutrients
USDA-FDC-2773677,"Snack Factory Pretzel Crisps, Original, On-the-Go Bag, 3 Oz",SNYDER'S-LANCE INC.,Snacks,US,049508007302,00049508007302,0,28,393,GROCERY,2026-07-23,2026-06-29,,UNKNOWN,https://fdc.nal.usda.gov/fdc-app.html#/food-details/2773677/nutrients
USDA-FDC-2773678,"Snack Factory Pretzel Crisps, Buffalo Wing, On-the-Go Bag, 3 Oz",SNYDER'S-LANCE INC.,Snacks,US,049508007319,00049508007319,0,28,393,GROCERY,2026-07-23,2026-06-29,,UNKNOWN,https://fdc.nal.usda.gov/fdc-app.html#/food-details/2773678/nutrients
USDA-FDC-2773679,"Snack Factory Pretzel Crisps, Garlic Parmesan, On-the-Go Bag, 3 Oz",SNYDER'S-LANCE INC.,Snacks,US,049508007340,00049508007340,0,28,393,GROCERY,2026-07-23,2026-06-29,,UNKNOWN,https://fdc.nal.usda.gov/fdc-app.html#/food-details/2773679/nutrients
USDA-FDC-2773680,"Snack Factory Pretzel Crisps, Holiday White Creme and Peppermint Covered Pretzels, 4 Oz",SNYDER'S-LANCE INC.,Snacks,US,049508008217,00049508008217,0,28,464,GROCERY,2026-07-23,2026-06-29,,UNKNOWN,https://fdc.nal.usda.gov/fdc-app.html#/food-details/2773680/nutrients
USDA-FDC-2773681,"Snack Factory Pretzel Crisps Holiday Peppermint Dark Chocolate Covered Pretzels, 4 Oz",SNYDER'S-LANCE INC.,Snacks,US,049508008231,00049508008231,0,28,464,GROCERY,2026-07-23,2026-06-29,,UNKNOWN,https://fdc.nal.usda.gov/fdc-app.html#/food-details/2773681/nutrients
USDA-FDC-2773683,"Snack Factory Pretzel Crisps, Sea Salt & Cracked Pepper, 7.2 Oz",SNYDER'S-LANCE INC.,Snacks,US,049508100034,00049508100034,0,28,393,GROCERY,2026-07-23,2026-06-29,,UNKNOWN,https://fdc.nal.usda.gov/fdc-app.html#/food-details/2773683/nutrients
USDA-FDC-2773684,"Snack Factory Pretzel Crisps Gluten Free, Original Flavor, 5 Oz",SNYDER'S-LANCE INC.,Snacks,US,049508250067,00049508250067,0,28,393,GROCERY,2026-07-23,2026-06-29,,UNKNOWN,https://fdc.nal.usda.gov/fdc-app.html#/food-details/2773684/nutrients
USDA-FDC-2773685,"Snack Factory Pretzel Crisps, Dark Chocolate Covered Pretzels, 5.5 Oz",SNYDER'S-LANCE INC.,Snacks,US,049508250166,00049508250166,0,28,429,GROCERY,2026-07-23,2026-06-29,,UNKNOWN,https://fdc.nal.usda.gov/fdc-app.html#/food-details/2773685/nutrients
USDA-FDC-2773686,"Snack Factory Pretzel Crisps, Milk Chocolate Covered Pretzels, 5.5 Oz",SNYDER'S-LANCE INC.,Snacks,US,049508250180,00049508250180,0,28,500,GROCERY,2026-07-23,2026-06-29,,UNKNOWN,https://fdc.nal.usda.gov/fdc-app.html#/food-details/2773686/nutrients
USDA-FDC-2773687,"Snack Factory Pretzel Crisps, Organic Original, 9.35 Oz",SNYDER'S-LANCE INC.,Snacks,US,049508250753,00049508250753,0,28,393,GROCERY,2026-07-23,2026-06-29,,UNKNOWN,https://fdc.nal.usda.gov/fdc-app.html#/food-details/2773687/nutrients
USDA-FDC-2773688,"Snack Factory Pretzel Crisps, Cinnamon Sugar, 7.2 Oz",SNYDER'S-LANCE INC.,Snacks,US,049508251194,00049508251194,0,28,393,GROCERY,2026-07-23,2026-06-29,,UNKNOWN,https://fdc.nal.usda.gov/fdc-app.html#/food-details/2773688/nutrients
USDA-FDC-2773689,SNACK FACTORY PRETZEL CRACKER ORIGINAL,SNYDER'S-LANCE INC.,Snacks,US,049508001010,00049508001010,0,28,393,GROCERY,2026-07-23,2026-06-29,,UNKNOWN,https://fdc.nal.usda.gov/fdc-app.html#/food-details/2773689/nutrients
USDA-FDC-2773690,"Snack Factory Pretzel Crisps, Gluten Free Everything Flavor, 5 Oz",SNYDER'S-LANCE INC.,Snacks,US,049508251316,00049508251316,0,28,393,GROCERY,2026-07-23,2026-06-29,,UNKNOWN,https://fdc.nal.usda.gov/fdc-app.html#/food-details/2773690/nutrients
USDA-FDC-2773696,Hot Pockets Italian Style Seasoned Crust Pepperoni Pizza Frozen Sandwiches 54 oz 12 pack Box,Société des Produits Nestlé S.A.,Sandwiches/Filled Rolls/Wraps,US,043695075113,00043695075113,0,127,260,GROCERY,2026-07-23,2026-06-07,,UNKNOWN,https://fdc.nal.usda.gov/fdc-app.html#/food-details/2773696/nutrients
USDA-FDC-2773715,"Snack Factory Pretzel Crisps Drizzlers, Dark Chocolate Drizzled Pretzels, 5.5 Oz",SNYDER'S-LANCE INC.,Snacks,US,049508251408,00049508251408,0,28,429,GROCERY,2026-07-23,2026-06-29,,UNKNOWN,https://fdc.nal.usda.gov/fdc-app.html#/food-details/2773715/nutrients
USDA-FDC-2773716,"Snack Factory Pretzel Crisps, Drizzlers, Milk Chocolate & Caramel Drizzled Pretzels, 5.5 Oz",SNYDER'S-LANCE INC.,Snacks,US,049508251415,00049508251415,0,28,429,GROCERY,2026-07-23,2026-06-29,,UNKNOWN,https://fdc.nal.usda.gov/fdc-app.html#/food-details/2773716/nutrients
USDA-FDC-2773717,"Snack Factory Pretzel Crisps, Buffalo Wing, Party Size, 14 Oz",SNYDER'S-LANCE INC.,Snacks,US,049508251583,00049508251583,0,28,393,GROCERY,2026-07-23,2026-06-29,,UNKNOWN,https://fdc.nal.usda.gov/fdc-app.html#/food-details/2773717/nutrients
USDA-FDC-2773732,"V8 Original 100% Vegetable Juice, 32 fl oz Bottle",CAMPBELL SOUP COMPANY,Non Alcoholic Beverages - Ready to Drink,US,051000002846,00051000002846,0,241,19,GROCERY,2026-07-23,2026-06-29,,UNKNOWN,https://fdc.nal.usda.gov/fdc-app.html#/food-details/2773732/nutrients
USDA-FDC-2773734,"V8 Original 100% Vegetable Juice, 46 fl oz Can",CAMPBELL SOUP COMPANY,Non Alcoholic Beverages - Ready to Drink,US,051000003362,00051000003362,0,241,19,GROCERY,2026-07-23,2026-06-29,,UNKNOWN,https://fdc.nal.usda.gov/fdc-app.html#/food-details/2773734/nutrients
USDA-FDC-2773737,CAMPBELL'S CLASSIC SHELF STABLE SOUP CREAM OF CHICKEN,CAMPBELL SOUP COMPANY,Prepared Soups,US,051000004437,00051000004437,0,206,44,GROCERY,2026-07-23,2026-06-29,,UNKNOWN,https://fdc.nal.usda.gov/fdc-app.html#/food-details/2773737/nutrients
USDA-FDC-2773743,"Snack Factory Pretzel Crisps, Cheddar Cheese, 7.2 Oz",SNYDER'S-LANCE INC.,Snacks,US,049508251668,00049508251668,0,28,393,GROCERY,2026-07-23,2026-06-29,,UNKNOWN,https://fdc.nal.usda.gov/fdc-app.html#/food-details/2773743/nutrients
USDA-FDC-2773744,"Snack Factory Pretzel Crisps, Cheddar Cheese, Party Size, 14 Oz",SNYDER'S-LANCE INC.,Snacks,US,049508251729,00049508251729,0,28,393,GROCERY,2026-07-23,2026-06-29,,UNKNOWN,https://fdc.nal.usda.gov/fdc-app.html#/food-details/2773744/nutrients
USDA-FDC-2773745,"Snack Factory Pretzel Crisps, Everything, 3 Oz",SNYDER'S-LANCE INC.,Snacks,US,049508251774,00049508251774,0,28,393,GROCERY,2026-07-23,2026-06-29,,UNKNOWN,https://fdc.nal.usda.gov/fdc-app.html#/food-details/2773745/nutrients
USDA-FDC-2773747,"Snack Factory Pretzel Crisps Bites, Spicy Ranch Pretzels, 2.6 Oz Snack Bag",SNYDER'S-LANCE INC.,Snacks,US,049508252146,00049508252146,0,28,464,GROCERY,2026-07-23,2026-06-29,,UNKNOWN,https://fdc.nal.usda.gov/fdc-app.html#/food-details/2773747/nutrients
USDA-FDC-2773748,"Snack Factory Pretzel Crisps, Original, 1 Oz Snack Bags, 10 Ct",SNYDER'S-LANCE INC.,Snacks,US,049508252306,00049508252306,0,28,393,GROCERY,2026-07-23,2026-06-29,,UNKNOWN,https://fdc.nal.usda.gov/fdc-app.html#/food-details/2773748/nutrients
USDA-FDC-2773750,"Snack Factory Pumpkin Spice White Creme Pretzel Crisps, 4 Oz Bag",SNYDER'S-LANCE INC.,Snacks,US,049508252863,00049508252863,0,28,500,GROCERY,2026-07-23,2026-06-29,,UNKNOWN,https://fdc.nal.usda.gov/fdc-app.html#/food-details/2773750/nutrients
USDA-FDC-2773752,"Snack Factory Sea Salt Bites, 9 Oz Bag",SNYDER'S-LANCE INC.,Snacks,US,049508252917,00049508252917,0,28,393,GROCERY,2026-07-23,2026-06-29,,UNKNOWN,https://fdc.nal.usda.gov/fdc-app.html#/food-details/2773752/nutrients
USDA-FDC-2773754,"Snack Factory Pop'ums Sea Salt Pretzel Snacks, 9 Oz Bag",SNYDER'S-LANCE INC.,Snacks,US,049508253013,00049508253013,0,28,464,GROCERY,2026-07-23,2026-06-29,,UNKNOWN,https://fdc.nal.usda.gov/fdc-app.html#/food-details/2773754/nutrients
USDA-FDC-2773755,"Snack Factory Pop'ums Jalapeno Jack Pretzel Snacks, 9 Oz Bag",SNYDER'S-LANCE INC.,Snacks,US,049508253037,00049508253037,0,28,464,GROCERY,2026-07-23,2026-06-29,,UNKNOWN,https://fdc.nal.usda.gov/fdc-app.html#/food-details/2773755/nutrients
USDA-FDC-2773756,"Snack Factory Pop'ums White Cheddar Pretzel Snacks, 2.6 Oz Bag",SNYDER'S-LANCE INC.,Snacks,US,049508253235,00049508253235,0,28,464,GROCERY,2026-07-23,2026-06-29,,UNKNOWN,https://fdc.nal.usda.gov/fdc-app.html#/food-details/2773756/nutrients
USDA-FDC-2773757,"Snack Factory Pop'ums Golden Mustard BBQ Pretzel Snacks, 2.6 Oz Bag",SNYDER'S-LANCE INC.,Snacks,US,049508253259,00049508253259,0,28,464,GROCERY,2026-07-23,2026-06-29,,UNKNOWN,https://fdc.nal.usda.gov/fdc-app.html#/food-details/2773757/nutrients
USDA-FDC-2773758,"Snack Factory S'mores Pretzel Crisps, 4 Oz Bag",SNYDER'S-LANCE INC.,Snacks,US,049508253341,00049508253341,0,28,500,GROCERY,2026-07-23,2026-06-29,,UNKNOWN,https://fdc.nal.usda.gov/fdc-app.html#/food-details/2773758/nutrients
USDA-FDC-2773759,"Snack Factory Cinnamon Sugar Pretzels, 9 Oz Bag",SNYDER'S-LANCE INC.,Snacks,US,049508253761,00049508253761,0,28,429,GROCERY,2026-07-23,2026-06-29,,UNKNOWN,https://fdc.nal.usda.gov/fdc-app.html#/food-details/2773759/nutrients
USDA-FDC-2773760,"Snack Factory Lemon Flavored Crunch White Creme Pretzels, 4 Oz Bag",SNYDER'S-LANCE INC.,Snacks,US,049508253808,00049508253808,0,28,464,GROCERY,2026-07-23,2026-06-29,,UNKNOWN,https://fdc.nal.usda.gov/fdc-app.html#/food-details/2773760/nutrients
USDA-FDC-2773761,"Snack Factory Gluten Free Mediterranean Herb Pretzels, 5 Oz Bag",SNYDER'S-LANCE INC.,Snacks,US,049508253860,00049508253860,0,28,429,GROCERY,2026-07-23,2026-06-29,,UNKNOWN,https://fdc.nal.usda.gov/fdc-app.html#/food-details/2773761/nutrients
USDA-FDC-2773762,"Snack Factory Fireworks Berry Creme Flavored Pretzels, 4 Oz Bag",SNYDER'S-LANCE INC.,Snacks,US,049508253921,00049508253921,0,28,500,GROCERY,2026-07-23,2026-06-29,,UNKNOWN,https://fdc.nal.usda.gov/fdc-app.html#/food-details/2773762/nutrients
USDA-FDC-2773765,"Snack Factory Pop'ums White Cheddar Pretzel Snacks, 9 Oz Bag",SNYDER'S-LANCE INC.,Snacks,US,049508253020,00049508253020,0,28,464,GROCERY,2026-07-23,2026-06-29,,UNKNOWN,https://fdc.nal.usda.gov/fdc-app.html#/food-details/2773765/nutrients
USDA-FDC-2773766,"Crystal Light Drink Mix with Caffeine, 10 Packets, for Convenient On-the-Go Flavorful Hydration, Grape Natural Flavor With Other Natural Flavors, Zero Sugar, 1.1 oz",Kraft Foods Inc.,Non Alcoholic Beverages - Not Ready to Drink,US,043000041918,00043000041918,0,3.09999990463,323,GROCERY,2026-07-23,2026-06-22,,UNKNOWN,https://fdc.nal.usda.gov/fdc-app.html#/food-details/2773766/nutrients
USDA-FDC-2773767,CAMPBELL'S FROZEN ENTREE STUFFED CABBAGE ROLLS,CAMPBELL SOUP COMPANY,Vegetable Based Products / Meals,US,051000081568,00051000081568,0,208,87,CHILD_NUTRITION_FOOD_PROGRAMS|GROCERY,2026-07-23,2026-06-29,,UNKNOWN,https://fdc.nal.usda.gov/fdc-app.html#/food-details/2773767/nutrients
USDA-FDC-2773769,"Swanson 100% Natural Beef Broth, 48 oz Carton",CAMPBELL SOUP COMPANY,Herbs/Spices/Extracts,US,051000198808,00051000198808,0,235,4,GROCERY,2026-07-23,2026-06-29,,UNKNOWN,https://fdc.nal.usda.gov/fdc-app.html#/food-details/2773769/nutrients
USDA-FDC-2773771,"V8 Splash Tropical Blend Flavored Beverage, 96 fl oz Bottle (2 Pack)",CAMPBELL SOUP COMPANY,Non Alcoholic Beverages - Ready to Drink,US,051000199812,00051000199812,0,242,30,GROCERY,2026-07-23,2026-06-29,,UNKNOWN,https://fdc.nal.usda.gov/fdc-app.html#/food-details/2773771/nutrients
USDA-FDC-2773772,"V8 Energy Orange Pineapple Energy Drink, 8 fl oz Can",CAMPBELL SOUP COMPANY,Non Alcoholic Beverages - Ready to Drink,US,051000201768,00051000201768,0,241,21,GROCERY,2026-07-23,2026-06-29,,UNKNOWN,https://fdc.nal.usda.gov/fdc-app.html#/food-details/2773772/nutrients
USDA-FDC-2773773,"V8 Energy Orange Pineapple Energy Drink, 8 fl oz Can (6 Pack)",CAMPBELL SOUP COMPANY,Non Alcoholic Beverages - Ready to Drink,US,051000201959,00051000201959,0,241,21,GROCERY,2026-07-23,2026-06-29,,UNKNOWN,https://fdc.nal.usda.gov/fdc-app.html#/food-details/2773773/nutrients
USDA-FDC-2773774,"V8 Splash Orange Pineapple Flavored Beverage, 64 fl oz Bottle",CAMPBELL SOUP COMPANY,Non Alcoholic Beverages - Ready to Drink,US,051000203496,00051000203496,0,243,17,GROCERY,2026-07-23,2026-06-29,,UNKNOWN,https://fdc.nal.usda.gov/fdc-app.html#/food-details/2773774/nutrients
USDA-FDC-2773776,"Campbell's Chunky Soup, Spicy Chicken Quesadilla Soup, 18.8 oz Can",CAMPBELL SOUP COMPANY,Prepared Soups,US,051000203991,00051000203991,0,245,73,GROCERY,2026-07-23,2026-06-29,,UNKNOWN,https://fdc.nal.usda.gov/fdc-app.html#/food-details/2773776/nutrients
USDA-FDC-2773777,"V8 Original Bloody Mary Mix, 46 fl oz Bottle",CAMPBELL SOUP COMPANY,Non Alcoholic Beverages - Ready to Drink,US,051000206558,00051000206558,0,151,27,GROCERY,2026-07-23,2026-06-29,,UNKNOWN,https://fdc.nal.usda.gov/fdc-app.html#/food-details/2773777/nutrients
USDA-FDC-2773778,"V8 Spicy Hot 100% Vegetable Juice, 64 fl oz Bottle",CAMPBELL SOUP COMPANY,Non Alcoholic Beverages - Ready to Drink,US,051000207883,00051000207883,0,241,19,GROCERY,2026-07-23,2026-06-29,,UNKNOWN,https://fdc.nal.usda.gov/fdc-app.html#/food-details/2773778/nutrients
USDA-FDC-2773779,"Swanson Beef Broth, 32 oz Carton (3 Pack)",CAMPBELL SOUP COMPANY,Herbs/Spices/Extracts,US,051000211316,00051000211316,0,235,4,GROCERY,2026-07-23,2026-06-29,,UNKNOWN,https://fdc.nal.usda.gov/fdc-app.html#/food-details/2773779/nutrients
USDA-FDC-2773782,"Prego Alfredo Pasta Sauce with Roasted Garlic and Parmesan Cheese, 14.5 oz Jar",CAMPBELL SOUP COMPANY,Sauces/Spreads/Dips/Condiments,US,051000212214,00051000212214,0,61,115,GROCERY,2026-07-23,2026-06-29,,UNKNOWN,https://fdc.nal.usda.gov/fdc-app.html#/food-details/2773782/nutrients
USDA-FDC-2773783,"SpaghettiOs Original Canned Pasta, 22.4 oz Can",CAMPBELL SOUP COMPANY,Dough Based Products / Meals,US,051000212245,00051000212245,0,252,67,GROCERY,2026-07-23,2026-06-29,,UNKNOWN,https://fdc.nal.usda.gov/fdc-app.html#/food-details/2773783/nutrients
USDA-FDC-2773784,"SpaghettiOs Canned Pasta with Meatballs, 22.2 oz Can",CAMPBELL SOUP COMPANY,Dough Based Products / Meals,US,051000212252,00051000212252,0,252,83,GROCERY,2026-07-23,2026-06-29,,UNKNOWN,https://fdc.nal.usda.gov/fdc-app.html#/food-details/2773784/nutrients
USDA-FDC-2773788,"Campbell's Condensed Heart Healthy Tomato Soup, 23.2 oz Family Size Can",CAMPBELL SOUP COMPANY,Prepared Soups,US,051000212405,00051000212405,0,124,56,CHILD_NUTRITION_FOOD_PROGRAMS|GROCERY,2026-07-23,2026-06-29,,UNKNOWN,https://fdc.nal.usda.gov/fdc-app.html#/food-details/2773788/nutrients
USDA-FDC-2773790,"Swanson Vegetable Broth, 32 oz Carton",CAMPBELL SOUP COMPANY,Herbs/Spices/Extracts,US,051000198792,00051000198792,0,235,4,GROCERY,2026-07-23,2026-06-29,,UNKNOWN,https://fdc.nal.usda.gov/fdc-app.html#/food-details/2773790/nutrients
USDA-FDC-2773792,"Prego Homestyle Alfredo Pasta Sauce, 14.5 oz Jar",CAMPBELL SOUP COMPANY,Sauces/Spreads/Dips/Condiments,US,051000197597,00051000197597,0,61,131,GROCERY,2026-07-23,2026-06-29,,UNKNOWN,https://fdc.nal.usda.gov/fdc-app.html#/food-details/2773792/nutrients
USDA-FDC-2773793,"V8 Energy Peach Mango Energy Drink, 8 fl oz Can (6 Pack)",CAMPBELL SOUP COMPANY,Non Alcoholic Beverages - Ready to Drink,US,051000196255,00051000196255,0,241,21,GROCERY,2026-07-23,2026-06-29,,UNKNOWN,https://fdc.nal.usda.gov/fdc-app.html#/food-details/2773793/nutrients
USDA-FDC-2773795,"V8 Original 100% Vegetable Juice, 5.5 fl oz Can (24 Pack)",CAMPBELL SOUP COMPANY,Non Alcoholic Beverages - Ready to Drink,US,051000190697,00051000190697,0,166,18,GROCERY,2026-07-23,2026-06-29,,UNKNOWN,https://fdc.nal.usda.gov/fdc-app.html#/food-details/2773795/nutrients
USDA-FDC-2773796,"V8 Low Sodium Original 100% Vegetable Juice, 11.5 fl oz Can (28 Pack)",CAMPBELL SOUP COMPANY,Non Alcoholic Beverages - Ready to Drink,US,051000190932,00051000190932,0,347,18,GROCERY,2026-07-23,2026-06-29,,UNKNOWN,https://fdc.nal.usda.gov/fdc-app.html#/food-details/2773796/nutrients
USDA-FDC-2773797,"Pepperidge Farm Stone Baked Artisan Rolls Frozen French Rolls, 14 oz. Bag",CAMPBELL SOUP COMPANY,Bread,US,051000191144,00051000191144,0,50,240,GROCERY,2026-07-23,2026-06-29,,UNKNOWN,https://fdc.nal.usda.gov/fdc-app.html#/food-details/2773797/nutrients
USDA-FDC-2773798,"Pepperidge Farm Stone Baked Artisan Rolls Frozen Multi-Grain Rolls, 14 oz. Bag",CAMPBELL SOUP COMPANY,Bread,US,051000191151,00051000191151,0,50,260,GROCERY,2026-07-23,2026-06-29,,UNKNOWN,https://fdc.nal.usda.gov/fdc-app.html#/food-details/2773798/nutrients
USDA-FDC-2773803,"Swanson Natural Goodness Lower Sodium Chicken Broth, 32 oz Carton (3 Pack)",CAMPBELL SOUP COMPANY,Herbs/Spices/Extracts,US,051000192578,00051000192578,0,235,6,GROCERY,2026-07-23,2026-06-29,,UNKNOWN,https://fdc.nal.usda.gov/fdc-app.html#/food-details/2773803/nutrients
USDA-FDC-2773804,"Prego Three Cheese Italian Sauce, 14 oz. (12 Pack)",CAMPBELL SOUP COMPANY,Sauces/Spreads/Dips/Condiments,US,051000193025,00051000193025,0,130,46,GROCERY,2026-07-23,2026-06-29,,UNKNOWN,https://fdc.nal.usda.gov/fdc-app.html#/food-details/2773804/nutrients
USDA-FDC-2773805,"Prego Italian Tomato Pasta Sauce Flavored With Meat, 67 oz Jar",CAMPBELL SOUP COMPANY,Sauces/Spreads/Dips/Condiments,US,051000195302,00051000195302,0,130,54,GROCERY,2026-07-23,2026-06-29,,UNKNOWN,https://fdc.nal.usda.gov/fdc-app.html#/food-details/2773805/nutrients
USDA-FDC-2773806,"Prego Pizzeria Style Pizza Sauce, 14 oz Jar",CAMPBELL SOUP COMPANY,Sauces/Spreads/Dips/Condiments,US,051000195326,00051000195326,0,63,56,GROCERY,2026-07-23,2026-06-29,,UNKNOWN,https://fdc.nal.usda.gov/fdc-app.html#/food-details/2773806/nutrients
USDA-FDC-2773812,"V8 Energy Peach Mango Energy Drink, 8 fl oz Can",CAMPBELL SOUP COMPANY,Non Alcoholic Beverages - Ready to Drink,US,051000196200,00051000196200,0,241,21,GROCERY,2026-07-23,2026-06-29,,UNKNOWN,https://fdc.nal.usda.gov/fdc-app.html#/food-details/2773812/nutrients
USDA-FDC-2773813,"V8 Energy Pomegranate Blueberry Energy Drink, 8 fl oz Can",CAMPBELL SOUP COMPANY,Non Alcoholic Beverages - Ready to Drink,US,051000196217,00051000196217,0,241,21,GROCERY,2026-07-23,2026-06-29,,UNKNOWN,https://fdc.nal.usda.gov/fdc-app.html#/food-details/2773813/nutrients
USDA-FDC-2773814,"V8 Energy Pomegranate Blueberry Energy Drink, 8 fl oz Can (6 Pack)",CAMPBELL SOUP COMPANY,Non Alcoholic Beverages - Ready to Drink,US,051000196248,00051000196248,0,241,21,GROCERY,2026-07-23,2026-06-29,,UNKNOWN,https://fdc.nal.usda.gov/fdc-app.html#/food-details/2773814/nutrients
USDA-FDC-2773815,"Campbell's Condensed Cream of Chicken Soup, 10.5 oz Can (8 Pack)",CAMPBELL SOUP COMPANY,Prepared Soups,US,051000197238,00051000197238,0,124,97,GROCERY,2026-07-23,2026-06-29,,UNKNOWN,https://fdc.nal.usda.gov/fdc-app.html#/food-details/2773815/nutrients
USDA-FDC-2773816,"Campbell's Condensed Kids Soup, Paw Patrol Awesome Shapes Pasta, 10.5 oz Can",CAMPBELL SOUP COMPANY,Prepared Soups,US,051000186485,00051000186485,0,126,48,GROCERY,2026-07-23,2026-06-29,,UNKNOWN,https://fdc.nal.usda.gov/fdc-app.html#/food-details/2773816/nutrients
USDA-FDC-2773818,"Campbell's Slow Kettle Style Creamy Broccoli Cheddar Bisque, 15.5 oz Microwavable Bowl",CAMPBELL SOUP COMPANY,Prepared Soups,US,051000213303,00051000213303,0,245,69,GROCERY,2026-07-23,2026-06-29,,UNKNOWN,https://fdc.nal.usda.gov/fdc-app.html#/food-details/2773818/nutrients
USDA-FDC-2773819,"Campbell's Condensed Vegetable Beef Soup, 13.8 oz Can",CAMPBELL SOUP COMPANY,Prepared Soups,US,051000224736,00051000224736,0,126,71,GROCERY,2026-07-23,2026-06-29,,UNKNOWN,https://fdc.nal.usda.gov/fdc-app.html#/food-details/2773819/nutrients
USDA-FDC-2773821,"Campbell's Kitchen Classics Hearty Ham & Bean Soup, 14.5 oz. Can",CAMPBELL SOUP COMPANY,Prepared Soups,US,051000227492,00051000227492,0,245,65,GROCERY,2026-07-23,2026-06-29,,UNKNOWN,https://fdc.nal.usda.gov/fdc-app.html#/food-details/2773821/nutrients
USDA-FDC-2773822,"Prego Basil Pesto Sauce, 8 oz Jar",CAMPBELL SOUP COMPANY,Sauces/Spreads/Dips/Condiments,US,051000228161,00051000228161,0,56,375,GROCERY,2026-07-23,2026-06-29,,UNKNOWN,https://fdc.nal.usda.gov/fdc-app.html#/food-details/2773822/nutrients
USDA-FDC-2773823,"Swanson Organic Chicken Stock, 32 oz Carton",CAMPBELL SOUP COMPANY,Herbs/Spices/Extracts,US,051000228321,00051000228321,0,235,4,GROCERY,2026-07-23,2026-06-29,,UNKNOWN,https://fdc.nal.usda.gov/fdc-app.html#/food-details/2773823/nutrients
USDA-FDC-2773825,"Swanson Lower Sodium Chicken Broth, 32 oz Carton (6 Pack)",CAMPBELL SOUP COMPANY,Herbs/Spices/Extracts,US,051000231512,00051000231512,0,235,6,GROCERY,2026-07-23,2026-06-29,,UNKNOWN,https://fdc.nal.usda.gov/fdc-app.html#/food-details/2773825/nutrients
USDA-FDC-2773827,"Campbell's Spaghetti in Tomato Sauce with Cheese, 15.8 oz Can",CAMPBELL SOUP COMPANY,Dough Based Products / Meals,US,051000232823,00051000232823,0,252,79,GROCERY,2026-07-23,2026-06-29,,UNKNOWN,https://fdc.nal.usda.gov/fdc-app.html#/food-details/2773827/nutrients
USDA-FDC-2773828,"SpaghettiOs Original Canned Pasta, 15.8 oz Can",CAMPBELL SOUP COMPANY,Dough Based Products / Meals,US,051000232830,00051000232830,0,252,67,GROCERY,2026-07-23,2026-06-29,,UNKNOWN,https://fdc.nal.usda.gov/fdc-app.html#/food-details/2773828/nutrients
USDA-FDC-2773830,"SpaghettiOs Super Mario Bros Canned Pasta with Meatballs, 15.6 oz Can",CAMPBELL SOUP COMPANY,Dough Based Products / Meals,US,051000233158,00051000233158,0,252,83,GROCERY,2026-07-23,2026-06-29,,UNKNOWN,https://fdc.nal.usda.gov/fdc-app.html#/food-details/2773830/nutrients
USDA-FDC-2773831,"SpaghettiOs Original Canned Pasta With Paw Patrol Shapes, 15.8 oz Can",CAMPBELL SOUP COMPANY,Dough Based Products / Meals,US,051000233165,00051000233165,0,252,63,GROCERY,2026-07-23,2026-06-29,,UNKNOWN,https://fdc.nal.usda.gov/fdc-app.html#/food-details/2773831/nutrients
USDA-FDC-2773832,"SpaghettiOs A to Z's Canned Pasta with Meatballs, 15.6 oz Can",CAMPBELL SOUP COMPANY,Dough Based Products / Meals,US,051000233172,00051000233172,0,252,83,GROCERY,2026-07-23,2026-06-29,,UNKNOWN,https://fdc.nal.usda.gov/fdc-app.html#/food-details/2773832/nutrients
USDA-FDC-2773833,"SpaghettiOs Original Canned Pasta Plus Calcium, 15.8 oz Can",CAMPBELL SOUP COMPANY,Dough Based Products / Meals,US,051000233189,00051000233189,0,252,67,GROCERY,2026-07-23,2026-06-29,,UNKNOWN,https://fdc.nal.usda.gov/fdc-app.html#/food-details/2773833/nutrients
USDA-FDC-2773834,"SpaghettiOs Original Canned Pasta With Minions Shapes, 15.8 oz Can",CAMPBELL SOUP COMPANY,Dough Based Products / Meals,US,051000233196,00051000233196,0,252,67,GROCERY,2026-07-23,2026-06-29,,UNKNOWN,https://fdc.nal.usda.gov/fdc-app.html#/food-details/2773834/nutrients
USDA-FDC-2773835,"SpaghettiOs Original Disney Princess Shapes Canned Pasta, 15.8 OZ Can",CAMPBELL SOUP COMPANY,Dough Based Products / Meals,US,051000233202,00051000233202,0,252,63,GROCERY,2026-07-23,2026-06-29,,UNKNOWN,https://fdc.nal.usda.gov/fdc-app.html#/food-details/2773835/nutrients
USDA-FDC-2773836,"Campbell's Chunky Hot and Spicy Chili With Beans, 16.5 oz Can",CAMPBELL SOUP COMPANY,Prepared Soups,US,051000233387,00051000233387,0,245,102,GROCERY,2026-07-23,2026-06-29,,UNKNOWN,https://fdc.nal.usda.gov/fdc-app.html#/food-details/2773836/nutrients
USDA-FDC-2773838,"SpaghettiOs Original Canned Pasta, 15.8 oz Can (Pack of 4)",CAMPBELL SOUP COMPANY,Dough Based Products / Meals,US,051000233400,00051000233400,0,252,67,GROCERY,2026-07-23,2026-06-29,,UNKNOWN,https://fdc.nal.usda.gov/fdc-app.html#/food-details/2773838/nutrients
USDA-FDC-2773839,"Campbell's Chunky Healthy Request Split Pea Soup With Ham and Natural Smoke Flavor, 19 oz Can",CAMPBELL SOUP COMPANY,Prepared Soups,US,051000233448,00051000233448,0,245,65,GROCERY,2026-07-23,2026-06-29,,UNKNOWN,https://fdc.nal.usda.gov/fdc-app.html#/food-details/2773839/nutrients
USDA-FDC-2773841,"Campbell's Slow Kettle Style New England Clam Chowder, 15.5 oz. Tub",CAMPBELL SOUP COMPANY,Prepared Soups,US,051000213273,00051000213273,0,245,82,GROCERY,2026-07-23,2026-06-29,,UNKNOWN,https://fdc.nal.usda.gov/fdc-app.html#/food-details/2773841/nutrients
USDA-FDC-2773845,"Swanson Beef Stock, 32 oz Carton",CAMPBELL SOUP COMPANY,Herbs/Spices/Extracts,US,051000214454,00051000214454,0,235,9,GROCERY,2026-07-23,2026-06-29,,UNKNOWN,https://fdc.nal.usda.gov/fdc-app.html#/food-details/2773845/nutrients
USDA-FDC-2773846,"Swanson 100% Natural Chicken Stock, 32 oz Carton",CAMPBELL SOUP COMPANY,Herbs/Spices/Extracts,US,051000214461,00051000214461,0,235,4,GROCERY,2026-07-23,2026-06-29,,UNKNOWN,https://fdc.nal.usda.gov/fdc-app.html#/food-details/2773846/nutrients
USDA-FDC-2773847,"Swanson Unsalted Beef Stock, 32 Oz Carton",CAMPBELL SOUP COMPANY,Herbs/Spices/Extracts,US,051000214492,00051000214492,0,235,9,GROCERY,2026-07-23,2026-06-29,,UNKNOWN,https://fdc.nal.usda.gov/fdc-app.html#/food-details/2773847/nutrients
USDA-FDC-2773848,"Swanson Unsalted Chicken Stock, 32 oz Carton",CAMPBELL SOUP COMPANY,Herbs/Spices/Extracts,US,051000214508,00051000214508,0,235,11,GROCERY,2026-07-23,2026-06-29,,UNKNOWN,https://fdc.nal.usda.gov/fdc-app.html#/food-details/2773848/nutrients
USDA-FDC-2773849,"Swanson Vegetable Stock, 32 oz Carton",CAMPBELL SOUP COMPANY,Herbs/Spices/Extracts,US,051000214515,00051000214515,0,235,4,GROCERY,2026-07-23,2026-06-29,,UNKNOWN,https://fdc.nal.usda.gov/fdc-app.html#/food-details/2773849/nutrients
USDA-FDC-2773850,"Campbell's Slow Kettle Style Roasted Chicken Noodle Soup With White Meat Chicken, 15.5 oz Bowl",CAMPBELL SOUP COMPANY,Prepared Soups,US,051000215338,00051000215338,0,245,37,GROCERY,2026-07-23,2026-06-29,,UNKNOWN,https://fdc.nal.usda.gov/fdc-app.html#/food-details/2773850/nutrients
USDA-FDC-2773852,"V8 Splash Mango Peach Flavored Beverage, 12 fl oz Bottle",CAMPBELL SOUP COMPANY,Non Alcoholic Beverages - Ready to Drink,US,051000217691,00051000217691,0,360,17,GROCERY,2026-07-23,2026-06-29,,UNKNOWN,https://fdc.nal.usda.gov/fdc-app.html#/food-details/2773852/nutrients
USDA-FDC-2773853,"V8 Splash Tropical Blend Flavored Beverage, 12 fl oz Bottle",CAMPBELL SOUP COMPANY,Non Alcoholic Beverages - Ready to Drink,US,051000217745,00051000217745,0,360,17,GROCERY,2026-07-23,2026-06-29,,UNKNOWN,https://fdc.nal.usda.gov/fdc-app.html#/food-details/2773853/nutrients
USDA-FDC-2773854,"Campbell's Chunky Chili Mac Soup, 18.8 oz Can",CAMPBELL SOUP COMPANY,Prepared Soups,US,051000218865,00051000218865,0,245,82,GROCERY,2026-07-23,2026-06-30,,UNKNOWN,https://fdc.nal.usda.gov/fdc-app.html#/food-details/2773854/nutrients
USDA-FDC-2773856,"V8 Energy Black Cherry Energy Drink, 8 fl oz Can (6 Pack)",CAMPBELL SOUP COMPANY,Non Alcoholic Beverages - Ready to Drink,US,051000218902,00051000218902,0,241,21,GROCERY,2026-07-23,2026-06-29,,UNKNOWN,https://fdc.nal.usda.gov/fdc-app.html#/food-details/2773856/nutrients
USDA-FDC-2773858,"V8 Splash Watermelon Cherry Beverage, 64 fl oz Bottle",CAMPBELL SOUP COMPANY,Non Alcoholic Beverages - Ready to Drink,US,051000221957,00051000221957,0,243,17,GROCERY,2026-07-23,2026-06-29,,UNKNOWN,https://fdc.nal.usda.gov/fdc-app.html#/food-details/2773858/nutrients
USDA-FDC-2773859,"Prego Alfredo Sauce with Roasted Garlic and Parmesan Cheese, 22 oz Jar",CAMPBELL SOUP COMPANY,Sauces/Spreads/Dips/Condiments,US,051000222114,00051000222114,0,61,115,GROCERY,2026-07-23,2026-06-29,,UNKNOWN,https://fdc.nal.usda.gov/fdc-app.html#/food-details/2773859/nutrients
USDA-FDC-2773860,"Prego Homestyle Alfredo Pasta Sauce, 22 oz Jar",CAMPBELL SOUP COMPANY,Sauces/Spreads/Dips/Condiments,US,051000222121,00051000222121,0,61,131,GROCERY,2026-07-23,2026-06-29,,UNKNOWN,https://fdc.nal.usda.gov/fdc-app.html#/food-details/2773860/nutrients
USDA-FDC-2773861,"Campbell's Pork and Beans, 14.8 oz Can",CAMPBELL SOUP COMPANY,Vegetables - Prepared/Processed,US,051000224392,00051000224392,0,130,108,GROCERY,2026-07-23,2026-06-29,,UNKNOWN,https://fdc.nal.usda.gov/fdc-app.html#/food-details/2773861/nutrients
USDA-FDC-2773863,"Swanson Unsalted Chicken Broth, 32 oz Carton",CAMPBELL SOUP COMPANY,Herbs/Spices/Extracts,US,051000224637,00051000224637,0,235,4,GROCERY,2026-07-23,2026-06-29,,UNKNOWN,https://fdc.nal.usda.gov/fdc-app.html#/food-details/2773863/nutrients
USDA-FDC-2773864,"Swanson Unsalted Beef Broth, 32 oz Carton",CAMPBELL SOUP COMPANY,Herbs/Spices/Extracts,US,051000224644,00051000224644,0,235,6,GROCERY,2026-07-23,2026-06-29,,UNKNOWN,https://fdc.nal.usda.gov/fdc-app.html#/food-details/2773864/nutrients
USDA-FDC-2773866,"V8 Spicy Hot 100% Vegetable Juice, 11.5 fl oz Can (6 Pack)",CAMPBELL SOUP COMPANY,Non Alcoholic Beverages - Ready to Drink,US,051000185969,00051000185969,0,347,18,GROCERY,2026-07-23,2026-06-29,,UNKNOWN,https://fdc.nal.usda.gov/fdc-app.html#/food-details/2773866/nutrients
USDA-FDC-2773867,"V8 Original 100% Vegetable Juice, 11.5 fl oz Can (28 Pack)",CAMPBELL SOUP COMPANY,Non Alcoholic Beverages - Ready to Drink,US,051000185600,00051000185600,0,347,18,GROCERY,2026-07-23,2026-06-29,,UNKNOWN,https://fdc.nal.usda.gov/fdc-app.html#/food-details/2773867/nutrients
USDA-FDC-2773868,"Campbell's Homestyle Chicken Noodle Soup, 15.4 oz Microwavable Bowl",CAMPBELL SOUP COMPANY,Prepared Soups,US,051000180643,00051000180643,0,245,29,GROCERY,2026-07-23,2026-06-29,,UNKNOWN,https://fdc.nal.usda.gov/fdc-app.html#/food-details/2773868/nutrients
USDA-FDC-2773869,"V8 Splash Tropical Blend Flavored Beverage, 64 fl oz Bottle (2 Pack)",CAMPBELL SOUP COMPANY,Non Alcoholic Beverages - Ready to Drink,US,051000127051,00051000127051,0,243,17,GROCERY,2026-07-23,2026-06-29,,UNKNOWN,https://fdc.nal.usda.gov/fdc-app.html#/food-details/2773869/nutrients
USDA-FDC-2773870,"V8 Splash Berry Blend Flavored Beverage, 64 fl oz Bottle",CAMPBELL SOUP COMPANY,Non Alcoholic Beverages - Ready to Drink,US,051000127112,00051000127112,0,240,17,GROCERY,2026-07-23,2026-06-29,,UNKNOWN,https://fdc.nal.usda.gov/fdc-app.html#/food-details/2773870/nutrients
USDA-FDC-2773871,"V8 Splash Strawberry Kiwi Flavored Beverage, 64 fl oz Bottle",CAMPBELL SOUP COMPANY,Non Alcoholic Beverages - Ready to Drink,US,051000127730,00051000127730,0,243,17,GROCERY,2026-07-23,2026-06-29,,UNKNOWN,https://fdc.nal.usda.gov/fdc-app.html#/food-details/2773871/nutrients
USDA-FDC-2773873,"Campbell's Chunky Soup, Baked Potato with Steak and Cheese Soup, 18.8 oz Can",CAMPBELL SOUP COMPANY,Prepared Soups,US,051000128423,00051000128423,0,245,82,GROCERY,2026-07-23,2026-06-29,,UNKNOWN,https://fdc.nal.usda.gov/fdc-app.html#/food-details/2773873/nutrients
USDA-FDC-2773874,"Prego Italian Tomato Pasta Sauce with Roasted Garlic & Herbs, 24 oz Jar",CAMPBELL SOUP COMPANY,Sauces/Spreads/Dips/Condiments,US,051000129109,00051000129109,0,130,54,GROCERY,2026-07-23,2026-06-29,,UNKNOWN,https://fdc.nal.usda.gov/fdc-app.html#/food-details/2773874/nutrients
USDA-FDC-2773875,"Prego Italian Sausage and Garlic Meat Sauce, 23.5 oz Jar",CAMPBELL SOUP COMPANY,Sauces/Spreads/Dips/Condiments,US,051000129116,00051000129116,0,130,62,GROCERY,2026-07-23,2026-06-29,,UNKNOWN,https://fdc.nal.usda.gov/fdc-app.html#/food-details/2773875/nutrients
USDA-FDC-2773877,"Campbell's Condensed Tomato Soup, 10.75 oz Can (4 Pack)",CAMPBELL SOUP COMPANY,Prepared Soups,US,051000129390,00051000129390,0,124,73,GROCERY,2026-07-23,2026-06-29,,UNKNOWN,https://fdc.nal.usda.gov/fdc-app.html#/food-details/2773877/nutrients
USDA-FDC-2773879,"V8 Splash Fruit Medley Flavored Beverage, 64 fl oz Bottle",CAMPBELL SOUP COMPANY,Non Alcoholic Beverages - Ready to Drink,US,051000130624,00051000130624,0,243,17,GROCERY,2026-07-23,2026-06-29,,UNKNOWN,https://fdc.nal.usda.gov/fdc-app.html#/food-details/2773879/nutrients
USDA-FDC-2773880,"Swanson 33% Less Sodium Chicken Broth, 32 oz Carton",CAMPBELL SOUP COMPANY,Herbs/Spices/Extracts,US,051000132796,00051000132796,0,235,6,GROCERY,2026-07-23,2026-06-29,,UNKNOWN,https://fdc.nal.usda.gov/fdc-app.html#/food-details/2773880/nutrients
USDA-FDC-2773881,"Prego Mini-Meatball Pasta Sauce, 24 oz Jar",CAMPBELL SOUP COMPANY,Sauces/Spreads/Dips/Condiments,US,051000132819,00051000132819,0,130,62,GROCERY,2026-07-23,2026-06-29,,UNKNOWN,https://fdc.nal.usda.gov/fdc-app.html#/food-details/2773881/nutrients
USDA-FDC-2773883,"V8 Spicy Hot 100% Vegetable Juice, 12 fl oz Bottle",CAMPBELL SOUP COMPANY,Non Alcoholic Beverages - Ready to Drink,US,051000138019,00051000138019,0,362,17,GROCERY,2026-07-23,2026-06-29,,UNKNOWN,https://fdc.nal.usda.gov/fdc-app.html#/food-details/2773883/nutrients
USDA-FDC-2773884,"V8 Original 100% Vegetable Juice, 12 fl oz Bottle",CAMPBELL SOUP COMPANY,Non Alcoholic Beverages - Ready to Drink,US,051000138033,00051000138033,0,362,17,GROCERY,2026-07-23,2026-06-29,,UNKNOWN,https://fdc.nal.usda.gov/fdc-app.html#/food-details/2773884/nutrients
USDA-FDC-2773886,"Swanson Chicken Broth, 14.5 oz Can (12 Pack)",CAMPBELL SOUP COMPANY,Herbs/Spices/Extracts,US,051000140685,00051000140685,0,235,4,GROCERY,2026-07-23,2026-06-29,,UNKNOWN,https://fdc.nal.usda.gov/fdc-app.html#/food-details/2773886/nutrients
USDA-FDC-2773887,PEPPERIDGE FARM TOAST SLICES GARLIC,CAMPBELL SOUP COMPANY,Bread,US,051000140845,00051000140845,0,40,375,GROCERY,2026-07-23,2026-06-24,,UNKNOWN,https://fdc.nal.usda.gov/fdc-app.html#/food-details/2773887/nutrients
USDA-FDC-2773890,"V8 Original 100% Vegetable Juice, 64 fl oz Bottle (2 Pack)",CAMPBELL SOUP COMPANY,Non Alcoholic Beverages - Ready to Drink,US,051000126535,00051000126535,0,241,19,GROCERY,2026-07-23,2026-06-29,,UNKNOWN,https://fdc.nal.usda.gov/fdc-app.html#/food-details/2773890/nutrients
USDA-FDC-2773891,"Campbell's Chunky Soup, Creamy Chicken and Dumplings Soup, 18.8 Oz Can",CAMPBELL SOUP COMPANY,Prepared Soups,US,051000142931,00051000142931,0,245,69,GROCERY,2026-07-23,2026-06-30,,UNKNOWN,https://fdc.nal.usda.gov/fdc-app.html#/food-details/2773891/nutrients
USDA-FDC-2773892,"V8 Splash Tropical Blend Flavored Beverage, 64 fl oz Bottle",CAMPBELL SOUP COMPANY,Non Alcoholic Beverages - Ready to Drink,US,051000125736,00051000125736,0,243,17,GROCERY,2026-07-23,2026-06-29,,UNKNOWN,https://fdc.nal.usda.gov/fdc-app.html#/food-details/2773892/nutrients
USDA-FDC-2773896,CAMPBELL'S CULINARY RESERVE FROZEN CONDENSED SOUP MINESTRONE,CAMPBELL SOUP COMPANY,Prepared Soups,US,051000081674,00051000081674,0,126,56,CHILD_NUTRITION_FOOD_PROGRAMS|GROCERY,2026-07-23,2026-06-29,,UNKNOWN,https://fdc.nal.usda.gov/fdc-app.html#/food-details/2773896/nutrients
USDA-FDC-2773899,"Prego Italian Tomato Sauce with Basil & Garlic, 24 oz Jar",CAMPBELL SOUP COMPANY,Sauces/Spreads/Dips/Condiments,US,051000093240,00051000093240,0,125,48,GROCERY,2026-07-23,2026-06-29,,UNKNOWN,https://fdc.nal.usda.gov/fdc-app.html#/food-details/2773899/nutrients
USDA-FDC-2773900,SWANSON BROTH CLEAR CHICKEN,CAMPBELL SOUP COMPANY,Prepared Soups,US,051000097729,00051000097729,0,235,4,GROCERY,2026-07-23,2026-06-29,,UNKNOWN,https://fdc.nal.usda.gov/fdc-app.html#/food-details/2773900/nutrients
USDA-FDC-2773901,CAMPBELL'S GRAVY TURKEY,CAMPBELL SOUP COMPANY,Sauces/Spreads/Dips/Condiments,US,051000100610,00051000100610,0,60,50,GROCERY,2026-07-23,2026-06-29,,UNKNOWN,https://fdc.nal.usda.gov/fdc-app.html#/food-details/2773901/nutrients
USDA-FDC-2773905,"Prego Pasta Sauce, Italian Tomato Sauce with Roasted Garlic & Parmesan Cheese, 24 oz Jar",CAMPBELL SOUP COMPANY,Sauces/Spreads/Dips/Condiments,US,051000105462,00051000105462,0,130,46,GROCERY,2026-07-23,2026-06-29,,UNKNOWN,https://fdc.nal.usda.gov/fdc-app.html#/food-details/2773905/nutrients
USDA-FDC-2773906,PEPPERIDGE FARM BREAD GARLIC,CAMPBELL SOUP COMPANY,Bread,US,051000108197,00051000108197,0,50,360,GROCERY,2026-07-23,2026-06-24,,UNKNOWN,https://fdc.nal.usda.gov/fdc-app.html#/food-details/2773906/nutrients
USDA-FDC-2773908,"Campbell's Pork and Beans, 11 oz Can",CAMPBELL SOUP COMPANY,Vegetables - Prepared/Processed,US,051000112859,00051000112859,0,130,108,GROCERY,2026-07-23,2026-06-29,,UNKNOWN,https://fdc.nal.usda.gov/fdc-app.html#/food-details/2773908/nutrients
USDA-FDC-2773909,"Campbell's Condensed 98% Fat Free Cream of Mushroom Soup, 10.5 oz Can",CAMPBELL SOUP COMPANY,Prepared Soups,US,051000115515,00051000115515,0,124,48,GROCERY,2026-07-23,2026-06-29,,UNKNOWN,https://fdc.nal.usda.gov/fdc-app.html#/food-details/2773909/nutrients
USDA-FDC-2773912,"Swanson Chicken Broth, 32 oz Carton",CAMPBELL SOUP COMPANY,Herbs/Spices/Extracts,US,051000121141,00051000121141,0,235,4,GROCERY,2026-07-23,2026-06-29,,UNKNOWN,https://fdc.nal.usda.gov/fdc-app.html#/food-details/2773912/nutrients
USDA-FDC-2773913,"V8 Spicy Hot 100% Vegetable Juice, 46 fl oz Bottle",CAMPBELL SOUP COMPANY,Non Alcoholic Beverages - Ready to Drink,US,051000121561,00051000121561,0,241,19,GROCERY,2026-07-23,2026-06-29,,UNKNOWN,https://fdc.nal.usda.gov/fdc-app.html#/food-details/2773913/nutrients
USDA-FDC-2773914,"V8 Low Sodium Original 100% Vegetable Juice, 46 fl oz Bottle",CAMPBELL SOUP COMPANY,Non Alcoholic Beverages - Ready to Drink,US,051000121578,00051000121578,0,241,19,GROCERY,2026-07-23,2026-06-29,,UNKNOWN,https://fdc.nal.usda.gov/fdc-app.html#/food-details/2773914/nutrients
USDA-FDC-2773915,"Campbell's Condensed Cream of Chicken Soup With Herbs, 10.5 oz Can",CAMPBELL SOUP COMPANY,Prepared Soups,US,051000123275,00051000123275,0,124,97,GROCERY,2026-07-23,2026-06-29,,UNKNOWN,https://fdc.nal.usda.gov/fdc-app.html#/food-details/2773915/nutrients
USDA-FDC-2773916,"Swanson 50% Less Sodium Beef Broth, 32 oz Carton",CAMPBELL SOUP COMPANY,Herbs/Spices/Extracts,US,051000142962,00051000142962,0,235,4,GROCERY,2026-07-23,2026-06-29,,UNKNOWN,https://fdc.nal.usda.gov/fdc-app.html#/food-details/2773916/nutrients
USDA-FDC-2773917,"Swanson 50% Less Sodium Beef Broth, 14.5 oz Can",CAMPBELL SOUP COMPANY,Herbs/Spices/Extracts,US,051000142979,00051000142979,0,235,4,GROCERY,2026-07-23,2026-06-29,,UNKNOWN,https://fdc.nal.usda.gov/fdc-app.html#/food-details/2773917/nutrients
USDA-FDC-2773918,PEPPERIDGE FARM BREAD DINNER ROLLS,CAMPBELL SOUP COMPANY,Bread,US,051000143907,00051000143907,0,38,289,GROCERY,2026-07-23,2026-06-24,,UNKNOWN,https://fdc.nal.usda.gov/fdc-app.html#/food-details/2773918/nutrients
USDA-FDC-2773921,"Campbell's Chunky Healthy Request New England Clam Chowder Soup, 18.8 oz Can",CAMPBELL SOUP COMPANY,Prepared Soups,US,051000167774,00051000167774,0,245,53,GROCERY,2026-07-23,2026-06-29,,UNKNOWN,https://fdc.nal.usda.gov/fdc-app.html#/food-details/2773921/nutrients
USDA-FDC-2773924,"Swanson Chicken Broth, 48 oz Carton",CAMPBELL SOUP COMPANY,Herbs/Spices/Extracts,US,051000168870,00051000168870,0,235,4,GROCERY,2026-07-23,2026-06-29,,UNKNOWN,https://fdc.nal.usda.gov/fdc-app.html#/food-details/2773924/nutrients
USDA-FDC-2773925,"Swanson Natural Goodness Chicken Broth, 48 oz Carton",CAMPBELL SOUP COMPANY,Herbs/Spices/Extracts,US,051000168887,00051000168887,0,235,6,GROCERY,2026-07-23,2026-06-29,,UNKNOWN,https://fdc.nal.usda.gov/fdc-app.html#/food-details/2773925/nutrients
USDA-FDC-2773926,"Campbell's Condensed Cream of Mushroom Soup, 10.5 oz Can (12 Pack)",CAMPBELL SOUP COMPANY,Prepared Soups,US,051000168948,00051000168948,0,124,81,GROCERY,2026-07-23,2026-06-29,,UNKNOWN,https://fdc.nal.usda.gov/fdc-app.html#/food-details/2773926/nutrients
USDA-FDC-2773927,"V8 Pomegranate Blueberry 100% Fruit and Vegetable Juice, 46 fl oz Bottle",CAMPBELL SOUP COMPANY,Non Alcoholic Beverages - Ready to Drink,US,051000169839,00051000169839,0,246,38,GROCERY,2026-07-23,2026-06-29,,UNKNOWN,https://fdc.nal.usda.gov/fdc-app.html#/food-details/2773927/nutrients
USDA-FDC-2773928,"V8 Low Sodium Original 100% Vegetable Juice, 11.5 fl oz Can",CAMPBELL SOUP COMPANY,Non Alcoholic Beverages - Ready to Drink,US,051000170859,00051000170859,0,347,18,GROCERY,2026-07-23,2026-06-29,,UNKNOWN,https://fdc.nal.usda.gov/fdc-app.html#/food-details/2773928/nutrients
USDA-FDC-2773929,"V8 Low Sodium Original 100% Vegetable Juice, 11.5 fl oz Can (6 Pack)",CAMPBELL SOUP COMPANY,Non Alcoholic Beverages - Ready to Drink,US,051000171009,00051000171009,0,347,18,GROCERY,2026-07-23,2026-06-29,,UNKNOWN,https://fdc.nal.usda.gov/fdc-app.html#/food-details/2773929/nutrients
USDA-FDC-2773930,"Prego Traditional Lower Sodium Pasta Sauce, 23.5 oz Jar",CAMPBELL SOUP COMPANY,Sauces/Spreads/Dips/Condiments,US,051000173454,00051000173454,0,130,54,GROCERY,2026-07-23,2026-06-29,,UNKNOWN,https://fdc.nal.usda.gov/fdc-app.html#/food-details/2773930/nutrients
USDA-FDC-2773931,"Pepperidge Farm Lemon Frozen, 19.6 Oz Box",CAMPBELL SOUP COMPANY,Sweet Bakery Products,US,051000174239,00051000174239,0,69,362,GROCERY,2026-07-23,2026-06-29,,UNKNOWN,https://fdc.nal.usda.gov/fdc-app.html#/food-details/2773931/nutrients
USDA-FDC-2773933,"Campbell's Slow Kettle Style Southwest-Style Chicken Chili with Beans and White Meat Chicken, 15.7 oz Microwavable Bowl",CAMPBELL SOUP COMPANY,Prepared Soups,US,051000176394,00051000176394,0,245,73,GROCERY,2026-07-23,2026-06-29,,UNKNOWN,https://fdc.nal.usda.gov/fdc-app.html#/food-details/2773933/nutrients
USDA-FDC-2773934,"V8 Acai Mixed Berry 100% Fruit and Vegetable Juice, 46 fl oz Bottle",CAMPBELL SOUP COMPANY,Non Alcoholic Beverages - Ready to Drink,US,051000176820,00051000176820,0,245,38,GROCERY,2026-07-23,2026-06-29,,UNKNOWN,https://fdc.nal.usda.gov/fdc-app.html#/food-details/2773934/nutrients
USDA-FDC-2773935,"Swanson 33% Less Sodium Chicken Broth, 14.5 oz Can (Pack of 12)",CAMPBELL SOUP COMPANY,Herbs/Spices/Extracts,US,051000178336,00051000178336,0,235,6,GROCERY,2026-07-23,2026-06-29,,UNKNOWN,https://fdc.nal.usda.gov/fdc-app.html#/food-details/2773935/nutrients
USDA-FDC-2773936,"V8 High Fiber Original 100% Vegetable Juice, 46 fl oz Bottle",CAMPBELL SOUP COMPANY,Non Alcoholic Beverages - Ready to Drink,US,051000178619,00051000178619,0,241,25,GROCERY,2026-07-23,2026-06-29,,UNKNOWN,https://fdc.nal.usda.gov/fdc-app.html#/food-details/2773936/nutrients
USDA-FDC-2773938,"Campbell's Chunky Healthy Request Sirloin Burger with Country Vegetables Soup, 18.8 oz Can",CAMPBELL SOUP COMPANY,Prepared Soups,US,051000180346,00051000180346,0,245,49,GROCERY,2026-07-23,2026-06-30,,UNKNOWN,https://fdc.nal.usda.gov/fdc-app.html#/food-details/2773938/nutrients
USDA-FDC-2773939,"Campbell's Chunky Soup, Healthy Request Chicken Corn Chowder Soup, 18.8 Oz Can",CAMPBELL SOUP COMPANY,Prepared Soups,US,051000180353,00051000180353,0,245,57,GROCERY,2026-07-23,2026-06-29,2026-09-01,FUTURE_DISCONTINUATION_DATE,https://fdc.nal.usda.gov/fdc-app.html#/food-details/2773939/nutrients
USDA-FDC-2773943,"Campbell's Creamy Tomato Soup, 15.4 oz Microwavable Bowl",CAMPBELL SOUP COMPANY,Prepared Soups,US,051000164612,00051000164612,0,245,65,GROCERY,2026-07-23,2026-06-29,,UNKNOWN,https://fdc.nal.usda.gov/fdc-app.html#/food-details/2773943/nutrients
USDA-FDC-2773944,"V8 Original 100% Vegetable Juice, 12 fl oz Bottle (12 Pack)",CAMPBELL SOUP COMPANY,Non Alcoholic Beverages - Ready to Drink,US,051000143914,00051000143914,0,362,17,GROCERY,2026-07-23,2026-06-29,,UNKNOWN,https://fdc.nal.usda.gov/fdc-app.html#/food-details/2773944/nutrients
USDA-FDC-2773945,"V8 Splash Diet Berry Blend Flavored Beverage, 64 fl oz Bottle",CAMPBELL SOUP COMPANY,Non Alcoholic Beverages - Ready to Drink,US,051000144126,00051000144126,0,237,2,GROCERY,2026-07-23,2026-06-29,,UNKNOWN,https://fdc.nal.usda.gov/fdc-app.html#/food-details/2773945/nutrients
USDA-FDC-2773946,"V8 Splash Diet Tropical Blend Flavored Beverage, 64 fl oz Bottle",CAMPBELL SOUP COMPANY,Non Alcoholic Beverages - Ready to Drink,US,051000144263,00051000144263,0,237,2,GROCERY,2026-07-23,2026-06-29,,UNKNOWN,https://fdc.nal.usda.gov/fdc-app.html#/food-details/2773946/nutrients
USDA-FDC-2773947,"Swanson Beef Broth, 32 oz Carton",CAMPBELL SOUP COMPANY,Herbs/Spices/Extracts,US,051000146045,00051000146045,0,235,4,GROCERY,2026-07-23,2026-06-29,,UNKNOWN,https://fdc.nal.usda.gov/fdc-app.html#/food-details/2773947/nutrients
USDA-FDC-2773948,"V8 Splash Berry Blend Flavored Beverage, 16 fl oz Bottle",CAMPBELL SOUP COMPANY,Non Alcoholic Beverages - Ready to Drink,US,051000146533,00051000146533,0,480,17,GROCERY,2026-07-23,2026-06-29,,UNKNOWN,https://fdc.nal.usda.gov/fdc-app.html#/food-details/2773948/nutrients
USDA-FDC-2773949,"V8 Splash Tropical Blend Flavored Beverage, 16 fl oz Bottle",CAMPBELL SOUP COMPANY,Non Alcoholic Beverages - Ready to Drink,US,051000146540,00051000146540,0,485,17,GROCERY,2026-07-23,2026-06-29,,UNKNOWN,https://fdc.nal.usda.gov/fdc-app.html#/food-details/2773949/nutrients
USDA-FDC-2773950,"V8 Splash Strawberry Kiwi Flavored Juice Beverage, 16 fl oz Bottle",CAMPBELL SOUP COMPANY,Non Alcoholic Beverages - Ready to Drink,US,051000146557,00051000146557,0,480,17,GROCERY,2026-07-23,2026-06-29,,UNKNOWN,https://fdc.nal.usda.gov/fdc-app.html#/food-details/2773950/nutrients
USDA-FDC-2773951,"V8 Splash Fruit Medley Flavored Juice Beverage, 16 fl oz Bottle",CAMPBELL SOUP COMPANY,Non Alcoholic Beverages - Ready to Drink,US,051000146632,00051000146632,0,480,17,GROCERY,2026-07-23,2026-06-29,,UNKNOWN,https://fdc.nal.usda.gov/fdc-app.html#/food-details/2773951/nutrients
USDA-FDC-2773952,"Campbell's Low Sodium 100% Tomato Juice, 64 fl oz Bottle",CAMPBELL SOUP COMPANY,Non Alcoholic Beverages - Ready to Drink,US,051000147561,00051000147561,0,241,21,GROCERY,2026-07-23,2026-06-29,,UNKNOWN,https://fdc.nal.usda.gov/fdc-app.html#/food-details/2773952/nutrients
USDA-FDC-2773957,"V8 Splash Mango Peach Flavored Beverage, 64 fl oz Bottle",CAMPBELL SOUP COMPANY,Non Alcoholic Beverages - Ready to Drink,US,051000152770,00051000152770,0,243,17,GROCERY,2026-07-23,2026-06-29,,UNKNOWN,https://fdc.nal.usda.gov/fdc-app.html#/food-details/2773957/nutrients
USDA-FDC-2773958,"V8 Low Sodium Original 100% Vegetable Juice, 64 fl oz Bottle",CAMPBELL SOUP COMPANY,Non Alcoholic Beverages - Ready to Drink,US,051000152787,00051000152787,0,241,19,GROCERY,2026-07-23,2026-06-29,,UNKNOWN,https://fdc.nal.usda.gov/fdc-app.html#/food-details/2773958/nutrients
USDA-FDC-2773959,"Campbell's Condensed Spicy Nacho Cheese Soup, 10.75 oz Can",CAMPBELL SOUP COMPANY,Prepared Soups,US,051000152831,00051000152831,0,124,56,GROCERY,2026-07-23,2026-06-29,,UNKNOWN,https://fdc.nal.usda.gov/fdc-app.html#/food-details/2773959/nutrients
USDA-FDC-2773960,"V8 Strawberry Banana 100% Fruit and Vegetable Juice, 46 fl oz Bottle",CAMPBELL SOUP COMPANY,Non Alcoholic Beverages - Ready to Drink,US,051000153395,00051000153395,0,245,38,GROCERY,2026-07-23,2026-06-29,,UNKNOWN,https://fdc.nal.usda.gov/fdc-app.html#/food-details/2773960/nutrients
USDA-FDC-2773961,"V8 Peach Mango 100% Fruit and Vegetable Juice, 46 fl oz Bottle",CAMPBELL SOUP COMPANY,Non Alcoholic Beverages - Ready to Drink,US,051000153418,00051000153418,0,245,38,GROCERY,2026-07-23,2026-06-29,,UNKNOWN,https://fdc.nal.usda.gov/fdc-app.html#/food-details/2773961/nutrients
USDA-FDC-2773964,"Swanson Organic Chicken Broth, 32 oz Carton",CAMPBELL SOUP COMPANY,Herbs/Spices/Extracts,US,051000156341,00051000156341,0,235,4,GROCERY,2026-07-23,2026-06-29,,UNKNOWN,https://fdc.nal.usda.gov/fdc-app.html#/food-details/2773964/nutrients
USDA-FDC-2773968,"Crystal Light Drink Mix, 10 Packets, for Convenient On-the-Go Flavorful Hydration, Naturally Flavored Pink Lemonade with other natural flavor, Zero Sugar, 1.3 oz",Kraft Foods Inc.,Non Alcoholic Beverages - Not Ready to Drink,US,043000028865,00043000028865,0,3.68000006676,272,GROCERY,2026-07-23,2026-06-23,,UNKNOWN,https://fdc.nal.usda.gov/fdc-app.html#/food-details/2773968/nutrients
USDA-FDC-2773969,"Crystal Light Drink Mix, 1 Packet, for Convenient On-the-Go Flavorful Hydration, Raspberry Lemonade Artificial Flavor, Zero Sugar, 0.08 oz",Kraft Foods Inc.,Non Alcoholic Beverages - Not Ready to Drink,US,043000005187,00043000005187,0,2.26799988747,220,GROCERY,2026-07-23,2026-06-22,,UNKNOWN,https://fdc.nal.usda.gov/fdc-app.html#/food-details/2773969/nutrients
USDA-FDC-2773970,Kellogg's Klg Cracker Packs Cheese & Peanut Butter 1.8oz,Kellogg Company US,Biscuits/Cookies,US,030100125150,00030100125150,0,51,490,CONVENIENCE|GROCERY|ONLINE|VENDING,2026-07-23,2026-06-09,,UNKNOWN,https://fdc.nal.usda.gov/fdc-app.html#/food-details/2773970/nutrients
USDA-FDC-2773971,Kellogg's Klg Cracker Packs Toast & Peanut Butter 1.8oz,Kellogg Company US,Biscuits/Cookies,US,030100125181,00030100125181,0,51,490,CONVENIENCE|GROCERY|ONLINE|VENDING,2026-07-23,2026-06-09,,UNKNOWN,https://fdc.nal.usda.gov/fdc-app.html#/food-details/2773971/nutrients
USDA-FDC-2773972,Kellogg's Klg Cracker Packs Club & Cheddar 1.8oz,Kellogg Company US,Biscuits/Cookies,US,030100125211,00030100125211,0,51,490,CONVENIENCE|GROCERY|ONLINE|VENDING,2026-07-23,2026-06-09,,UNKNOWN,https://fdc.nal.usda.gov/fdc-app.html#/food-details/2773972/nutrients
USDA-FDC-2773973,Kellogg's Klg Cracker Packs Club & Cheddar 21.6oz,Kellogg Company US,Biscuits/Cookies,US,030100211631,00030100211631,0,51,490,CONVENIENCE|GROCERY|ONLINE|VENDING,2026-07-23,2026-06-09,,UNKNOWN,https://fdc.nal.usda.gov/fdc-app.html#/food-details/2773973/nutrients
USDA-FDC-2773974,Kellogg's Klg Cracker Packs Cheese & Peanut Butter 21.6oz,Kellogg Company US,Biscuits/Cookies,US,030100211655,00030100211655,0,51,490,CONVENIENCE|GROCERY|ONLINE|VENDING,2026-07-23,2026-06-09,,UNKNOWN,https://fdc.nal.usda.gov/fdc-app.html#/food-details/2773974/nutrients
USDA-FDC-2773975,Kellogg's Klg Cracker Packs Toast & Peanut Butter 21.6oz,Kellogg Company US,Biscuits/Cookies,US,030100211679,00030100211679,0,51,490,CONVENIENCE|GROCERY|ONLINE|VENDING,2026-07-23,2026-06-09,,UNKNOWN,https://fdc.nal.usda.gov/fdc-app.html#/food-details/2773975/nutrients
USDA-FDC-2773976,Kellogg's Klg Cracker Packs Cheddar 11oz,Kellogg Company US,Biscuits/Cookies,US,030100472414,00030100472414,0,39,487,FOOD_SERVICE|GROCERY|ONLINE,2026-07-23,2026-06-09,,UNKNOWN,https://fdc.nal.usda.gov/fdc-app.html#/food-details/2773976/nutrients
USDA-FDC-2774009,NESTLE TOLL HOUSE Milk Chocolate & Peanut Butter Flavored Baking Chips 11oz Bag,Société des Produits Nestlé S.A.,Baking/Cooking Mixes/Supplies,US,028000210403,00028000210403,0,14,571,GROCERY,2026-07-23,2026-06-15,,UNKNOWN,https://fdc.nal.usda.gov/fdc-app.html#/food-details/2774009/nutrients
USDA-FDC-2774010,NESTLE TOLL HOUSE Semi-Sweet Chocolate Morsels 36 oz. Bag,Société des Produits Nestlé S.A.,Baking/Cooking Mixes/Supplies,US,028000303976,00028000303976,0,14,500,GROCERY,2026-07-23,2026-06-17,,UNKNOWN,https://fdc.nal.usda.gov/fdc-app.html#/food-details/2774010/nutrients
USDA-FDC-2774012,LA LECHERA Dolce De Lecha 6Pk Multi Pack Product Display Module (6x13.4oz) Cans,Société des Produits Nestlé S.A.,Milk/Milk Substitutes,US,028000565237,00028000565237,0,39,308,GROCERY,2026-07-23,2026-06-17,,UNKNOWN,https://fdc.nal.usda.gov/fdc-app.html#/food-details/2774012/nutrients
USDA-FDC-2774013,Morningstar Farms Breakfast Sausage Patties 16oz,Kellogg Company US,Vegetable Based Products / Meals,US,028989100900,00028989100900,0,38,211,GROCERY|ONLINE,2026-07-23,2026-06-09,,UNKNOWN,https://fdc.nal.usda.gov/fdc-app.html#/food-details/2774013/nutrients
USDA-FDC-2774014,Morningstar Farms Poultry Veggie Buffalo Chik 10oz,Kellogg Company US,Vegetable Based Products / Meals,US,028989101044,00028989101044,0,71,239,GROCERY|ONLINE,2026-07-23,2026-06-30,,UNKNOWN,https://fdc.nal.usda.gov/fdc-app.html#/food-details/2774014/nutrients
USDA-FDC-2774092,Kellogg's Cheez It Crackers Grooves Sharp White Cheddar 9oz,Kellogg Company US,Biscuits/Cookies,US,024100594757,00024100594757,0,29,483,CONVENIENCE|GROCERY|MILITARY|ONLINE,2026-07-23,2026-06-24,,UNKNOWN,https://fdc.nal.usda.gov/fdc-app.html#/food-details/2774092/nutrients
USDA-FDC-2774117,Kellogg's Cheez It Crackers Original 7oz,Kellogg Company US,Biscuits/Cookies,US,024100705665,00024100705665,0,30,500,CONVENIENCE|DRUG|FOOD_SERVICE|GROCERY|ONLINE,2026-07-23,2026-06-22,,UNKNOWN,https://fdc.nal.usda.gov/fdc-app.html#/food-details/2774117/nutrients
USDA-FDC-2774118,Kellogg's Cheez It Crackers White Cheddar 7oz,Kellogg Company US,Biscuits/Cookies,US,024100705719,00024100705719,0,30,500,CONVENIENCE|DRUG|FOOD_SERVICE|GROCERY|ONLINE,2026-07-23,2026-06-22,,UNKNOWN,https://fdc.nal.usda.gov/fdc-app.html#/food-details/2774118/nutrients
USDA-FDC-2774119,Kellogg's Cheez It Crackers White Cheddar 12.4oz,Kellogg Company US,Biscuits/Cookies,US,024100789382,00024100789382,0,30,500,FOOD_SERVICE|GROCERY|MASS_MERCHANDISING|MILITARY|ONLINE,2026-07-23,2026-06-22,,UNKNOWN,https://fdc.nal.usda.gov/fdc-app.html#/food-details/2774119/nutrients
USDA-FDC-2774145,Kellogg's Cheez It Crackers Whole Grain 12.4oz,Kellogg Company US,Biscuits/Cookies,US,024100789436,00024100789436,0,29,483,GROCERY|ONLINE,2026-07-23,2026-06-22,,UNKNOWN,https://fdc.nal.usda.gov/fdc-app.html#/food-details/2774145/nutrients
USDA-FDC-2774146,Kellogg's Cheez It Caddies Crackers Original 20oz,Kellogg Company US,Biscuits/Cookies,US,024100940592,00024100940592,0,28,500,GROCERY|ONLINE,2026-07-23,2026-06-24,,UNKNOWN,https://fdc.nal.usda.gov/fdc-app.html#/food-details/2774146/nutrients
USDA-FDC-2774168,"Crystal Light Drink Mix with Caffeine, 10 Packets, for Convenient On-the-Go Flavorful Hydration, Wild Strawberry artificial flavor, Zero Sugar, 1.1 oz",Kraft Foods Inc.,Non Alcoholic Beverages - Not Ready to Drink,US,043000017296,00043000017296,0,3.1099998951,322,GROCERY,2026-07-23,2026-06-11,,UNKNOWN,https://fdc.nal.usda.gov/fdc-app.html#/food-details/2774168/nutrients
USDA-FDC-2774171,"Jays Hotstuff Potato Chips, 2.5 oz Snack Bag",SNYDER'S-LANCE INC.,Snacks,US,041200104686,00041200104686,0,28,536,GROCERY,2026-07-23,2026-06-29,,UNKNOWN,https://fdc.nal.usda.gov/fdc-app.html#/food-details/2774171/nutrients
USDA-FDC-2774172,"Jays Original Potato Chips, 2.5 oz",SNYDER'S-LANCE INC.,Snacks,US,041200104693,00041200104693,0,28,536,GROCERY,2026-07-23,2026-06-29,,UNKNOWN,https://fdc.nal.usda.gov/fdc-app.html#/food-details/2774172/nutrients
USDA-FDC-2774173,"Jays Ridges Potato Chips, Smoky BBQ, 2.5 Oz Bag",SNYDER'S-LANCE INC.,Snacks,US,041200104709,00041200104709,0,28,536,GROCERY,2026-07-23,2026-06-29,,UNKNOWN,https://fdc.nal.usda.gov/fdc-app.html#/food-details/2774173/nutrients
USDA-FDC-2774174,"Jays Ridges Potato Chips, Cheddar and Sour Cream, 2.5 Oz Bag",SNYDER'S-LANCE INC.,Snacks,US,041200104723,00041200104723,0,28,536,GROCERY,2026-07-23,2026-06-29,,UNKNOWN,https://fdc.nal.usda.gov/fdc-app.html#/food-details/2774174/nutrients
USDA-FDC-2774175,"Jays Sour Cream and Onion Potato Chips, 2.5 Oz Snack Bag",SNYDER'S-LANCE INC.,Snacks,US,041200104730,00041200104730,0,28,500,GROCERY,2026-07-23,2026-06-29,,UNKNOWN,https://fdc.nal.usda.gov/fdc-app.html#/food-details/2774175/nutrients
USDA-FDC-2774176,"O-Ke-Doke Popcorn, Cheese Popcorn, 7.5 Oz Bag",SNYDER'S-LANCE INC.,Snacks,US,041200104822,00041200104822,0,28,536,GROCERY,2026-07-23,2026-06-29,,UNKNOWN,https://fdc.nal.usda.gov/fdc-app.html#/food-details/2774176/nutrients
USDA-FDC-2774177,"O-Ke-Doke Popcorn, Buttery Popcorn, 7.5 Oz Bag",SNYDER'S-LANCE INC.,Snacks,US,041200104839,00041200104839,0,28,536,GROCERY,2026-07-23,2026-06-29,,UNKNOWN,https://fdc.nal.usda.gov/fdc-app.html#/food-details/2774177/nutrients
USDA-FDC-2774178,"O-Ke-Doke Popcorn, White Cheddar Popcorn, 7.5 Oz Bag",SNYDER'S-LANCE INC.,Snacks,US,041200104846,00041200104846,0,28,500,GROCERY,2026-07-23,2026-06-29,,UNKNOWN,https://fdc.nal.usda.gov/fdc-app.html#/food-details/2774178/nutrients
USDA-FDC-2774179,"O-Ke-Doke Popcorn, Hot Stuff Cheese Popcorn, 7.5 Oz Bag",SNYDER'S-LANCE INC.,Snacks,US,041200104853,00041200104853,0,28,571,GROCERY,2026-07-23,2026-06-29,,UNKNOWN,https://fdc.nal.usda.gov/fdc-app.html#/food-details/2774179/nutrients
USDA-FDC-2774180,"O-Ke-Doke Popcorn, White Popcorn, 7.5 Oz Bag",SNYDER'S-LANCE INC.,Snacks,US,041200104877,00041200104877,0,28,607,GROCERY,2026-07-23,2026-06-29,,UNKNOWN,https://fdc.nal.usda.gov/fdc-app.html#/food-details/2774180/nutrients
USDA-FDC-2774181,"Jays Barbecue Flavored Potato Chips, 8 Oz Bag",SNYDER'S-LANCE INC.,Snacks,US,041200104914,00041200104914,0,28,536,GROCERY,2026-07-23,2026-06-29,,UNKNOWN,https://fdc.nal.usda.gov/fdc-app.html#/food-details/2774181/nutrients
USDA-FDC-2774182,"Jays Curly Waves Potato Chips, 8 Oz Bag",SNYDER'S-LANCE INC.,Snacks,US,041200104921,00041200104921,0,28,536,GROCERY,2026-07-23,2026-06-29,,UNKNOWN,https://fdc.nal.usda.gov/fdc-app.html#/food-details/2774182/nutrients
USDA-FDC-2774183,"Jays Hot Stuff Flavored Potato Chips, 8 Oz Bag",SNYDER'S-LANCE INC.,Snacks,US,041200104938,00041200104938,0,28,536,GROCERY,2026-07-23,2026-06-29,,UNKNOWN,https://fdc.nal.usda.gov/fdc-app.html#/food-details/2774183/nutrients
USDA-FDC-2774184,"Jays Original Potato Chips, 8 Oz Bag",SNYDER'S-LANCE INC.,Snacks,US,041200104945,00041200104945,0,28,536,GROCERY,2026-07-23,2026-06-29,,UNKNOWN,https://fdc.nal.usda.gov/fdc-app.html#/food-details/2774184/nutrients
USDA-FDC-2774185,"Jays Crispy Ridges Potato Chips, 8 Oz Bag",SNYDER'S-LANCE INC.,Snacks,US,041200104952,00041200104952,0,28,536,GROCERY,2026-07-23,2026-06-29,,UNKNOWN,https://fdc.nal.usda.gov/fdc-app.html#/food-details/2774185/nutrients
USDA-FDC-2774187,"Jays Ridges Smoky BBQ Flavored Potato Chips, 8 Oz Bag",SNYDER'S-LANCE INC.,Snacks,US,041200104976,00041200104976,0,28,536,GROCERY,2026-07-23,2026-06-29,,UNKNOWN,https://fdc.nal.usda.gov/fdc-app.html#/food-details/2774187/nutrients
USDA-FDC-2774188,"Jays Ridges Cheddar & Sour Cream Flavored Potato Chips, 8 Oz Bag",SNYDER'S-LANCE INC.,Snacks,US,041200104983,00041200104983,0,28,536,GROCERY,2026-07-23,2026-06-29,,UNKNOWN,https://fdc.nal.usda.gov/fdc-app.html#/food-details/2774188/nutrients
USDA-FDC-2774192,"Jays BBQ Potato Chips, 2.5 Oz Bag",SNYDER'S-LANCE INC.,Snacks,US,041200104662,00041200104662,0,28,536,GROCERY,2026-07-23,2026-06-29,,UNKNOWN,https://fdc.nal.usda.gov/fdc-app.html#/food-details/2774192/nutrients
USDA-FDC-2774194,"Krunchers! Kettle Cooked Potato Chips, Sweet Hawaiian Style Onion, 2.5 Oz Snack Bag",SNYDER'S-LANCE INC.,Snacks,US,041200104655,00041200104655,0,28,464,GROCERY,2026-07-23,2026-06-29,,UNKNOWN,https://fdc.nal.usda.gov/fdc-app.html#/food-details/2774194/nutrients
USDA-FDC-2774195,"Krunchers! Kettle Cooked Potato Chips, Jalapeno Flavored Chips, 2.5 Oz Snack Bag",SNYDER'S-LANCE INC.,Snacks,US,041200104631,00041200104631,0,28,464,GROCERY,2026-07-23,2026-06-29,,UNKNOWN,https://fdc.nal.usda.gov/fdc-app.html#/food-details/2774195/nutrients
USDA-FDC-2774197,"Jays Potato Chips, BBQ, 10 Oz Bag",SNYDER'S-LANCE INC.,Snacks,US,041200034150,00041200034150,0,28,536,GROCERY,2026-07-23,2026-06-29,,UNKNOWN,https://fdc.nal.usda.gov/fdc-app.html#/food-details/2774197/nutrients
USDA-FDC-2774198,"Jays Potato Chips, Hot Stuff, 10 Oz Bag",SNYDER'S-LANCE INC.,Snacks,US,041200034167,00041200034167,0,28,536,GROCERY,2026-07-23,2026-06-29,,UNKNOWN,https://fdc.nal.usda.gov/fdc-app.html#/food-details/2774198/nutrients
USDA-FDC-2774199,"Jays Potato Chips, Curly Waves, 10 Oz Bag",SNYDER'S-LANCE INC.,Snacks,US,041200034174,00041200034174,0,28,536,GROCERY,2026-07-23,2026-06-29,,UNKNOWN,https://fdc.nal.usda.gov/fdc-app.html#/food-details/2774199/nutrients
USDA-FDC-2774200,"Jays Potato Chips, Crispy Ridges, 10 Oz Bag",SNYDER'S-LANCE INC.,Snacks,US,041200034181,00041200034181,0,28,536,GROCERY,2026-07-23,2026-06-29,,UNKNOWN,https://fdc.nal.usda.gov/fdc-app.html#/food-details/2774200/nutrients
USDA-FDC-2774201,"Jays Ridges Potato Chips, Smoky BBQ, 10 Oz Bag",SNYDER'S-LANCE INC.,Snacks,US,041200034198,00041200034198,0,28,536,GROCERY,2026-07-23,2026-06-29,,UNKNOWN,https://fdc.nal.usda.gov/fdc-app.html#/food-details/2774201/nutrients
USDA-FDC-2774202,"Jays Ridges Potato Chips, Cheddar and Sour Cream, 10 Oz Bag",SNYDER'S-LANCE INC.,Snacks,US,041200034204,00041200034204,0,28,536,GROCERY,2026-07-23,2026-06-29,,UNKNOWN,https://fdc.nal.usda.gov/fdc-app.html#/food-details/2774202/nutrients
USDA-FDC-2774203,"Jays Potato Chips, Sour Cream and Onion Ridges, 10 Oz Bag",SNYDER'S-LANCE INC.,Snacks,US,041200034211,00041200034211,0,28,500,GROCERY,2026-07-23,2026-06-29,,UNKNOWN,https://fdc.nal.usda.gov/fdc-app.html#/food-details/2774203/nutrients
USDA-FDC-2774204,"Krunchers! Kettle Cooked Potato Chips, Jalapeno Flavored Chips, 1 Oz Bag",SNYDER'S-LANCE INC.,Snacks,US,041200096684,00041200096684,0,28,464,GROCERY,2026-07-23,2026-06-29,,UNKNOWN,https://fdc.nal.usda.gov/fdc-app.html#/food-details/2774204/nutrients
USDA-FDC-2774205,"Jays Potato Chips, No Salt, 8 Oz Bag",SNYDER'S-LANCE INC.,Snacks,US,041200097940,00041200097940,0,28,571,GROCERY,2026-07-23,2026-06-29,,UNKNOWN,https://fdc.nal.usda.gov/fdc-app.html#/food-details/2774205/nutrients
USDA-FDC-2774206,"Krunchers! Kettle Cooked Potato Chips, Original Chips, 8.5 Oz Bag",SNYDER'S-LANCE INC.,Snacks,US,041200098916,00041200098916,0,28,500,GROCERY,2026-07-23,2026-06-29,,UNKNOWN,https://fdc.nal.usda.gov/fdc-app.html#/food-details/2774206/nutrients
USDA-FDC-2774207,"Krunchers! Kettle Cooked Potato Chips, Sweet Hawaiian Style Onion Chips, 8 Oz Bag",SNYDER'S-LANCE INC.,Snacks,US,041200098923,00041200098923,0,28,464,GROCERY,2026-07-23,2026-06-29,,UNKNOWN,https://fdc.nal.usda.gov/fdc-app.html#/food-details/2774207/nutrients
USDA-FDC-2774208,"Krunchers! Kettle Cooked Potato Chips, Jalapeno Flavored Chips, 8 Oz Bag",SNYDER'S-LANCE INC.,Snacks,US,041200098930,00041200098930,0,28,464,GROCERY,2026-07-23,2026-06-29,,UNKNOWN,https://fdc.nal.usda.gov/fdc-app.html#/food-details/2774208/nutrients
USDA-FDC-2774209,"Krunchers! Kettle Cooked Potato Chips, Mesquite BBQ, 8 Oz Bag",SNYDER'S-LANCE INC.,Snacks,US,041200098947,00041200098947,0,28,464,GROCERY,2026-07-23,2026-06-29,,UNKNOWN,https://fdc.nal.usda.gov/fdc-app.html#/food-details/2774209/nutrients
USDA-FDC-2774210,"Krunchers! Kettle Cooked Potato Chips, Kosher Dill Flavored Chips, 8 Oz Bag",SNYDER'S-LANCE INC.,Snacks,US,041200098961,00041200098961,0,28,464,GROCERY,2026-07-23,2026-06-29,,UNKNOWN,https://fdc.nal.usda.gov/fdc-app.html#/food-details/2774210/nutrients
USDA-FDC-2774211,"Jays Hot Stuff Potato Chips, 5.5 Oz Bag",SNYDER'S-LANCE INC.,Snacks,US,041200104518,00041200104518,0,28,536,GROCERY,2026-07-23,2026-06-29,,UNKNOWN,https://fdc.nal.usda.gov/fdc-app.html#/food-details/2774211/nutrients
USDA-FDC-2774212,"Jays BBQ Potato Chips, 5.5 Oz Bag",SNYDER'S-LANCE INC.,Snacks,US,041200104525,00041200104525,0,28,536,GROCERY,2026-07-23,2026-06-29,,UNKNOWN,https://fdc.nal.usda.gov/fdc-app.html#/food-details/2774212/nutrients
USDA-FDC-2774213,"Jays Original Potato Chips, 5.5 Oz Bag",SNYDER'S-LANCE INC.,Snacks,US,041200104532,00041200104532,0,28,536,GROCERY,2026-07-23,2026-06-29,,UNKNOWN,https://fdc.nal.usda.gov/fdc-app.html#/food-details/2774213/nutrients
USDA-FDC-2774216,"Kruncher's! Kettle Cooked Potato Chips, Mesquite BBQ Flavored Chips, 2.5 Oz Bag",SNYDER'S-LANCE INC.,Snacks,US,041200104624,00041200104624,0,28,464,GROCERY,2026-07-23,2026-06-29,,UNKNOWN,https://fdc.nal.usda.gov/fdc-app.html#/food-details/2774216/nutrients
USDA-FDC-2774217,"Krunchers! Kettle Cooked Potato Chips, Kosher Dill Flavored Chips, 2.5 Oz Snack Bag",SNYDER'S-LANCE INC.,Snacks,US,041200104648,00041200104648,0,28,464,GROCERY,2026-07-23,2026-06-29,,UNKNOWN,https://fdc.nal.usda.gov/fdc-app.html#/food-details/2774217/nutrients
USDA-FDC-2774218,"Jays Original Potato Chips, 1.25 Oz Snack Bag",SNYDER'S-LANCE INC.,Snacks,US,041200033719,00041200033719,0,35,543,GROCERY,2026-07-23,2026-06-29,,UNKNOWN,https://fdc.nal.usda.gov/fdc-app.html#/food-details/2774218/nutrients
USDA-FDC-2774221,"Pace Chunky Medium Salsa, 38 oz Bottle (2 Pack)",CAMPBELL SOUP COMPANY,Sauces/Spreads/Dips/Condiments,US,041565188369,00041565188369,0,32,31,GROCERY,2026-07-23,2026-06-29,,UNKNOWN,https://fdc.nal.usda.gov/fdc-app.html#/food-details/2774221/nutrients
USDA-FDC-2774222,"Pace Medium Picante Sauce, 38 oz Jar (Pack of 2)",CAMPBELL SOUP COMPANY,Sauces/Spreads/Dips/Condiments,US,041565188383,00041565188383,0,32,31,GROCERY,2026-07-23,2026-06-29,,UNKNOWN,https://fdc.nal.usda.gov/fdc-app.html#/food-details/2774222/nutrients
USDA-FDC-2774223,"Pace Medium Salsa con Queso Dip, 15 oz Jar",CAMPBELL SOUP COMPANY,Sauces/Spreads/Dips/Condiments,US,041565193110,00041565193110,0,32,125,GROCERY,2026-07-23,2026-06-29,,UNKNOWN,https://fdc.nal.usda.gov/fdc-app.html#/food-details/2774223/nutrients
USDA-FDC-2774224,"Pace Restaurant Style Original Recipe Medium Salsa, 16 oz Jar",CAMPBELL SOUP COMPANY,Sauces/Spreads/Dips/Condiments,US,041565193882,00041565193882,0,32,31,GROCERY,2026-07-23,2026-06-29,,UNKNOWN,https://fdc.nal.usda.gov/fdc-app.html#/food-details/2774224/nutrients
USDA-FDC-2774225,"Pace Medium Queso Blanco Cheese Dip, 15 oz Jar",CAMPBELL SOUP COMPANY,Sauces/Spreads/Dips/Condiments,US,041565227419,00041565227419,0,32,141,GROCERY,2026-07-23,2026-06-29,,UNKNOWN,https://fdc.nal.usda.gov/fdc-app.html#/food-details/2774225/nutrients
USDA-FDC-2774226,"Pace Chunky Hot Salsa, 24 oz Jar",CAMPBELL SOUP COMPANY,Sauces/Spreads/Dips/Condiments,US,041565246120,00041565246120,0,32,31,GROCERY,2026-07-23,2026-06-29,,UNKNOWN,https://fdc.nal.usda.gov/fdc-app.html#/food-details/2774226/nutrients
USDA-FDC-2774227,PACE CONDIMENTS SALSA VERDE,CAMPBELL SOUP COMPANY,Sauces/Spreads/Dips/Condiments,US,041565275076,00041565275076,0,32,31,GROCERY,2026-07-23,2026-06-29,,UNKNOWN,https://fdc.nal.usda.gov/fdc-app.html#/food-details/2774227/nutrients
USDA-FDC-2774228,"Pace Medium Nacho Cheese Sauce, 10.5 oz Can",CAMPBELL SOUP COMPANY,Sauces/Spreads/Dips/Condiments,US,041565285129,00041565285129,0,62,81,GROCERY,2026-07-23,2026-06-29,,UNKNOWN,https://fdc.nal.usda.gov/fdc-app.html#/food-details/2774228/nutrients
USDA-FDC-2774229,"Pace Mild Nacho Cheese Sauce, 10.5 oz Can",CAMPBELL SOUP COMPANY,Sauces/Spreads/Dips/Condiments,US,041565285136,00041565285136,0,62,81,GROCERY,2026-07-23,2026-06-29,,UNKNOWN,https://fdc.nal.usda.gov/fdc-app.html#/food-details/2774229/nutrients
USDA-FDC-2774230,"Pace Ghost Pepper Habanero Extra Hot Salsa, 16 oz Jar",CAMPBELL SOUP COMPANY,Sauces/Spreads/Dips/Condiments,US,041565287352,00041565287352,0,32,31,GROCERY,2026-07-23,2026-06-29,,UNKNOWN,https://fdc.nal.usda.gov/fdc-app.html#/food-details/2774230/nutrients
USDA-FDC-2774233,"Pace Signature Sauces Hot Honey Chipotle Sauce, 11.1 oz Bottle",CAMPBELL SOUP COMPANY,Sauces/Spreads/Dips/Condiments,US,041565290925,00041565290925,0,16.3999996185,61,GROCERY,2026-07-23,2026-06-18,,UNKNOWN,https://fdc.nal.usda.gov/fdc-app.html#/food-details/2774233/nutrients
USDA-FDC-2774234,"Pace Queso Blanco Dip, Cheese Dip, 11 oz Microwavable Bowl",CAMPBELL SOUP COMPANY,Sauces/Spreads/Dips/Condiments,US,041565291229,00041565291229,0,30,100,GROCERY,2026-07-23,2026-06-29,,UNKNOWN,https://fdc.nal.usda.gov/fdc-app.html#/food-details/2774234/nutrients
USDA-FDC-2774235,"Pace Salsa Con Queso Dip, Cheese Dip, 11 oz Microwavable Bowl",CAMPBELL SOUP COMPANY,Sauces/Spreads/Dips/Condiments,US,041565291236,00041565291236,0,30,83,GROCERY,2026-07-23,2026-06-29,,UNKNOWN,https://fdc.nal.usda.gov/fdc-app.html#/food-details/2774235/nutrients
USDA-FDC-2774237,"Pace Restaurant Style Chile de Arbol Hot Salsa, 16 oz Jar",CAMPBELL SOUP COMPANY,Sauces/Spreads/Dips/Condiments,US,041565293025,00041565293025,0,32,31,GROCERY,2026-07-23,2026-06-29,,UNKNOWN,https://fdc.nal.usda.gov/fdc-app.html#/food-details/2774237/nutrients
USDA-FDC-2774238,"Pace Balsamic Strawberry Jalapeno Salsa, 16 Oz Jar",CAMPBELL SOUP COMPANY,Sauces/Spreads/Dips/Condiments,US,041565294800,00041565294800,0,32,47,GROCERY,2026-07-23,2026-06-29,,UNKNOWN,https://fdc.nal.usda.gov/fdc-app.html#/food-details/2774238/nutrients
USDA-FDC-2774239,"Pace Mild Nacho Cheese Sauce, 22 Oz",CAMPBELL SOUP COMPANY,Sauces/Spreads/Dips/Condiments,US,041565296217,00041565296217,0,62,81,GROCERY,2026-07-23,2026-06-29,,UNKNOWN,https://fdc.nal.usda.gov/fdc-app.html#/food-details/2774239/nutrients
USDA-FDC-2774240,"Pace Chipotle Picante Sauce, 16 Oz Jar",CAMPBELL SOUP COMPANY,Sauces/Spreads/Dips/Condiments,US,041565297405,00041565297405,0,32,31,GROCERY,2026-07-23,2026-06-29,,UNKNOWN,https://fdc.nal.usda.gov/fdc-app.html#/food-details/2774240/nutrients
USDA-FDC-2774241,"Crystal Light Sugar Free Grape Powdered Energy Drink Mix, 10 ct - Packets",Kraft Foods Inc.,Non Alcoholic Beverages - Not Ready to Drink,US,043000000380,00043000000380,0,3.09999990463,323,GROCERY,2026-07-23,2026-06-22,,UNKNOWN,https://fdc.nal.usda.gov/fdc-app.html#/food-details/2774241/nutrients
USDA-FDC-2774242,"Pace Chunky Medium Salsa, 38 oz Bottle",CAMPBELL SOUP COMPANY,Sauces/Spreads/Dips/Condiments,US,041565188338,00041565188338,0,32,31,GROCERY,2026-07-23,2026-06-29,,UNKNOWN,https://fdc.nal.usda.gov/fdc-app.html#/food-details/2774242/nutrients
USDA-FDC-2774244,"Pace Medium Picante Sauce, 138 oz Jug",CAMPBELL SOUP COMPANY,Sauces/Spreads/Dips/Condiments,US,041565149629,00041565149629,0,32,31,CHILD_NUTRITION_FOOD_PROGRAMS|GROCERY,2026-07-23,2026-06-29,,UNKNOWN,https://fdc.nal.usda.gov/fdc-app.html#/food-details/2774244/nutrients
USDA-FDC-2774245,"Pace Chunky Medium Salsa, 64 oz Bottle",CAMPBELL SOUP COMPANY,Sauces/Spreads/Dips/Condiments,US,041565141647,00041565141647,0,32,31,GROCERY,2026-07-23,2026-06-29,,UNKNOWN,https://fdc.nal.usda.gov/fdc-app.html#/food-details/2774245/nutrients
USDA-FDC-2774252,"Pace Medium Picante Sauce, 16 oz Jar",CAMPBELL SOUP COMPANY,Sauces/Spreads/Dips/Condiments,US,041565000067,00041565000067,0,32,31,GROCERY,2026-07-23,2026-06-29,,UNKNOWN,https://fdc.nal.usda.gov/fdc-app.html#/food-details/2774252/nutrients
USDA-FDC-2774253,"Pace Mild Picante Sauce, 16 oz Jar",CAMPBELL SOUP COMPANY,Sauces/Spreads/Dips/Condiments,US,041565000173,00041565000173,0,32,31,GROCERY,2026-07-23,2026-06-29,,UNKNOWN,https://fdc.nal.usda.gov/fdc-app.html#/food-details/2774253/nutrients
USDA-FDC-2774254,"Pace Hot Picante Sauce, 16 oz Jar",CAMPBELL SOUP COMPANY,Sauces/Spreads/Dips/Condiments,US,041565000197,00041565000197,0,32,31,GROCERY,2026-07-23,2026-06-29,,UNKNOWN,https://fdc.nal.usda.gov/fdc-app.html#/food-details/2774254/nutrients
USDA-FDC-2774255,"Pace Medium Picante Sauce, 24 oz Jar",CAMPBELL SOUP COMPANY,Sauces/Spreads/Dips/Condiments,US,041565000241,00041565000241,0,32,31,GROCERY,2026-07-23,2026-06-29,,UNKNOWN,https://fdc.nal.usda.gov/fdc-app.html#/food-details/2774255/nutrients
USDA-FDC-2774256,"Pace Mild Picante Sauce, 24 oz Jar",CAMPBELL SOUP COMPANY,Sauces/Spreads/Dips/Condiments,US,041565000272,00041565000272,0,32,31,GROCERY,2026-07-23,2026-06-29,,UNKNOWN,https://fdc.nal.usda.gov/fdc-app.html#/food-details/2774256/nutrients
USDA-FDC-2774257,"Pace Hot Picante Sauce, 24 oz Jar",CAMPBELL SOUP COMPANY,Sauces/Spreads/Dips/Condiments,US,041565000296,00041565000296,0,32,31,GROCERY,2026-07-23,2026-06-29,,UNKNOWN,https://fdc.nal.usda.gov/fdc-app.html#/food-details/2774257/nutrients
USDA-FDC-2774258,"Pace Mild Picante Sauce, 64 oz Bottle",CAMPBELL SOUP COMPANY,Sauces/Spreads/Dips/Condiments,US,041565000579,00041565000579,0,32,31,GROCERY,2026-07-23,2026-06-29,,UNKNOWN,https://fdc.nal.usda.gov/fdc-app.html#/food-details/2774258/nutrients
USDA-FDC-2774259,"Pace Medium Picante Sauce, 64 oz Bottle",CAMPBELL SOUP COMPANY,Sauces/Spreads/Dips/Condiments,US,041565000586,00041565000586,0,32,31,GROCERY,2026-07-23,2026-06-29,,UNKNOWN,https://fdc.nal.usda.gov/fdc-app.html#/food-details/2774259/nutrients
USDA-FDC-2774260,"Pace Chunky Mild Salsa, 15 oz Jar",CAMPBELL SOUP COMPANY,Sauces/Spreads/Dips/Condiments,US,041565140152,00041565140152,0,32,31,GROCERY,2026-07-23,2026-06-29,,UNKNOWN,https://fdc.nal.usda.gov/fdc-app.html#/food-details/2774260/nutrients
USDA-FDC-2774261,"Pace Chunky Mild Salsa, 16 oz Jar",CAMPBELL SOUP COMPANY,Sauces/Spreads/Dips/Condiments,US,041565140169,00041565140169,0,32,31,GROCERY,2026-07-23,2026-06-29,,UNKNOWN,https://fdc.nal.usda.gov/fdc-app.html#/food-details/2774261/nutrients
USDA-FDC-2774262,"Pace Chunky Mild Salsa, 24 oz Jar",CAMPBELL SOUP COMPANY,Sauces/Spreads/Dips/Condiments,US,041565140244,00041565140244,0,32,31,GROCERY,2026-07-23,2026-06-29,,UNKNOWN,https://fdc.nal.usda.gov/fdc-app.html#/food-details/2774262/nutrients
USDA-FDC-2774263,"Pace Chunky Mild Salsa, 64 oz Bottle",CAMPBELL SOUP COMPANY,Sauces/Spreads/Dips/Condiments,US,041565140640,00041565140640,0,32,31,GROCERY,2026-07-23,2026-06-29,,UNKNOWN,https://fdc.nal.usda.gov/fdc-app.html#/food-details/2774263/nutrients
USDA-FDC-2774264,"Pace Chunky Medium Salsa, 15 oz Jar",CAMPBELL SOUP COMPANY,Sauces/Spreads/Dips/Condiments,US,041565141159,00041565141159,0,32,31,GROCERY,2026-07-23,2026-06-29,,UNKNOWN,https://fdc.nal.usda.gov/fdc-app.html#/food-details/2774264/nutrients
USDA-FDC-2774265,"Pace Chunky Medium Salsa, 16 oz Jar",CAMPBELL SOUP COMPANY,Sauces/Spreads/Dips/Condiments,US,041565141166,00041565141166,0,32,31,GROCERY,2026-07-23,2026-06-29,,UNKNOWN,https://fdc.nal.usda.gov/fdc-app.html#/food-details/2774265/nutrients
USDA-FDC-2774266,"Pace Chunky Medium Salsa, 24 oz Jar",CAMPBELL SOUP COMPANY,Sauces/Spreads/Dips/Condiments,US,041565141241,00041565141241,0,32,31,GROCERY,2026-07-23,2026-06-29,,UNKNOWN,https://fdc.nal.usda.gov/fdc-app.html#/food-details/2774266/nutrients
USDA-FDC-2774267,"Pace Chunky Hot Salsa, 16 oz Jar",CAMPBELL SOUP COMPANY,Sauces/Spreads/Dips/Condiments,US,041565142163,00041565142163,0,32,31,GROCERY,2026-07-23,2026-06-29,,UNKNOWN,https://fdc.nal.usda.gov/fdc-app.html#/food-details/2774267/nutrients
USDA-FDC-2774268,"Jays Potato Chips, BBQ, 1.25 Oz Snack Bag",SNYDER'S-LANCE INC.,Snacks,US,041200033689,00041200033689,0,35,543,GROCERY,2026-07-23,2026-06-29,,UNKNOWN,https://fdc.nal.usda.gov/fdc-app.html#/food-details/2774268/nutrients
USDA-FDC-2774269,"Jays Hot Stuff Potato Chips, 1.25 oz Snack Bag",SNYDER'S-LANCE INC.,Snacks,US,041200033672,00041200033672,0,35,514,GROCERY,2026-07-23,2026-06-29,,UNKNOWN,https://fdc.nal.usda.gov/fdc-app.html#/food-details/2774269/nutrients
USDA-FDC-2774270,"Jays Ridges Potato Chips, Smoky BBQ, 1.25 Oz Snack Bag",SNYDER'S-LANCE INC.,Snacks,US,041200033665,00041200033665,0,35,486,GROCERY,2026-07-23,2026-06-29,,UNKNOWN,https://fdc.nal.usda.gov/fdc-app.html#/food-details/2774270/nutrients
USDA-FDC-2774286,Kellogg's Eggo French Toast French Toaster Sticks Original 12.7oz,Kellogg Company US,Sweet Bakery Products,US,038000051999,00038000051999,0,90,233,GROCERY|ONLINE,2026-07-23,2026-06-02,,UNKNOWN,https://fdc.nal.usda.gov/fdc-app.html#/food-details/2774286/nutrients
USDA-FDC-2774287,Kellogg's Nutri-Grain Cereal Bars Blueberry 20.8oz,Kellogg Company US,Processed Cereal Products,US,038000113376,00038000113376,0,37,351,GROCERY|ONLINE,2026-07-23,2026-06-03,,UNKNOWN,https://fdc.nal.usda.gov/fdc-app.html#/food-details/2774287/nutrients
USDA-FDC-2774288,Pringles Crisps Cheddar Cheese 7.1oz,Kellogg Company US,Snacks,US,038000175916,00038000175916,0,28,536,CONVENIENCE|DRUG|GROCERY|MASS_MERCHANDISING|ONLINE,2026-07-23,2026-06-09,,UNKNOWN,https://fdc.nal.usda.gov/fdc-app.html#/food-details/2774288/nutrients
USDA-FDC-2774289,Kellogg's Eggo Pancakes Buttermilk 14.1oz,Kellogg Company US,Sweet Bakery Products,US,038000260667,00038000260667,0,110,245,CONVENIENCE|FOOD_SERVICE|GROCERY|ONLINE,2026-07-23,2026-06-02,,UNKNOWN,https://fdc.nal.usda.gov/fdc-app.html#/food-details/2774289/nutrients
USDA-FDC-2774290,Kellogg's Pop-Tarts Frosted Blueberry 20.3oz,Kellogg Company US,Sweet Bakery Products,US,038000310300,00038000310300,0,96,385,CONVENIENCE|DRUG|FOOD_SERVICE|GROCERY|MILITARY|ONLINE|VENDING,2026-07-23,2026-06-29,,UNKNOWN,https://fdc.nal.usda.gov/fdc-app.html#/food-details/2774290/nutrients
USDA-FDC-2774293,Kellogg's Nutri-Grain Cereal Bars Raspberry 10.4oz,Kellogg Company US,Processed Cereal Products,US,038000358005,00038000358005,0,37,351,CONVENIENCE|GROCERY|ONLINE|VENDING,2026-07-23,2026-06-03,,UNKNOWN,https://fdc.nal.usda.gov/fdc-app.html#/food-details/2774293/nutrients
USDA-FDC-2774318,Kellogg's Nutri-Grain Cereal Bars Raspberry 1.3oz,Kellogg Company US,Processed Cereal Products,US,038000358210,00038000358210,0,37,351,CHILD_NUTRITION_FOOD_PROGRAMS|CONVENIENCE|FOOD_SERVICE|GROCERY|ONLINE|VENDING,2026-07-23,2026-06-09,,UNKNOWN,https://fdc.nal.usda.gov/fdc-app.html#/food-details/2774318/nutrients
USDA-FDC-2774323,Sun-Maid California Sun-Dried Raisins 9oz Bag in a Box,Sun-Maid Growers,Fruit - Prepared/Processed,US,041143024508,00041143024508,0,40,300,CONVENIENCE|FOOD_SERVICE|GROCERY|ONLINE,2026-07-23,2026-06-16,,UNKNOWN,https://fdc.nal.usda.gov/fdc-app.html#/food-details/2774323/nutrients
USDA-FDC-2774325,"Sun-Maid Chrctr Prngs Apricot, Blueberry & Van Yog Rsn 3-Pk/1.5oz Pch",Sun-Maid Growers of California,Fruit - Prepared/Processed,US,041143074039,00041143074039,0,43,233,CONVENIENCE|FOOD_SERVICE|GROCERY,2026-07-23,2026-06-08,,UNKNOWN,https://fdc.nal.usda.gov/fdc-app.html#/food-details/2774325/nutrients
USDA-FDC-2774326,"Sun-Maid Chrctr Prngs Cranby, Cherry & Choc Yog Raisin 3 Pk/1.5oz Pch",Sun-Maid Growers of California,Fruit - Prepared/Processed,US,041143074046,00041143074046,0,43,326,CONVENIENCE|FOOD_SERVICE|GROCERY,2026-07-23,2026-06-08,,UNKNOWN,https://fdc.nal.usda.gov/fdc-app.html#/food-details/2774326/nutrients
USDA-FDC-2774327,"Sun-Maid Chrctr Prngs Apricot, Blueberry & Cranberry 3-Pk/1.5oz Pch",Sun-Maid Growers of California,Fruit - Prepared/Processed,US,041143074053,00041143074053,0,43,233,CONVENIENCE|FOOD_SERVICE|GROCERY,2026-07-23,2026-06-05,,UNKNOWN,https://fdc.nal.usda.gov/fdc-app.html#/food-details/2774327/nutrients
USDA-FDC-2774328,"Sun-Maid Chrctr Prngs Dried Chry, Bna Chp & Chc Yog Rsns 3-Pack",Sun-Maid Growers of California,Fruit - Prepared/Processed,US,041143074060,00041143074060,0,43,326,CONVENIENCE|FOOD_SERVICE|GROCERY,2026-07-23,2026-06-08,,UNKNOWN,https://fdc.nal.usda.gov/fdc-app.html#/food-details/2774328/nutrients
USDA-FDC-2774330,Sun-Maid California Sun-Dried Raisins 12oz Bag in a Box,Sun-Maid Growers,Fruit - Prepared/Processed,US,041143124604,00041143124604,0,40,300,CONVENIENCE|FOOD_SERVICE|GROCERY|ONLINE,2026-07-23,2026-06-26,,UNKNOWN,https://fdc.nal.usda.gov/fdc-app.html#/food-details/2774330/nutrients
USDA-FDC-2774338,"O-ke-Doke Popcorn, Hot Cheese Popcorn, 0.625 Oz Bag",SNYDER'S-LANCE INC.,Snacks,US,041200033610,00041200033610,0,17,588,GROCERY,2026-07-23,2026-06-29,,UNKNOWN,https://fdc.nal.usda.gov/fdc-app.html#/food-details/2774338/nutrients
USDA-FDC-2774339,"O-Ke-Doke Popcorn, Cheese Popcorn, 0.625 Oz Bag",SNYDER'S-LANCE INC.,Snacks,US,041200033627,00041200033627,0,17,588,GROCERY,2026-07-23,2026-06-29,,UNKNOWN,https://fdc.nal.usda.gov/fdc-app.html#/food-details/2774339/nutrients
USDA-FDC-2774340,"Jays Potato Chips, Ridges Sour Cream and Onion, 1.25 Oz Snack Bag",SNYDER'S-LANCE INC.,Snacks,US,041200033641,00041200033641,0,35,543,GROCERY,2026-07-23,2026-06-29,,UNKNOWN,https://fdc.nal.usda.gov/fdc-app.html#/food-details/2774340/nutrients
USDA-FDC-2774341,"Jays Ridges Potato Chips, Cheddar and Sour Cream, 1.25 Oz Bag",SNYDER'S-LANCE INC.,Snacks,US,041200033658,00041200033658,0,35,514,GROCERY,2026-07-23,2026-06-29,,UNKNOWN,https://fdc.nal.usda.gov/fdc-app.html#/food-details/2774341/nutrients
USDA-FDC-2774343,LIBBY'S Pumpkin Bread Kit with Icing Mix 57.75 Ounce Box,Société des Produits Nestlé S.A.,Desserts/Dessert Sauces/Toppings,US,039000983389,00039000983389,0,40,275,GROCERY,2026-07-23,2026-06-23,,UNKNOWN,https://fdc.nal.usda.gov/fdc-app.html#/food-details/2774343/nutrients
USDA-FDC-2774346,Kellogg's Nutri-Grain Cereal Bars Strawberry 1.3oz,Kellogg Company US,Processed Cereal Products,US,038000359217,00038000359217,0,37,351,CHILD_NUTRITION_FOOD_PROGRAMS|CONVENIENCE|DRUG|FOOD_SERVICE|GROCERY|MASS_MERCHANDISING|ONLINE|VENDING,2026-07-23,2026-06-09,,UNKNOWN,https://fdc.nal.usda.gov/fdc-app.html#/food-details/2774346/nutrients
USDA-FDC-2774349,Kellogg's Nutri-Grain Cereal Bars Cherry 1.3oz,Kellogg Company US,Processed Cereal Products,US,038000367212,00038000367212,0,37,351,GROCERY|ONLINE,2026-07-23,2026-06-09,,UNKNOWN,https://fdc.nal.usda.gov/fdc-app.html#/food-details/2774349/nutrients
USDA-FDC-2774350,Kellogg's Eggo Waffles Homestyle 12.3oz,Kellogg Company US,Sweet Bakery Products,US,038000402609,00038000402609,0,70,257,FOOD_SERVICE|GROCERY|MASS_MERCHANDISING|ONLINE,2026-07-23,2026-06-15,,UNKNOWN,https://fdc.nal.usda.gov/fdc-app.html#/food-details/2774350/nutrients
USDA-FDC-2774351,Kellogg's Eggo Waffles Buttermilk 12.3oz,Kellogg Company US,Sweet Bakery Products,US,038000402906,00038000402906,0,70,257,CONVENIENCE|FOOD_SERVICE|GROCERY|ONLINE,2026-07-23,2026-06-15,,UNKNOWN,https://fdc.nal.usda.gov/fdc-app.html#/food-details/2774351/nutrients
USDA-FDC-2774352,Kellogg's Eggo Waffles Blueberry 12.3oz,Kellogg Company US,Sweet Bakery Products,US,038000403200,00038000403200,0,70,257,CONVENIENCE|FOOD_SERVICE|GROCERY|ONLINE,2026-07-23,2026-06-15,,UNKNOWN,https://fdc.nal.usda.gov/fdc-app.html#/food-details/2774352/nutrients
USDA-FDC-2774360,Pringles Crisps Original 2.3oz,Kellogg Company US,Snacks,US,038000845246,00038000845246,0,28,536,CASH_AND_CARRY|CONVENIENCE|DRUG|FOOD_SERVICE|GROCERY|ONLINE|SPECIALTY_RETAIL|VENDING,2026-07-23,2026-06-22,,UNKNOWN,https://fdc.nal.usda.gov/fdc-app.html#/food-details/2774360/nutrients
USDA-FDC-2774361,Pringles Crisps Sour Cream & Onion 2.5oz,Kellogg Company US,Snacks,US,038000845253,00038000845253,0,28,536,CASH_AND_CARRY|CONVENIENCE|DRUG|FOOD_SERVICE|GROCERY|ONLINE|SPECIALTY_RETAIL|VENDING,2026-07-23,2026-06-22,,UNKNOWN,https://fdc.nal.usda.gov/fdc-app.html#/food-details/2774361/nutrients
USDA-FDC-2774362,Pringles Crisps Cheddar Cheese 2.5oz,Kellogg Company US,Snacks,US,038000845260,00038000845260,0,28,536,CONVENIENCE|DRUG|FOOD_SERVICE|GROCERY|ONLINE|VENDING,2026-07-23,2026-06-22,,UNKNOWN,https://fdc.nal.usda.gov/fdc-app.html#/food-details/2774362/nutrients
USDA-FDC-2774363,Pringles Crisps Snack Stacks Original 8oz,Kellogg Company US,Snacks,US,038000845772,00038000845772,0,19,526,FOOD_SERVICE|GROCERY|ONLINE,2026-07-23,2026-06-29,,UNKNOWN,https://fdc.nal.usda.gov/fdc-app.html#/food-details/2774363/nutrients
USDA-FDC-2774366,LIBBY'S Easy Pumpkin Pie Mix 30 oz. Can,Société des Produits Nestlé S.A.,Baking/Cooking Mixes/Supplies,US,039000045216,00039000045216,0,87,92,GROCERY,2026-07-23,2026-06-16,,UNKNOWN,https://fdc.nal.usda.gov/fdc-app.html#/food-details/2774366/nutrients
